Track URI,ISRC,Track Name,Album Name,Artist Name(s),Release Date,Duration (ms),Popularity,Explicit,Added By,Added At,Genres,Record Label,Danceability,Energy,Key,Loudness,Mode,Speechiness,Acousticness,Instrumentalness,Liveness,Valence,Tempo,Time Signature
spotify:track:7mTOeGfsxp8WXvVLL2B76c,UKELY2100063,right here,right here,Lil Peep;Horse Head,2016-11-15,176906,72,true,dy3capua3h7iz6vjq1bo02tbz,2024-05-21T12:46:55Z,"emo rap,cloud rap","Death Note Music, LLC",0.604,0.715,8,-7.118,0,0.0312,0.000425,0.00000778,0.116,0.212,110.026,4
spotify:track:6ArK3RtQGmvDV63sUnPHRN,UKELY2100034,your favorite dress,CASTLES II,Lil Peep;Lil Tracy,2017-02-07,177386,75,true,dy3capua3h7iz6vjq1bo02tbz,2024-05-21T12:46:55Z,"emo rap,cloud rap","Death Note Music, LLC",0.494,0.628,7,-7.615,1,0.0541,0.0814,0,0.111,0.101,129.966,3
spotify:track:1WbhIxkn5ECsOwUm795iX1,UKELY1800203,Star Shopping,Star Shopping,Lil Peep,2015-08-17,142000,83,true,dy3capua3h7iz6vjq1bo02tbz,2024-05-21T12:46:55Z,"emo rap,cloud rap","Death Note Music, LLC",0.538,0.471,4,-9.84,0,0.0955,0.0946,0.0185,0.116,0.307,93.07,4
spotify:track:2ZRo7axmMPeSVUvDbGkJah,USUG11800447,Hope,?,XXXTENTACION,2018-03-16,110886,83,true,dy3capua3h7iz6vjq1bo02tbz,2024-05-21T12:46:55Z,emo rap,"Bad Vibes Forever, LLC",0.592,0.457,9,-6.081,0,0.0603,0.661,0.000331,0.146,0.225,146.04,4
spotify:track:500rrRPwBWD2slEEljcha2,USUG11800208,SAD!,? (Deluxe),XXXTENTACION,2019-09-06,166605,48,true,dy3capua3h7iz6vjq1bo02tbz,2024-05-21T12:46:55Z,emo rap,"Bad Vibes Forever, LLC",0.74,0.613,8,-4.88,1,0.145,0.258,0.00372,0.123,0.473,75.023,4
spotify:track:60ydV37Apx9TlyxjLNEZ51,USSM12001962,Where R U? (feat. Pink Sweat$),Things I Wanted To Tell You,Kina;Pink Sweat$,2020-04-24,121967,33,false,dy3capua3h7iz6vjq1bo02tbz,2024-05-21T12:46:55Z,,Columbia,0.459,0.429,7,-10.313,1,0.0452,0.608,0.0000037,0.0607,0.261,121.992,4
spotify:track:5rYpwP1dHWGVMrSZbTmt3e,USQX91802370,Life is Beautiful,"Come Over When You're Sober, Pt. 2",Lil Peep,2018-11-09,207586,71,true,dy3capua3h7iz6vjq1bo02tbz,2024-05-21T12:46:55Z,"emo rap,cloud rap",Columbia,0.533,0.638,10,-9.411,1,0.0636,0.0385,0.000932,0.0758,0.324,135.056,4
spotify:track:5VsALgrIYGQQHaNymNUiK5,QM6P41890829,Eyes,Good Morning Cruel World,Cold Hart;YAWNS;Rawska,2019-07-12,150626,38,true,dy3capua3h7iz6vjq1bo02tbz,2024-05-21T12:46:55Z,"emo rap,cloud rap",Gothboiclique Records,0.54,0.926,0,-3.562,1,0.0635,0.00916,0.00204,0.071,0.837,185.053,4
spotify:track:3f1ChZHm6v4KdUaEW5y5qd,USEP42035027,Me and You,Me and You,Cold Hart;Lil Peep,2020-07-27,224813,63,false,dy3capua3h7iz6vjq1bo02tbz,2024-05-21T12:46:55Z,"emo rap,cloud rap",Epitaph,0.613,0.614,1,-7.235,1,0.0439,0.0143,0,0.094,0.198,93.984,4
spotify:track:07VBqWH6NG8L2ad3l84UKk,USSM11506390,R.I.P. 2 My Youth,Wiped Out!,The Neighbourhood,2015-10-30,205276,70,false,dy3capua3h7iz6vjq1bo02tbz,2024-05-21T12:46:55Z,,Columbia,0.353,0.686,7,-5.704,0,0.0534,0.00216,0,0.123,0.177,94.47,4
spotify:track:5BclYYVd8j15g6e2NFFJHB,QZMER2153892,Kill Me Nice,Wine Night,Carter Tomorrow,2021-09-24,157235,36,true,dy3capua3h7iz6vjq1bo02tbz,2024-05-21T12:46:55Z,emo rap,Carter Tomorrow,0.476,0.58,9,-8.539,1,0.0512,0.000995,0,0.126,0.12,111.819,4
spotify:track:1qVhK1hywZ4x3ieHpsbRTq,QZJ842001093,Bad Bitch Energy,Bad Bitch Energy,Damien Styles,2021-07-08,211826,11,true,dy3capua3h7iz6vjq1bo02tbz,2024-05-21T12:46:55Z,,Dropout Klub LLC,0.436,0.65,10,-6.478,1,0.285,0.102,0,0.304,0.303,84.897,4
spotify:track:3rU2QIyNDk2OWV6mAW2qQr,USWB12201356,Something in the Orange - Z&E's Version,Something in the Orange,Zach Bryan,2022-04-22,254258,59,false,dy3capua3h7iz6vjq1bo02tbz,2024-05-21T12:46:55Z,"country,red dirt",Warner Records,0.594,0.382,7,-5.432,1,0.0292,0.416,0,0.117,0.223,110.237,4
spotify:track:64BbK9SFKH2jk86U3dGj2P,USWB19900693,Otherside,Californication (Deluxe Edition),Red Hot Chili Peppers,1999-06-08,255373,87,false,dy3capua3h7iz6vjq1bo02tbz,2024-05-21T12:46:55Z,"funk rock,alternative rock,rock",Warner Records,0.458,0.795,0,-3.265,1,0.0574,0.00316,0.000202,0.0756,0.513,123.229,4
spotify:track:6ZzeXWwDvMzrgCWt9RwBj1,USAM19602226,Pretty Noose,Down On The Upside,Soundgarden,1996-05-21,251866,63,false,dy3capua3h7iz6vjq1bo02tbz,2024-05-21T12:46:55Z,"grunge,post-grunge,hard rock",A&M,0.389,0.925,0,-7.97,1,0.0643,0.0000179,0.244,0.222,0.317,150.893,4
spotify:track:1OhrPb6EiqogGjtP1t1uUF,UKELY2100069,nuts (feat. Rainy Bear),nuts (feat. Rainy Bear),Lil Peep;rainy bear,2015-12-02,85360,69,true,dy3capua3h7iz6vjq1bo02tbz,2024-05-21T12:46:55Z,"emo rap,cloud rap","Death Note Music, LLC",0.51,0.739,2,-7.41,1,0.0415,0.00872,0,0.111,0.148,62.007,4
spotify:track:3GVkPk8mqxz0itaAriG1L7,USUYG1156894,Everybody Dies In Their Nightmares,17,XXXTENTACION,2017-08-25,95466,77,true,dy3capua3h7iz6vjq1bo02tbz,2024-05-21T12:46:55Z,emo rap,Bad Vibes Forever / EMPIRE,0.734,0.57,7,-7.066,0,0.133,0.847,0.0000214,0.112,0.689,129.953,4
spotify:track:0c34ovpXiMWWUbKX0IavIH,USSM12006585,"F*CK YOU, GOODBYE (feat. Machine Gun Kelly)",F*CK LOVE 3+: OVER YOU,The Kid LAROI;mgk,2021-07-27,144860,68,true,dy3capua3h7iz6vjq1bo02tbz,2024-05-21T12:46:55Z,,Columbia,0.721,0.632,5,-6.695,0,0.0358,0.0693,0,0.291,0.296,92.057,4
spotify:track:1FBi1YWCAxlRmfuUbMINqO,USQX91802365,Runaway,"Come Over When You're Sober, Pt. 2",Lil Peep,2018-11-09,192760,71,true,dy3capua3h7iz6vjq1bo02tbz,2024-05-21T12:46:55Z,"emo rap,cloud rap",Columbia,0.399,0.591,6,-8.792,0,0.052,0.44,0.0616,0.446,0.175,79.892,3
spotify:track:1Fid2jjqsHViMX6xNH70hE,GBARL1500316,Atlantis,Tell Me It's Real (Expanded Edition),Seafret,2016-01-29,229613,84,false,dy3capua3h7iz6vjq1bo02tbz,2024-05-21T12:46:55Z,,Sweet Jane Recordings,0.4,0.479,8,-7.989,0,0.0308,0.0529,0.00000214,0.115,0.213,166.159,4
spotify:track:7CS41pvRBhejuFs4m5nwtr,USQX91903029,When I Lie,GOTH ANGEL SINNER,Lil Peep,2019-10-31,237000,49,true,dy3capua3h7iz6vjq1bo02tbz,2024-05-21T12:46:55Z,"emo rap,cloud rap",Columbia,0.737,0.588,8,-4.872,0,0.0467,0.00269,0,0.276,0.262,150.936,4
spotify:track:3wOKvS2aaiIj86KnAzMbV0,USIR10500106,In My Head,Lullabies To Paralyze,Queens of the Stone Age,2005-01-01,241200,58,false,dy3capua3h7iz6vjq1bo02tbz,2024-05-21T12:46:55Z,"stoner rock,alternative rock",Interscope,0.473,0.922,9,-4.042,1,0.0358,0.0107,0.0000398,0.0971,0.423,134.284,4
spotify:track:0tZ3mElWcr74OOhKEiNz1x,USSM19502563,Bulls On Parade,Evil Empire,Rage Against The Machine,1996-04-16,229466,78,true,dy3capua3h7iz6vjq1bo02tbz,2024-05-21T12:46:55Z,"rap metal,rap rock,alternative metal,nu metal",Epic,0.412,0.919,5,-7.291,1,0.184,0.0124,0.0601,0.424,0.572,166.367,4
spotify:track:7lE5HfOza4ji2gIWL7UwK1,USIR10500783,Out Of Exile,Out of Exile,Audioslave,2005-01-01,288506,57,false,dy3capua3h7iz6vjq1bo02tbz,2024-05-21T12:46:55Z,"grunge,post-grunge,alternative metal",Geffen,0.414,0.934,0,-4.102,1,0.0692,0.0593,0,0.181,0.797,165.614,4
spotify:track:5UWwZ5lm5PKu6eKsHAGxOk,USRW29600011,Everlong,The Colour And The Shape,Foo Fighters,1997-05-20,250546,89,false,dy3capua3h7iz6vjq1bo02tbz,2024-05-21T12:46:55Z,"post-grunge,rock,alternative rock,grunge",RCA Records Label,0.413,0.881,11,-5.541,0,0.0367,0.0000599,0.000308,0.0805,0.364,158.066,4
spotify:track:7brQHA2CgQpcMBiOlfiXYb,USSM11300889,Afraid,I Love You.,The Neighbourhood,2013-04-22,251186,80,true,dy3capua3h7iz6vjq1bo02tbz,2024-05-21T12:46:55Z,,Columbia,0.464,0.701,6,-5.693,0,0.0411,0.00892,0.309,0.335,0.356,83.996,4
spotify:track:0kEZlJh4mK1QRfb3CT5LPk,QM8DG1600552,Kill Yourself (Part III),My Liver Will Handle What My Heart Can't,$uicideboy$,2015-09-21,145078,77,true,dy3capua3h7iz6vjq1bo02tbz,2024-05-21T12:46:55Z,"emo rap,horrorcore,cloud rap,trap metal,underground hip hop",G59 Records,0.753,0.68,5,-7.092,0,0.0349,0.326,0.0000415,0.423,0.192,105.977,4
spotify:track:16XiTUC2rQvb5lmtOm3FYY,USUM71801102,Us,Electric Light,James Bay,2018-05-18,181360,70,false,dy3capua3h7iz6vjq1bo02tbz,2024-05-21T12:46:55Z,,Mercury Records/Republic Owned,0.563,0.473,0,-4.147,1,0.0361,0.177,0.0000015,0.108,0.342,69.926,4
spotify:track:6Y6PJDjR9LWDg4aFa4wKP5,QZNWZ2153935,COWBELL WARRIOR!,COWBELL WARRIORS!,SXMPRA,2023-05-25,149461,27,true,dy3capua3h7iz6vjq1bo02tbz,2024-05-21T12:46:55Z,"phonk,drift phonk,trap metal",SXMPRA LIMITED / 10K Projects,0.747,0.801,2,-5.826,1,0.334,0.0287,0.0000297,0.441,0.707,167.077,4
spotify:track:4Iy73U3ZqfhF1cxPDRSMKp,USUG11700729,Audi.,Deadstar,Smokepurpp,2017-09-29,159521,53,true,dy3capua3h7iz6vjq1bo02tbz,2024-05-21T12:46:55Z,,Alamo,0.793,0.366,7,-10.051,1,0.136,0.0214,0,0.0964,0.278,122.991,4
spotify:track:46M2hXnaQpueG7vSvgVtVH,QZDA81821565,GTG,GTG,Freddie Dredd,2018-08-10,93893,62,true,dy3capua3h7iz6vjq1bo02tbz,2024-05-21T12:46:55Z,phonk,Doomshop Records/RCA Records,0.88,0.777,7,-6.875,0,0.125,0.164,0.0171,0.0957,0.974,154.955,4
spotify:track:6JSBYB0nBXpmJ6AVcBQzI8,QZES72119069,God I'm Feeling Low,God I'm Feeling Low,Sik World,2021-04-21,159781,37,true,dy3capua3h7iz6vjq1bo02tbz,2024-05-21T12:46:55Z,,"Sik World, LLC",0.8,0.36,0,-10.184,0,0.528,0.32,0,0.134,0.206,59.972,4
spotify:track:0XjWu0ld7kthYqgTqAmUjF,QZDA52190677,Hold Me Close,Hold Me Close,Carter Tomorrow,2021-02-26,174192,45,true,dy3capua3h7iz6vjq1bo02tbz,2024-05-21T12:46:55Z,emo rap,2864419 Records DK,0.556,0.56,7,-10.244,1,0.0298,0.000513,0.00246,0.341,0.268,95.008,4
spotify:track:4IOmpWHND1FVjT7EFeZhLp,QZJ4Z1900002,Beautiful Nightmare,Anarchy,Lil Tracy,2019-09-20,185886,59,true,dy3capua3h7iz6vjq1bo02tbz,2024-05-21T12:46:55Z,"emo rap,cloud rap","TORESHI, LLC",0.675,0.63,4,-8.052,1,0.072,0.0263,0,0.284,0.223,77.492,4
spotify:track:7eeZZn02L3p11iwfbjT84c,QZK6F2170508,BLEEDING,LOVE KILLS,KID Tye,2021-10-22,120791,0,true,dy3capua3h7iz6vjq1bo02tbz,2024-05-21T12:46:55Z,emo rap,KID Tye ENT.,0.538,0.747,6,-5.732,1,0.0435,0.0173,0,0.157,0.29,71.484,4
spotify:track:0B8QzDH7YWih85V5SEMnyJ,USAT21600660,Money Longer,Lil Uzi Vert vs. The World,Lil Uzi Vert,2016-05-27,198944,78,true,dy3capua3h7iz6vjq1bo02tbz,2024-05-21T12:46:55Z,"melodic rap,rage rap",Generation Now/Atlantic,0.795,0.568,5,-7.817,0,0.142,0.0541,0,0.108,0.478,136.173,4
spotify:track:46eK1kembooWblMi7M7yLM,TCADD1769500,Look at Me Now,Look at Me Now,Brennan Savage,2017-07-01,150000,63,true,dy3capua3h7iz6vjq1bo02tbz,2024-05-21T12:46:55Z,"emo rap,cloud rap",Brennan Savage,0.649,0.538,0,-9.793,0,0.0918,0.0483,0.401,0.0928,0.355,160.075,4
spotify:track:7iTloMifzZo9ZNZKEe4V2V,USUG11501524,The Hills - Remix,The Hills Remixes,The Weeknd;Eminem,2015-10-11,263693,62,true,dy3capua3h7iz6vjq1bo02tbz,2024-05-21T12:46:55Z,"rap,hip hop",The Weeknd/Lyric,0.46,0.628,0,-6.665,0,0.225,0.0673,0,0.0934,0.354,111.156,4
spotify:track:1dyGAvhMll39BwCGb6u9pP,USUG12200696,i know you hate me,i know you hate me,midwxst,2022-02-23,124516,47,true,dy3capua3h7iz6vjq1bo02tbz,2023-08-28T19:25:14Z,hyperpop,Simple Stupid Records / Geffen Records,0.524,0.579,5,-4.975,1,0.0946,0.523,0,0.172,0.788,93.807,4
spotify:track:7BhOH16ud5ybFUeP3wwhby,QZW9N2205035,Bleeding Out,Bleeding Out,Chance Peña,2023-01-20,208608,66,false,dy3capua3h7iz6vjq1bo02tbz,2023-08-28T19:25:14Z,,Chance Peña,0.59,0.438,9,-12.407,0,0.0363,0.728,0.0000102,0.0937,0.352,120.611,4
spotify:track:2KnwHtrH15SI6aITxh7KnS,USQX92202226,KILL ME (Pain From The Jail Phone),LOOK AT ME: THE ALBUM,XXXTENTACION,2022-06-10,138546,48,true,dy3capua3h7iz6vjq1bo02tbz,2023-08-28T19:25:14Z,emo rap,Columbia,0.282,0.463,9,-9.669,1,0.0324,0.0767,0.82,0.153,0.106,100.006,4
spotify:track:2po3166NqW72LwAwh8Hbld,TCAEZ2015781,Why Am I Waiting,Thbk.,Papithbk,2018-10-24,95680,55,true,dy3capua3h7iz6vjq1bo02tbz,2023-08-28T19:25:14Z,,Create Capital,0.747,0.387,1,-10.671,1,0.471,0.347,0,0.254,0.234,126.054,4
spotify:track:2NYPx7YjNrHteC2RxzTzTZ,TCAEZ2015742,Losing Interest,Thbk.,Papithbk,2018-10-24,93360,49,false,dy3capua3h7iz6vjq1bo02tbz,2023-08-28T19:26:36Z,,Create Capital,0.815,0.321,10,-15.727,0,0.42,0.68,0,0.175,0.45,134.042,4
spotify:track:40j4RoqmLiivqzRObbQ4BF,USQX92002599,I Know,THE GOAT,Polo G,2020-05-15,176574,71,true,dy3capua3h7iz6vjq1bo02tbz,2023-08-28T19:28:38Z,,Columbia,0.807,0.665,5,-5.249,0,0.276,0.0919,0,0.0788,0.557,164.964,4
spotify:track:1352b37Tm0TBRDhypmhHcf,QZRP42237535,Fake Smiles,Fake Smiles,Nevv,2022-11-04,253913,52,false,dy3capua3h7iz6vjq1bo02tbz,2023-08-28T19:29:18Z,,NevvProductions,0.774,0.69,11,-4.693,0,0.208,0.331,0,0.33,0.758,137.988,4
spotify:track:73q7R7UcHRk26K3S6EpBru,QZAPK2000098,Nightmare on the Northside,A Man Rose from the Dead,Scrim,2020-05-15,205557,58,true,dy3capua3h7iz6vjq1bo02tbz,2023-08-28T19:29:42Z,"emo rap,horrorcore",G59 Records,0.61,0.745,11,-4.786,1,0.454,0.00226,0.0000431,0.38,0.661,140.786,4
spotify:track:3QIA6NjmK8ecTQYEM5Lr0b,QZAPK2000091,Jesus Wept,A Man Rose from the Dead,Scrim,2020-05-15,120930,54,true,dy3capua3h7iz6vjq1bo02tbz,2023-08-28T19:30:02Z,"emo rap,horrorcore",G59 Records,0.786,0.708,11,-4.209,1,0.326,0.0192,0.00394,0.498,0.373,145.941,4
spotify:track:3rR6dtiGyIkl6DBRiTDyeO,QZAPK2000096,Portola (Blood Clot!),A Man Rose from the Dead,Scrim,2020-05-15,162183,33,true,dy3capua3h7iz6vjq1bo02tbz,2023-08-28T19:30:07Z,"emo rap,horrorcore",G59 Records,0.837,0.52,2,-9.885,1,0.351,0.508,0.00587,0.369,0.615,77.013,4
spotify:track:5xUCq72ekt3e8WJnUiZJRl,QZAPK2000106,El Guerro,A Man Rose from the Dead,Scrim,2020-05-15,151299,47,true,dy3capua3h7iz6vjq1bo02tbz,2023-08-28T19:30:26Z,"emo rap,horrorcore",G59 Records,0.809,0.816,11,-6.999,0,0.357,0.149,0.0000258,0.381,0.549,140.021,4
spotify:track:5L1WMbYfNFkmlyG407ke6S,QZVBE2200011,Exscape,Exscape,Montell Fish,2022-10-25,142285,3,false,dy3capua3h7iz6vjq1bo02tbz,2023-08-28T19:32:28Z,Christian lo-fi,"Lord’s Child, LLC",0.599,0.854,4,0.829,0,0.0373,0.648,0,0.098,0.449,139.995,4
spotify:track:12SqxMqtStXppn5fjDYr45,QZAPK2000263,Escape From BABYLON,"Sing Me a Lullaby, My Sweet Temptation",$uicideboy$,2022-07-29,141043,59,true,dy3capua3h7iz6vjq1bo02tbz,2023-08-28T19:32:39Z,"emo rap,horrorcore,cloud rap,trap metal,underground hip hop",G59 Records,0.796,0.56,6,-6.135,1,0.238,0.127,0.00000136,0.292,0.698,149.884,4
spotify:track:7fBv7CLKzipRk6EC6TWHOB,USUG11500737,The Hills,Beauty Behind The Madness,The Weeknd,2015-08-28,242253,89,true,dy3capua3h7iz6vjq1bo02tbz,2023-08-28T19:33:11Z,,The Weeknd/Lyric,0.585,0.564,0,-7.063,0,0.0515,0.0671,0,0.135,0.137,113.003,4
spotify:track:7floNISpH8VF4z4459Qo18,USUYG1131080,Look At Me!,Look At Me!,XXXTENTACION,2017-02-20,126345,77,true,dy3capua3h7iz6vjq1bo02tbz,2023-08-28T19:33:51Z,emo rap,Bad Vibes Forever / EMPIRE,0.763,0.726,1,-6.405,1,0.282,0.259,0,0.0976,0.349,139.059,4
spotify:track:3Ol2xnObFdKV9pmRD2t9x8,USAT21812667,Look Back at It,Hoodie SZN,A Boogie Wit da Hoodie,2018-12-21,179449,79,true,dy3capua3h7iz6vjq1bo02tbz,2023-08-28T19:33:56Z,melodic rap,Highbridge the Label / Atlantic Records,0.791,0.587,3,-5.075,0,0.0413,0.407,0,0.148,0.536,96.057,4
spotify:track:4rUawbJ9qurU9Rb3NpT4kH,CA5KR2131944,SQUASH,UNDERGROWTH,DUSTY,2022-02-11,123445,49,false,dy3capua3h7iz6vjq1bo02tbz,2023-08-28T19:41:19Z,emo rap,Polar Culture,0.703,0.653,11,-3.969,0,0.0376,0.0543,0.0000127,0.345,0.414,148.02,4
spotify:track:7ycWLEP1GsNjVvcjawXz3z,USRC11800930,Praise The Lord (Da Shine) (feat. Skepta),TESTING,A$AP Rocky;Skepta,2018-05-25,205813,83,true,dy3capua3h7iz6vjq1bo02tbz,2023-08-28T19:46:16Z,"rap,grime,uk grime",A$AP Worldwide/Polo Grounds Music/RCA Records,0.854,0.569,5,-8.151,0,0.106,0.0609,0.0816,0.1,0.294,80.015,4
spotify:track:6Ec5LeRzkisa5KJtwLfOoW,USUM72308540,"Am I Dreaming (Metro Boomin & A$AP Rocky, Roisee)",METRO BOOMIN PRESENTS SPIDER-MAN: ACROSS THE SPIDER-VERSE (SOUNDTRACK FROM AND INSPIRED BY THE MOTION PICTURE),Metro Boomin;A$AP Rocky;Roisee,2023-06-02,256026,80,false,dy3capua3h7iz6vjq1bo02tbz,2023-08-28T19:46:22Z,rap,Republic Records,0.6,0.537,9,-7.777,0,0.0362,0.0468,0.0038,0.206,0.126,90.061,4
spotify:track:2zYzyRzz6pRmhPzyfMEC8s,AUAP07900028,Highway to Hell,Highway to Hell,AC/DC,1979-07-27,208110,89,false,dy3capua3h7iz6vjq1bo02tbz,2023-08-28T19:47:09Z,"rock,hard rock,classic rock,rock and roll",Columbia,0.574,0.913,6,-4.793,0,0.133,0.061,0.00158,0.156,0.423,115.728,4
spotify:track:08mG3Y1vljYA6bvDt4Wqkj,AUAP08000046,Back In Black,Back In Black,AC/DC,1980-07-25,256000,88,false,dy3capua3h7iz6vjq1bo02tbz,2023-08-28T19:47:15Z,"rock,hard rock,classic rock,rock and roll",Columbia,0.31,0.7,9,-5.678,1,0.047,0.011,0.00965,0.0828,0.763,188.386,4
spotify:track:2SiXAy7TuUkycRVbbWDEpo,AUAP08000047,You Shook Me All Night Long,Back In Black,AC/DC,1980-07-25,210328,85,false,dy3capua3h7iz6vjq1bo02tbz,2023-08-28T19:47:21Z,"rock,hard rock,classic rock,rock and roll",Columbia,0.532,0.767,7,-5.509,1,0.0574,0.00287,0.000513,0.39,0.755,127.361,4
spotify:track:0C80GCp0mMuBzLf3EAXqxv,AUAP08000042,Shoot to Thrill,Back In Black,AC/DC,1980-07-25,318231,78,false,dy3capua3h7iz6vjq1bo02tbz,2023-08-28T19:49:21Z,"rock,hard rock,classic rock,rock and roll",Columbia,0.457,0.904,2,-5.303,1,0.0747,0.000239,0.0879,0.396,0.48,141.038,4
spotify:track:0zv9bOC2NSMd3Fw2HgM5Xn,GBCTA0900344,Whataya Want from Me,For Your Entertainment,Adam Lambert,2009,227320,61,false,dy3capua3h7iz6vjq1bo02tbz,2023-08-28T19:50:40Z,,RCA Records Label,0.438,0.672,11,-4.706,0,0.0429,0.0055,0,0.0583,0.457,185.934,4
spotify:track:1bq6XxdA59f5qJS5mw67Sc,GBCTA0900403,If I Had You,For Your Entertainment,Adam Lambert,2009,228240,49,false,dy3capua3h7iz6vjq1bo02tbz,2023-08-28T19:50:54Z,,RCA Records Label,0.646,0.909,4,-4.263,0,0.114,0.0137,0,0.377,0.771,131.134,4
spotify:track:3Fsjt1h1p2o86pC2lQopJc,USRC11101102,Better Than I Know Myself,Trespassing (Deluxe Version),Adam Lambert,2012-05-08,216173,46,false,dy3capua3h7iz6vjq1bo02tbz,2023-08-28T19:51:08Z,,RCA Records Label,0.484,0.812,10,-4.743,1,0.138,0.0322,0,0.18,0.308,109.452,5
spotify:track:3GDX2vk9Omok7DDvg7vOpq,GBCTA1200088,Never Close Our Eyes,Trespassing (Deluxe Version),Adam Lambert,2012-05-08,248453,48,false,dy3capua3h7iz6vjq1bo02tbz,2023-08-28T19:51:43Z,,RCA Records Label,0.516,0.813,3,-4.711,1,0.0664,0.156,0,0.731,0.608,134.998,4
spotify:track:0EXNZugHTbZ14UB2kALhy9,USWB11600260,Welcome to the Show (feat. Laleh),Welcome To The Show (feat. Laleh),Adam Lambert;Laleh,2016-03-17,201869,37,false,dy3capua3h7iz6vjq1bo02tbz,2023-08-28T19:52:09Z,swedish pop,Warner Records,0.305,0.731,10,-4.859,0,0.24,0.156,0,0.0646,0.324,79.017,3
spotify:track:4OSBTYWVwsQhGLF9NHvIbR,GBBKS1000335,Rolling in the Deep,21,Adele,2011-01-24,228093,82,false,dy3capua3h7iz6vjq1bo02tbz,2023-08-28T19:52:24Z,soft pop,XL Recordings,0.73,0.769,8,-5.114,1,0.0298,0.138,0,0.0473,0.507,104.948,4
spotify:track:5mFMb5OHI3cN0UjITVztCj,GBBKS1000349,Rumour Has It,21,Adele,2011-01-24,223266,68,false,dy3capua3h7iz6vjq1bo02tbz,2023-08-28T19:52:53Z,soft pop,XL Recordings,0.612,0.749,0,-5.014,1,0.0446,0.615,0,0.167,0.574,120.052,4
spotify:track:3bNv3VuUOKgrf5hu3YcuRo,GBBKS1000351,Someone Like You,21,Adele,2011-01-24,285240,84,false,dy3capua3h7iz6vjq1bo02tbz,2023-08-28T19:53:29Z,soft pop,XL Recordings,0.556,0.319,9,-8.251,1,0.0281,0.893,0,0.0996,0.294,135.187,4
spotify:track:1Yk0cQdMLx5RzzFTYwmuld,GBBKS1500214,Hello,25,Adele,2015-11-20,295502,78,false,dy3capua3h7iz6vjq1bo02tbz,2023-08-28T19:54:00Z,soft pop,XL Recordings,0.578,0.43,5,-6.134,0,0.0305,0.33,0,0.0854,0.288,78.991,4
spotify:track:1xsYj84j7hUDDnTTerGWlH,USSM10011897,Dream On,Aerosmith,Aerosmith,1973-01-05,267596,26,false,dy3capua3h7iz6vjq1bo02tbz,2023-08-28T19:55:09Z,"classic rock,rock",Aerosmith P&D - Sony,0.392,0.476,1,-7.583,1,0.0249,0.397,0.000163,0.309,0.234,78.031,4
spotify:track:3i2SZSfmDRhvSkj0vZ1owx,UKELY2200032,angeldust,LIVE FOREVER,Lil Peep,2015-12-02,111506,65,true,dy3capua3h7iz6vjq1bo02tbz,2023-08-28T19:55:37Z,"emo rap,cloud rap","Death Note Music, LLC",0.445,0.415,5,-9.165,1,0.0307,0.492,0.141,0.121,0.187,160.032,4
spotify:track:6uhj7EIZZm3OwVr0gWfkQn,USSM10019474,Jaded,Just Push Play,Aerosmith,2001-03-05,215823,65,false,dy3capua3h7iz6vjq1bo02tbz,2023-08-28T19:56:35Z,"classic rock,rock",Aerosmith P&D - Sony,0.518,0.866,9,-4.476,1,0.0509,0.00413,0.0000193,0.246,0.671,117.983,4
spotify:track:2q8bamk2WT0mU3ZSqS55sw,QZNWZ2005228,stupid kids,stupid kids,EKKSTACY,2020-01-01,118861,0,false,dy3capua3h7iz6vjq1bo02tbz,2023-08-28T19:56:48Z,,Ekkstacy,0.72,0.394,10,-9.843,1,0.26,0.473,0.00000343,0.234,0.583,84.988,4
spotify:track:1ACZpHI5vZ5Ea4xGlkdGWM,USUR10110847,Crazy Rap (Colt 45 & 2 Zig Zags),The Good Times,Afroman,2001-08-28,328666,73,true,dy3capua3h7iz6vjq1bo02tbz,2023-08-28T19:57:23Z,,Universal Records,0.927,0.367,9,-7.797,1,0.382,0.325,0,0.132,0.576,99.053,4
spotify:track:0rRboI6IRuGx56Dq3UdYY4,USUR10110857,Because I Got High,The Good Times,Afroman,2001-08-28,197760,70,true,dy3capua3h7iz6vjq1bo02tbz,2023-08-28T19:57:27Z,,Universal Records,0.802,0.341,7,-8.56,1,0.488,0.169,0,0.0783,0.849,166.01,4
spotify:track:1ch9V9gsXd8jfGIjgiw4dZ,QZK6L2221123,♡HARLEY QUINN☆,♡HARLEY QUINN☆,Aiden Hilton,2022-07-22,189230,20,true,dy3capua3h7iz6vjq1bo02tbz,2023-08-28T19:57:42Z,emo rap,Empty Party,0.613,0.669,6,-6.965,0,0.0713,0.0303,0,0.0924,0.259,77.979,4
spotify:track:6RjW45KHJ6kgI2xQ1aFa52,USSM11302997,Acapella,Pulses,Karmin,2014-03-21,198903,64,false,dy3capua3h7iz6vjq1bo02tbz,2023-08-28T19:57:49Z,,Epic,0.667,0.619,2,-4.933,1,0.151,0.126,0,0.101,0.427,169.865,4
spotify:track:0H6ZI13dLAaARmJ3AIPzW4,USUM71705789,Addicted To You,Picture This,Picture This,2017-08-25,194306,55,false,dy3capua3h7iz6vjq1bo02tbz,2023-08-28T19:58:06Z,,Universal Records,0.648,0.776,9,-6.264,1,0.0682,0.42,0,0.134,0.682,119.937,4
spotify:track:2374M0fQpWi3dLnB54qaLX,USSM19801941,Africa,Toto IV,TOTO,1982-04-08,295282,90,false,dy3capua3h7iz6vjq1bo02tbz,2023-08-28T19:59:43Z,"yacht rock,soft rock",Columbia,0.671,0.373,9,-18.064,1,0.0323,0.257,0.0000801,0.0481,0.732,92.718,4
spotify:track:2p8IUWQDrpjuFltbdgLOag,USUG12000586,After Hours,After Hours,The Weeknd,2020-03-20,361026,85,false,dy3capua3h7iz6vjq1bo02tbz,2023-08-28T20:00:27Z,,Republic Records,0.658,0.572,5,-6.099,0,0.0308,0.0811,0.0061,0.121,0.144,108.968,4
spotify:track:0diqiEUdyPcBJ1jQuP9cBn,TCADM1878133,Aftershock,FIVE FIVE,Pouya,2018-03-05,179783,0,true,dy3capua3h7iz6vjq1bo02tbz,2023-08-28T20:00:50Z,"emo rap,trap metal,horrorcore,underground hip hop,cloud rap",Buffet Boys,0.736,0.73,7,-6.61,1,0.207,0.42,0,0.11,0.426,90.078,4
spotify:track:63CHa6rmamv9OsehkRD8oz,USRH11603367,Against All Odds (Take a Look at Me Now) - 2016 Remaster,The Singles (Expanded),Phil Collins,2016-10-14,206360,81,false,dy3capua3h7iz6vjq1bo02tbz,2023-08-28T20:01:05Z,soft rock,Rhino,0.581,0.498,1,-6.9,1,0.0276,0.198,0,0.132,0.111,116.262,4
spotify:track:0ADG9OgdVTL7fgREP75BrZ,USSM11607151,Ain't My Fault,So Good,Zara Larsson,2017-03-17,224457,76,false,dy3capua3h7iz6vjq1bo02tbz,2023-08-28T20:01:14Z,,Epic/Record Company TEN,0.578,0.782,6,-4.825,0,0.0295,0.00778,0,0.286,0.355,141.163,4
spotify:track:7tqhbajSfrz2F7E1Z75ASX,USMO16700534,Ain't No Mountain High Enough,United,Marvin Gaye;Tammi Terrell,1967-08-29,151666,87,false,dy3capua3h7iz6vjq1bo02tbz,2023-08-28T20:01:24Z,"motown,classic soul,soul,northern soul,quiet storm",UNI/MOTOWN,0.663,0.6,7,-10.87,1,0.032,0.43,0,0.184,0.797,129.987,4
spotify:track:1k1Bqnv2R0uJXQN4u6LKYt,USSM10000372,Ain't No Sunshine,Just As I Am,Bill Withers,1971-05-01,126458,84,false,dy3capua3h7iz6vjq1bo02tbz,2023-08-28T20:01:32Z,soul,Columbia/Legacy,0.527,0.415,4,-11.451,0,0.122,0.457,0.0000172,0.117,0.515,78.169,4
spotify:track:3c8iiZGfEammKJuWTErE5x,DEUM71500425,Ain't Nobody (Loves Me Better) (feat. Jasmine Thompson),I,felix jaehn;Jasmine Thompson,2018-02-16,186146,76,false,dy3capua3h7iz6vjq1bo02tbz,2023-08-28T20:01:44Z,tropical house,Intercord,0.78,0.568,2,-6.96,0,0.031,0.668,0.000168,0.0698,0.459,117.973,4
spotify:track:2BPiamp7M8ARGtxjNyTZWf,USAN21800053,Ain't Nothing 'Bout You - with Brett Young,Reboot,Brooks & Dunn;Brett Young,2019-04-05,241093,44,false,dy3capua3h7iz6vjq1bo02tbz,2023-08-28T20:02:35Z,"country,classic country,acoustic country,honky tonk",Arista Nashville,0.676,0.753,8,-6.239,0,0.0252,0.0957,0,0.362,0.772,96.993,4
spotify:track:1DIS8YXZKxePLmY7Z8UC4I,GBAYE1400001,Air Balloon,Air Balloon,Lily Allen,2014-01-20,228349,43,false,dy3capua3h7iz6vjq1bo02tbz,2023-08-28T20:02:47Z,,Parlophone UK,0.717,0.678,8,-6.167,1,0.0379,0.0195,0.000434,0.201,0.556,94.976,4
spotify:track:6lV2MSQmRIkycDScNtrBXO,USAT21000477,Airplanes (feat. Hayley Williams of Paramore),B.o.B Presents: The Adventures of Bobby Ray,B.o.B;Hayley Williams,2010-04-27,180480,85,true,dy3capua3h7iz6vjq1bo02tbz,2023-08-28T20:03:03Z,art pop,Rebel Rock/Grand Hustle/Atlantic,0.66,0.867,6,-4.285,0,0.116,0.11,0,0.0368,0.377,93.033,4
spotify:track:15JINEqzVMv3SvJTAXAKED,USUM71015397,Love The Way You Lie,Recovery,Eminem;Rihanna,2010-06-18,263373,89,true,dy3capua3h7iz6vjq1bo02tbz,2023-08-28T20:03:08Z,"rap,hip hop",Eminem Catalog PS,0.749,0.925,10,-5.034,1,0.227,0.241,0,0.52,0.641,86.989,4
spotify:track:2bnDTGikdoO8CwzlAPyBHR,USAT21000549,"Airplanes, Pt. II (feat. Eminem & Hayley Williams of Paramore)",B.o.B Presents: The Adventures of Bobby Ray,B.o.B;Eminem;Hayley Williams,2010-04-27,319293,68,true,dy3capua3h7iz6vjq1bo02tbz,2023-08-28T20:03:23Z,"rap,hip hop,art pop",Rebel Rock/Grand Hustle/Atlantic,0.665,0.878,6,-4.745,0,0.206,0.00325,0,0.0663,0.394,93.047,4
spotify:track:5yFSF6qQA1rcLsQRnBsZgb,NOG841715010,All Falls Down (feat. Juliander),All Falls Down (feat. Juliander),Alan Walker;Noah Cyrus;Digital Farm Animals;Juliander,2017-10-27,199111,64,true,dy3capua3h7iz6vjq1bo02tbz,2023-08-28T20:03:48Z,swedish pop,Kreatell Music,0.658,0.678,1,-4.407,1,0.058,0.303,0,0.361,0.662,97.976,4
spotify:track:4VXIryQMWpIdGgYR4TrjT1,USUG11800651,All Girls Are The Same,Goodbye & Good Riddance,Juice WRLD,2018-12-10,165819,83,true,dy3capua3h7iz6vjq1bo02tbz,2023-08-28T20:03:56Z,"melodic rap,emo rap",Juice WRLD Mixtape / ISR P&D,0.671,0.529,0,-7.226,1,0.307,0.0769,0.000335,0.0856,0.203,161.989,4
spotify:track:6kEpjptnAwt11Atr4cEMe1,USUM70603372,All Good Things (Come To An End),Loose,Nelly Furtado,2006-01-01,311186,75,false,dy3capua3h7iz6vjq1bo02tbz,2023-08-28T20:04:07Z,,Mosley / Geffen,0.661,0.648,9,-7.667,0,0.0342,0.245,0.0000124,0.11,0.387,100.893,4
spotify:track:12PNcnMsjsZ3eHm62t8hiy,USKO11000176,"All I Do Is Win (feat. T-Pain, Ludacris, Snoop Dogg & Rick Ross)",Victory,DJ Khaled,2010-03-02,232506,7,true,dy3capua3h7iz6vjq1bo02tbz,2023-08-28T20:04:17Z,,eOne Music,0.545,0.781,10,-3.616,1,0.185,0.0139,0,0.161,0.277,150.097,4
spotify:track:4AxFwURtLHp0P65wO8glIV,USMB51300048,All I Want Is Everything,Slang (Deluxe Edition),Def Leppard,1996-05-14,320164,43,false,dy3capua3h7iz6vjq1bo02tbz,2023-08-28T20:05:11Z,"glam metal,glam rock,classic rock",UMC (Universal Music Catalogue),0.35,0.693,9,-7.568,0,0.0354,0.000389,0.000012,0.323,0.262,175.326,4
spotify:track:6zVhXpiYbJhLJWmLGV9k1r,USAT22006550,All My Favorite Songs,OK Human,Weezer,2021-01-29,202703,48,false,dy3capua3h7iz6vjq1bo02tbz,2023-08-28T20:06:59Z,alternative rock,Atlantic Records,0.384,0.628,1,-8.018,0,0.031,0.126,0.00000993,0.314,0.394,161.438,4
spotify:track:561jH07mF1jHuk7KlaeF0s,USIR10400813,Mockingbird,Encore (Deluxe Version),Eminem,2004-11-12,250760,88,true,dy3capua3h7iz6vjq1bo02tbz,2023-08-28T20:09:20Z,"rap,hip hop",Eminem Catalog PS,0.637,0.678,0,-3.798,1,0.266,0.209,0,0.156,0.254,84.039,4
spotify:track:52okn5MNA47tk87PeZJLEL,USUM71708226,Let You Down,Perception,NF,2017-10-06,212120,79,false,dy3capua3h7iz6vjq1bo02tbz,2023-08-28T20:09:21Z,christian hip hop,NF Real Music,0.661,0.714,5,-5.68,0,0.121,0.314,0,0.179,0.464,147.998,4
spotify:track:5tz69p7tJuGPeMGwNTxYuV,USUM71702778,1-800-273-8255,Everybody,Logic;Alessia Cara;Khalid,2017-05-05,250173,78,true,dy3capua3h7iz6vjq1bo02tbz,2023-08-28T20:09:33Z,,Def Jam Recordings,0.62,0.574,5,-7.788,0,0.0479,0.569,0,0.19,0.357,100.023,4
spotify:track:5k38wzpLb15YgncyWdTZE4,USRC11701867,Him & I (with Halsey),The Beautiful & Damned,G-Eazy;Halsey,2017-12-15,268866,84,true,dy3capua3h7iz6vjq1bo02tbz,2023-08-28T20:09:40Z,,BPG/RVG/RCA Records,0.589,0.731,2,-6.343,1,0.0868,0.0534,0,0.308,0.191,87.908,4
spotify:track:07xOTRcQijB89eBXDMTAoa,QZHN62210487,CRY,CRY,Parker Jack,2022-04-22,135418,3,false,dy3capua3h7iz6vjq1bo02tbz,2023-08-28T20:09:51Z,,Parker Jack Records,0.676,0.481,1,-11.254,1,0.154,0.836,0.00000102,0.0982,0.608,152.003,4
spotify:track:6VrCmhRBFnuGKmtNfk4jDs,TCADL1806966,Spotlight,Spotlight,Marshmello;Lil Peep,2018-01-12,177600,68,false,dy3capua3h7iz6vjq1bo02tbz,2023-08-28T20:09:51Z,"edm,emo rap,cloud rap",Joytime Collective / Lil Peep,0.546,0.822,7,-4.483,1,0.151,0.0145,0,0.742,0.615,150.06,4
spotify:track:285pBltuF7vW8TeWk8hdRR,USUG11800685,Lucid Dreams,Goodbye & Good Riddance,Juice WRLD,2018-12-10,239835,85,true,dy3capua3h7iz6vjq1bo02tbz,2023-08-28T20:09:54Z,"melodic rap,emo rap",Juice WRLD Mixtape / ISR P&D,0.511,0.566,6,-7.23,0,0.2,0.349,0,0.34,0.218,83.903,4
spotify:track:1CnPYaKxTVb4LWOtiGOm0m,USUM71603666,All Time Low,The Human Condition,Jon Bellion,2016-06-10,217603,67,true,dy3capua3h7iz6vjq1bo02tbz,2023-08-28T20:09:55Z,,Capitol Records (CAP),0.617,0.567,0,-4.188,1,0.0828,0.0584,0,0.0933,0.505,90.246,4
spotify:track:7MhNCT34oaLIxwAsZlZd67,USUM71900157,Without Me,Manic,Halsey;Juice WRLD,2020-01-17,228951,70,true,dy3capua3h7iz6vjq1bo02tbz,2023-08-28T20:10:00Z,"melodic rap,emo rap",Capitol Records,0.744,0.514,6,-6.103,1,0.0746,0.355,0,0.183,0.449,136.013,4
spotify:track:7eBqSVxrzQZtK2mmgRG6lC,QMCE31801827,Murder on My Mind,I AM YOU,YNW Melly,2018-08-03,268434,81,true,dy3capua3h7iz6vjq1bo02tbz,2023-08-28T20:10:12Z,melodic rap,P2018,0.759,0.73,0,-7.985,0,0.0516,0.145,0.00000306,0.11,0.74,115.007,4
spotify:track:2fSW54bA6x2iWePU7rpCiP,QMCE31801937,Mama Cry,I AM YOU,YNW Melly,2018-08-03,231297,72,true,dy3capua3h7iz6vjq1bo02tbz,2023-08-28T20:10:14Z,melodic rap,P2018,0.543,0.492,7,-7.432,1,0.156,0.0739,0,0.11,0.107,220.099,4
spotify:track:01TnVDiet1DFTsyWKUKovl,USUG11800453,NUMB,?,XXXTENTACION,2018-03-16,186267,76,false,dy3capua3h7iz6vjq1bo02tbz,2023-08-28T20:10:17Z,emo rap,"Bad Vibes Forever, LLC",0.414,0.416,11,-8.024,0,0.0251,0.1,0.179,0.131,0.196,159.91,4
spotify:track:4jvjzW7Hm0yK4LvvE0Paz9,USQX91802294,Falling Down - Bonus Track,"Come Over When You're Sober, Pt. 2",Lil Peep;XXXTENTACION,2018-11-09,196400,84,true,dy3capua3h7iz6vjq1bo02tbz,2023-08-28T20:10:19Z,"emo rap,cloud rap",Columbia,0.669,0.574,4,-6.442,0,0.0286,0.0175,0.00294,0.146,0.273,120.013,4
spotify:track:6iaSML1PIYq936g62BDtBq,USUG11900302,Robbery,Death Race For Love (Bonus Track Version),Juice WRLD,2019-03-08,240050,80,true,dy3capua3h7iz6vjq1bo02tbz,2023-08-28T20:10:25Z,"melodic rap,emo rap",Grade A Productions/Interscope Records,0.623,0.692,2,-5.122,1,0.0504,0.328,0,0.153,0.566,79.899,4
spotify:track:3oDkdAySo1VQQG0ptV7uwa,USUG11800945,Lean Wit Me,Goodbye & Good Riddance,Juice WRLD,2018-12-10,175755,79,true,dy3capua3h7iz6vjq1bo02tbz,2023-08-28T20:11:00Z,"melodic rap,emo rap",Juice WRLD Mixtape / ISR P&D,0.665,0.651,1,-5.515,1,0.156,0.0414,0,0.0896,0.237,163.935,4
spotify:track:6rz0dTA0PdhXImFV5EjM0w,USUG11802778,Hide (feat. Seezyn),Spider-Man: Into the Spider-Verse (Soundtrack From & Inspired by the Motion Picture),Juice WRLD;Seezyn,2018-12-14,205800,76,false,dy3capua3h7iz6vjq1bo02tbz,2023-08-28T20:11:31Z,"melodic rap,emo rap",Universal Records,0.715,0.638,5,-5.017,0,0.0751,0.0616,0,0.157,0.151,149.999,4
spotify:track:2U5WueTLIK5WJLD7mvDODv,USUG12001905,Wishing Well,Legends Never Die,Juice WRLD,2020-07-10,194621,79,true,dy3capua3h7iz6vjq1bo02tbz,2023-08-28T20:11:33Z,"melodic rap,emo rap",Grade A Productions/Interscope Records,0.65,0.613,9,-6.13,0,0.128,0.00336,0,0.267,0.0804,149.972,4
spotify:track:7vGuf3Y35N4wmASOKLUVVU,USRC11701901,Silence,Silence,Marshmello;Khalid,2017-08-11,180822,84,false,dy3capua3h7iz6vjq1bo02tbz,2023-08-28T20:11:38Z,edm,Joytime Collective/RCA Records,0.52,0.761,4,-3.093,1,0.0853,0.256,0.00000496,0.17,0.286,141.971,4
spotify:track:1iSqfoUFnQwV0QW1EfUit8,QMCE31902585,Suicidal,Melly vs. Melvin,YNW Melly,2019-11-22,222997,78,true,dy3capua3h7iz6vjq1bo02tbz,2023-08-28T20:11:58Z,melodic rap,P2019,0.735,0.369,9,-9.682,0,0.0688,0.334,0,0.126,0.235,140.004,4
spotify:track:6Se3x9ANMLv0dCDsjGmEjh,USLD91700850,do re mi,digital druglord,blackbear,2017-04-21,212027,76,true,dy3capua3h7iz6vjq1bo02tbz,2023-08-28T20:12:01Z,,Alamo,0.745,0.593,8,-6.35,1,0.0524,0.00522,0.00000506,0.123,0.17,111.001,3
spotify:track:3ebfDw8WEbf0DxGh47R2lo,USUM71911335,I Miss The Days,The Search,NF,2019-07-26,269184,64,false,dy3capua3h7iz6vjq1bo02tbz,2023-08-28T20:12:10Z,christian hip hop,NF Real Music,0.719,0.768,11,-5.658,0,0.19,0.345,0,0.104,0.0979,137.887,4
spotify:track:2RJAKIw6nIkgZVsAIKhmqz,USUG12207965,In My Head,In My Head,Juice WRLD,2022-10-28,192000,65,true,dy3capua3h7iz6vjq1bo02tbz,2023-08-28T20:12:47Z,"melodic rap,emo rap",Grade A Productions/Interscope Records,0.632,0.557,5,-5.643,0,0.0422,0.238,0,0.155,0.282,159.992,4
spotify:track:7sWRlDoTDX8geTR8zzr2vt,USUM71915730,Hollywood's Bleeding,Hollywood's Bleeding,Post Malone,2019-09-06,156266,74,false,dy3capua3h7iz6vjq1bo02tbz,2023-08-28T20:13:03Z,,Republic Records,0.405,0.646,4,-3.206,0,0.0476,0.331,0,0.103,0.17,130.218,4
spotify:track:4TVsTKQVeC99tCjfRKLeob,USQX91903111,white tee,crybaby,Lil Peep;Lil Tracy,2016-06-10,132226,2,true,dy3capua3h7iz6vjq1bo02tbz,2023-08-28T20:13:06Z,"emo rap,cloud rap",Lil Peep,0.8,0.526,11,-8.909,1,0.0416,0.285,0,0.0717,0.729,149.991,4
spotify:track:3a1lNhkSLSkpJE4MSHpDu9,USUM71614484,Congratulations,Stoney (Deluxe),Post Malone;Quavo,2016-12-09,220293,83,true,dy3capua3h7iz6vjq1bo02tbz,2023-08-28T20:13:19Z,,Mercury Records/Republic Owned,0.63,0.804,6,-4.183,1,0.0364,0.215,0,0.253,0.492,123.146,4
spotify:track:4jTiyLlOJVJj3mCr7yfPQD,USUM71417486,This Could Be Us,SremmLife,Rae Sremmurd,2015-01-06,206306,81,true,dy3capua3h7iz6vjq1bo02tbz,2023-08-28T20:13:32Z,,Mike WiLL Made-It,0.732,0.69,0,-4.992,0,0.134,0.291,0,0.116,0.758,143.072,4
spotify:track:32lItqlMi4LBhb4k0BaSaC,USUM71711842,Candy Paint,beerbongs & bentleys,Post Malone,2018-04-27,227533,77,true,dy3capua3h7iz6vjq1bo02tbz,2023-08-28T20:14:02Z,,Republic Records,0.66,0.667,4,-5.941,1,0.156,0.64,0.00000122,0.0753,0.381,180.044,4
spotify:track:0e7ipj03S05BNilyu5bRzt,USUM71710087,rockstar (feat. 21 Savage),beerbongs & bentleys,Post Malone;21 Savage,2018-04-27,218146,84,true,dy3capua3h7iz6vjq1bo02tbz,2023-08-28T20:14:13Z,,Republic Records,0.585,0.52,5,-6.136,0,0.0713,0.124,0.0000775,0.131,0.129,159.798,4
spotify:track:5Z3GHaZ6ec9bsiI5BenrbY,USRC11700144,Young Dumb & Broke,American Teen,Khalid,2017-04-27,202534,87,false,dy3capua3h7iz6vjq1bo02tbz,2023-08-28T20:14:16Z,,"Right Hand Music Group, LLC/RCA Records",0.799,0.539,1,-6.351,1,0.0421,0.199,0.0000166,0.165,0.394,136.948,4
spotify:track:3vWzyGTu6Ovo1GdrcJqH6e,USUM71820737,Scared of the Dark (feat. XXXTENTACION),Spider-Man: Into the Spider-Verse (Soundtrack From & Inspired by the Motion Picture),Lil Wayne;Ty Dolla $ign;XXXTENTACION,2018-12-14,233000,73,false,dy3capua3h7iz6vjq1bo02tbz,2023-08-28T20:14:28Z,"rap,hip hop,trap soul,emo rap",Universal Records,0.549,0.625,0,-6.717,0,0.0682,0.0485,0,0.239,0.158,79.949,4
spotify:track:0t3ZvGKlmYmVsDzBJAXK8C,USUM71912330,Goodbyes (feat. Young Thug),Hollywood's Bleeding,Post Malone;Young Thug,2019-09-06,174853,79,true,dy3capua3h7iz6vjq1bo02tbz,2023-08-28T20:14:38Z,"rap,melodic rap,trap",Republic Records,0.547,0.653,5,-3.875,1,0.081,0.456,0,0.103,0.163,150.097,4
spotify:track:58kZ9spgxmlEznXGu6FPdQ,USQX91702676,Sick Boy,Sick Boy,The Chainsmokers,2018-12-14,193200,65,false,dy3capua3h7iz6vjq1bo02tbz,2023-08-28T20:14:43Z,,Disruptor Records/Columbia,0.663,0.577,11,-7.518,0,0.0531,0.109,0,0.12,0.454,89.996,4
spotify:track:2YioK7sFeVomGoNI8F5dEb,USUG11801696,the 1,the 1,blackbear,2018-08-23,206875,43,false,dy3capua3h7iz6vjq1bo02tbz,2023-08-28T20:14:48Z,,Alamo,0.57,0.53,4,-6.137,0,0.0384,0.0584,0,0.122,0.44,108.077,4
spotify:track:5qrSlOut2rNAWv3ubArkNy,AUUM71800255,Be Alright,A Place We Knew,Dean Lewis,2019-03-22,196493,79,true,dy3capua3h7iz6vjq1bo02tbz,2023-08-28T20:14:50Z,,Universal Music Australia Pty. Ltd.,0.551,0.537,11,-7.595,1,0.034,0.705,0,0.0802,0.493,126.421,4
spotify:track:5vjLSffimiIP26QG5WcN2K,USUM71615568,Hold On,Hold On,Chord Overstreet,2017-02-03,198853,80,false,dy3capua3h7iz6vjq1bo02tbz,2023-08-28T20:14:59Z,,Safehouse Records / Island Records,0.618,0.443,2,-9.681,1,0.0526,0.469,0,0.0829,0.167,119.949,4
spotify:track:4dMN3rD80ygXkqyV47DTSG,USUYG1231907,Falling (feat. blackbear) - blackbear Remix,Falling (feat. blackbear) [blackbear Remix],Trevor Daniel;blackbear,2018-12-14,171968,54,false,dy3capua3h7iz6vjq1bo02tbz,2023-08-28T20:15:06Z,,Alamo,0.803,0.481,1,-6.503,1,0.0361,0.132,0,0.0921,0.433,127.018,4
spotify:track:3swc6WTsr7rl9DqQKQA55C,USUM71710836,Psycho (feat. Ty Dolla $ign),beerbongs & bentleys,Post Malone;Ty Dolla $ign,2018-04-27,221440,80,true,dy3capua3h7iz6vjq1bo02tbz,2023-08-28T20:15:17Z,trap soul,Republic Records,0.75,0.56,8,-8.094,1,0.105,0.546,0,0.111,0.459,140.06,4
spotify:track:7FGq80cy8juXBCD2nrqdWU,USUM71809132,Eastside (with Halsey & Khalid),FRIENDS KEEP SECRETS,benny blanco;Halsey;Khalid,2018-12-07,170769,80,false,dy3capua3h7iz6vjq1bo02tbz,2023-08-28T20:16:02Z,,Friends Keep Secrets/Interscope Records,0.632,0.686,6,-7.665,0,0.243,0.549,0,0.2,0.329,89.949,4
spotify:track:7lGKEWMXVWWTt3X71Bv44I,USUM71400108,Unsteady,VHS,X Ambassadors,2015-06-30,193546,75,false,dy3capua3h7iz6vjq1bo02tbz,2023-08-28T20:16:13Z,,Kid Ina Korner / Interscope,0.389,0.665,0,-6.169,1,0.0644,0.178,0.000732,0.116,0.199,117.055,4
spotify:track:7xQAfvXzm3AkraOtGPWIZg,USUM71822626,Wow.,Hollywood's Bleeding,Post Malone,2019-09-06,149546,80,true,dy3capua3h7iz6vjq1bo02tbz,2023-08-28T20:16:34Z,,Republic Records,0.829,0.538,11,-7.359,0,0.212,0.137,0.00000188,0.103,0.389,99.952,4
spotify:track:3V4pCSmzK7O6z3IKWHlEgJ,TCACR1625858,22 (feat. Delaney),Something to Write Home About,Abstract;Delaney,2016-08-25,375331,0,true,dy3capua3h7iz6vjq1bo02tbz,2023-08-28T20:16:46Z,melbourne bounce,Cyber Syndicate Records,0.725,0.453,9,-9.206,1,0.0702,0.54,0,0.128,0.0548,109.987,4
spotify:track:2C6WXnmZ66tHhHlnvwePiK,USUM71918728,Die For Me (feat. Future & Halsey),Hollywood's Bleeding,Post Malone;Halsey;Future,2019-09-06,245266,69,true,dy3capua3h7iz6vjq1bo02tbz,2023-08-28T20:17:02Z,"rap,trap",Republic Records,0.606,0.66,0,-2.847,1,0.0468,0.19,0,0.211,0.446,145.108,4
spotify:track:0XkifPsgC2kymXSJvhGrtk,USQX91901366,Falling Down - Travis Barker Remix,Falling Down (Travis Barker Remix),Lil Peep;XXXTENTACION;Travis Barker,2019-07-11,241120,50,true,dy3capua3h7iz6vjq1bo02tbz,2023-08-28T20:17:08Z,"emo rap,cloud rap,rap rock",Columbia,0.447,0.801,4,-6.369,0,0.0558,0.0424,0.000866,0.337,0.146,126.862,4
spotify:track:1wJRveJZLSb1rjhnUHQiv6,USAT21812918,Swervin (feat. 6ix9ine),Hoodie SZN,A Boogie Wit da Hoodie;6ix9ine,2018-12-21,189486,71,true,dy3capua3h7iz6vjq1bo02tbz,2023-08-28T20:17:13Z,melodic rap,Highbridge the Label / Atlantic Records,0.581,0.662,9,-5.239,1,0.303,0.0153,0,0.111,0.434,93.023,4
spotify:track:26OhjtaTamFocE08t83ml6,TCACT1646486,"Psycho, Pt. 2","Psycho, Pt. 2",Russ,2016-11-08,161985,69,true,dy3capua3h7iz6vjq1bo02tbz,2023-08-28T20:17:29Z,,Russ My Way Inc,0.766,0.548,10,-4.29,1,0.235,0.775,0.00000557,0.1,0.424,82.944,4
spotify:track:2WsuSYJNXGKXVYkHPnq2yp,USUG11903068,Ransom (with Juice WRLD) - Remix,We Love You Tecca,Lil Tecca;Juice WRLD,2019-08-30,171253,75,true,dy3capua3h7iz6vjq1bo02tbz,2023-08-28T20:17:59Z,"melodic rap,rap,emo rap",Republic Records,0.684,0.671,2,-6.424,0,0.289,0.0119,0,0.0769,0.45,179.987,4
spotify:track:7FIWs0pqAYbP91WWM0vlTQ,USUM72000788,Godzilla (feat. Juice WRLD),Music To Be Murdered By,Eminem;Juice WRLD,2020-01-17,210800,82,true,dy3capua3h7iz6vjq1bo02tbz,2023-08-28T20:18:21Z,"rap,hip hop,melodic rap,emo rap",Shady/Aftermath/Interscope Records,0.808,0.745,10,-5.26,0,0.342,0.145,0,0.292,0.829,165.995,4
spotify:track:29ZXwWOOLz9t5fa3eT3i7T,QMCE31902418,223's (feat. 9lokknine),Melly vs. Melvin,YNW Melly;9lokknine,2019-11-22,176640,72,true,dy3capua3h7iz6vjq1bo02tbz,2023-08-28T20:18:34Z,melodic rap,P2019,0.932,0.547,0,-7.787,0,0.333,0.0388,0,0.0924,0.695,94.998,4
spotify:track:7kDUspsoYfLkWnZR7qwHZl,USUM72014730,my ex's best friend (with blackbear),Tickets To My Downfall,mgk;blackbear,2020-09-25,139460,75,true,dy3capua3h7iz6vjq1bo02tbz,2023-08-28T20:18:38Z,,Bad Boy/Interscope Records,0.731,0.675,5,-5.134,0,0.0434,0.00473,0,0.141,0.298,124.939,4
spotify:track:4mGdjNMo0RonTlOEb7cYg4,USUG11800795,11 Minutes (with Halsey feat. Travis Barker),11 Minutes (with Halsey feat. Travis Barker),YUNGBLUD;Halsey;Travis Barker,2019-02-14,239507,68,true,dy3capua3h7iz6vjq1bo02tbz,2023-08-28T20:19:00Z,rap rock,Locomotion Recordings/Geffen Records,0.464,0.852,11,-3.804,1,0.067,0.0116,0,0.108,0.233,160.075,4
spotify:track:0RLLvYBopDwooCyvnTwgYu,USSM11904899,F.N,True 2 Myself,Lil Tjay,2019-10-11,224000,76,true,dy3capua3h7iz6vjq1bo02tbz,2023-08-28T20:19:12Z,"brooklyn drill,melodic rap",Columbia,0.567,0.515,6,-10.265,0,0.247,0.354,0,0.078,0.321,120.1,1
spotify:track:2VdT56BGpdqNHUgOe1j5vc,USUM71805166,Rich & Sad,beerbongs & bentleys,Post Malone,2018-04-27,206453,66,true,dy3capua3h7iz6vjq1bo02tbz,2023-08-28T20:19:34Z,,Republic Records,0.596,0.571,2,-4.997,1,0.0716,0.201,0,0.0969,0.282,152.132,4
spotify:track:0Xek5rqai2jcOWCYWJfVCF,USUM71915725,Enemies (feat. DaBaby),Hollywood's Bleeding,Post Malone;DaBaby,2019-09-06,196760,66,true,dy3capua3h7iz6vjq1bo02tbz,2023-08-28T20:19:45Z,,Republic Records,0.542,0.674,6,-4.169,1,0.21,0.0588,0,0.0955,0.667,76.388,4
spotify:track:6jRq8gaZhMUyy5RclRPcAf,USUG11902959,hot girl bummer,everything means nothing,blackbear,2020-08-21,188343,82,true,dy3capua3h7iz6vjq1bo02tbz,2023-08-28T20:20:21Z,,Alamo,0.782,0.559,6,-7.106,0,0.0767,0.125,0,0.385,0.685,129.992,1
spotify:track:5de9Ho64dovuQI8Uhn5gPD,USUYG1142046,I Don't Wanna Do This Anymore,Revenge,XXXTENTACION,2017-05-16,87560,71,true,dy3capua3h7iz6vjq1bo02tbz,2023-08-28T20:22:04Z,emo rap,Bad Vibes Forever / EMPIRE,0.433,0.778,4,-7.681,1,0.041,0.843,0,0.139,0.764,114.208,4
spotify:track:1BPBwKueIEMnUcbbs2te7B,USA2P2120184,NUMB,NUMB,Chri$tian Gate$,2021-06-04,112500,64,true,dy3capua3h7iz6vjq1bo02tbz,2023-08-28T20:22:39Z,,Chri$tian Gate$,0.682,0.598,8,-5.694,1,0.264,0.0575,0,0.299,0.823,103.791,4
spotify:track:4JuZQeSRYJfLCqBgBIxxrR,TCACL1611534,Ocean Eyes - Blackbear Remix,Ocean Eyes (The Remixes),Billie Eilish;blackbear,2017-01-13,195306,63,false,dy3capua3h7iz6vjq1bo02tbz,2023-08-28T20:24:48Z,,Darkroom,0.661,0.419,4,-9.807,0,0.0404,0.114,0.0000119,0.0848,0.145,144.98,4
spotify:track:09IOPhEh1OMe0HD9b36FJk,USUM71805169,Over Now,beerbongs & bentleys,Post Malone,2018-04-27,246986,69,true,dy3capua3h7iz6vjq1bo02tbz,2023-08-28T20:26:37Z,,Republic Records,0.569,0.777,4,-4.041,0,0.0834,0.137,0,0.132,0.181,164.029,4
spotify:track:7795WJLVKJoAyVoOtCWqXN,GBUM71308836,I'm Not The Only One,In The Lonely Hour,Sam Smith,2014-05-26,239316,86,false,dy3capua3h7iz6vjq1bo02tbz,2023-08-28T20:28:26Z,soft pop,PLG - Capitol,0.678,0.484,5,-5.795,1,0.0361,0.529,0.0000201,0.0766,0.493,82.004,4
spotify:track:2gQYziDV5cSTRSqr6akzi5,USUM71704625,Take A Step Back,You Will Regret (Reloaded),Ski Mask The Slump God;XXXTENTACION,2018-02-02,210386,5,true,dy3capua3h7iz6vjq1bo02tbz,2023-08-28T20:44:18Z,emo rap,Victor VM,0.8,0.591,6,-8.808,1,0.271,0.111,0,0.429,0.747,117.003,4
spotify:track:1ThmUihH9dF8EV08ku5AXN,USUM71820924,Faucet Failure,STOKELEY,Ski Mask The Slump God,2018-11-30,145626,6,true,dy3capua3h7iz6vjq1bo02tbz,2023-08-28T20:44:47Z,,Republic Records,0.935,0.552,10,-9.373,0,0.335,0.111,0,0.0952,0.616,99.993,4
spotify:track:1ExIc6AQIFUvIhCuomEwrU,QZJ842002912,COWBELL WARRIORS! (feat. Ski Mask The Slump God),COWBELL WARRIORS! (feat. Ski Mask The Slump God),SXMPRA;Ski Mask The Slump God,2023-05-25,149461,0,true,dy3capua3h7iz6vjq1bo02tbz,2023-08-28T20:45:01Z,"phonk,drift phonk,trap metal",SXMPRA LIMITED / 10K Projects,0.741,0.781,7,-5.918,1,0.323,0.0591,0.00000886,0.623,0.54,167.06,4
spotify:track:2xLMifQCjDGFmkHkpNLD9h,USSM11806660,SICKO MODE,ASTROWORLD,Travis Scott,2018-08-03,312820,86,true,dy3capua3h7iz6vjq1bo02tbz,2023-08-28T20:45:33Z,rap,Cactus Jack / Epic,0.834,0.73,8,-3.714,1,0.222,0.00513,0,0.124,0.446,155.008,4
spotify:track:1xzBco0xcoJEDXktl7Jxrr,QM24S1703585,Mo Bamba,MUDBOY,Sheck Wes,2018-10-05,183906,77,true,dy3capua3h7iz6vjq1bo02tbz,2023-08-28T20:45:37Z,,Cactus Jack Records/ G.O.O.D. Music/ Interscope Records,0.729,0.625,4,-5.266,1,0.0315,0.194,0.00986,0.248,0.261,146.034,4
spotify:track:4aVuWgvD0X63hcOCnZtNFA,USSM17800444,Hold the Line,Toto,TOTO,1978-10-10,235552,84,false,dy3capua3h7iz6vjq1bo02tbz,2023-08-28T20:45:50Z,"yacht rock,soft rock",Columbia,0.473,0.898,6,-4.797,0,0.0561,0.00783,0.0618,0.173,0.808,96.556,4
spotify:track:56sxN1yKg1dgOZXBcAHkJG,QMTM61200406,"Gone, Gone, Gone",The World From The Side Of The Moon,Phillip Phillips,2012-01-01,209693,80,false,dy3capua3h7iz6vjq1bo02tbz,2023-08-28T20:46:14Z,folk pop,19 Recordings/Interscope,0.664,0.642,6,-5.961,1,0.038,0.129,0,0.114,0.501,118.006,4
spotify:track:2RsAajgo0g7bMCHxwH3Sk0,USGF19942503,Come As You Are,Nevermind (Remastered),Nirvana,1991-09-26,218920,86,false,dy3capua3h7iz6vjq1bo02tbz,2023-08-28T20:46:44Z,"grunge,rock",Geffen,0.5,0.824,4,-5.846,0,0.0388,0.00016,0.00161,0.0916,0.539,120.125,4
spotify:track:2uns3Zgiz6Bt4e6Me77wKb,USUM71505919,Fear,VHS,X Ambassadors;Imagine Dragons,2015-06-30,161586,36,false,dy3capua3h7iz6vjq1bo02tbz,2023-08-28T20:47:48Z,,Kid Ina Korner / Interscope,0.386,0.799,11,-4.663,0,0.0898,0.00847,0.000119,0.0907,0.608,133.355,4
spotify:track:6rXKkGRJQspRVNcGdcmsGy,USUM71505922,Low Life,VHS,X Ambassadors;Jamie N Commons,2015-06-30,280813,41,false,dy3capua3h7iz6vjq1bo02tbz,2023-08-28T20:47:53Z,southern gothic,Kid Ina Korner / Interscope,0.431,0.592,0,-4.882,1,0.0852,0.0426,0,0.114,0.205,139.592,4
spotify:track:0X8nUI33fv2e6RZ9kdh1gp,USUM71505935,Nervous,VHS,X Ambassadors,2015-06-30,213053,32,false,dy3capua3h7iz6vjq1bo02tbz,2023-08-28T20:47:58Z,,Kid Ina Korner / Interscope,0.609,0.931,1,-3.353,1,0.0436,0.0213,0.00064,0.414,0.555,138.027,4
spotify:track:5fLyx1aAfUguFckG6UAFlD,USUM71505925,Feather,VHS,X Ambassadors,2015-06-30,196320,30,false,dy3capua3h7iz6vjq1bo02tbz,2023-08-28T20:48:02Z,,Kid Ina Korner / Interscope,0.561,0.854,7,-4.604,0,0.0665,0.0538,0.00146,0.0853,0.705,150.071,5
spotify:track:488hQYmk2SYf31tnetVILV,USUM71505927,Loveless,VHS,X Ambassadors,2015-06-30,199240,31,false,dy3capua3h7iz6vjq1bo02tbz,2023-08-28T20:48:10Z,,Kid Ina Korner / Interscope,0.327,0.869,0,-4.37,0,0.24,0.000894,0.000112,0.112,0.394,142.996,4
spotify:track:7hm7Xr5s08xxvVoElyIzco,QZK6Q2130470,Tears Falling Down Her Face,Tears Falling Down Her Face,GHO$†BOY,2021-06-21,198182,37,false,dy3capua3h7iz6vjq1bo02tbz,2023-08-28T20:49:50Z,emo rap,2986333 Records DK,0.546,0.654,7,-5.854,1,0.0386,0.00373,0,0.2,0.0487,144.928,4
spotify:track:3ZZq9396zv8pcn5GYVhxUi,USSM18100411,Down Under,Business As Usual,Men At Work,1981-11-09,222320,85,false,dy3capua3h7iz6vjq1bo02tbz,2023-08-28T20:49:55Z,,Columbia,0.739,0.459,11,-14.42,0,0.0294,0.129,0.0194,0.0474,0.892,107.115,4
spotify:track:6InKj0hzX0CFIUmvkFYnFp,ZAC031400045,Down South,Trading Change,Jeremy Loops;Motheo Moleko,2015-08-14,241106,57,false,dy3capua3h7iz6vjq1bo02tbz,2023-08-28T20:49:59Z,folk pop,Jeremy Loops,0.559,0.779,1,-5.525,1,0.0588,0.0835,0,0.191,0.677,84.862,4
spotify:track:2qxmye6gAegTMjLKEBoR3d,USAT21802284,Let Me Down Slowly,Narrated For You,Alec Benjamin,2018-11-16,169353,85,false,dy3capua3h7iz6vjq1bo02tbz,2023-08-28T20:50:11Z,,2018,0.652,0.557,1,-5.714,0,0.0318,0.74,0,0.124,0.483,150.073,4
spotify:track:5YnxnTS89l3FElIwfIAeSs,USSM12005922,SO DONE,F*CK LOVE 3+: OVER YOU,The Kid LAROI,2021-07-27,126521,65,false,dy3capua3h7iz6vjq1bo02tbz,2023-08-28T20:50:16Z,,Columbia,0.719,0.598,9,-6.254,1,0.077,0.232,0,0.115,0.303,142.592,4
spotify:track:0JmGVy7IzUM27My3UuEOOZ,USUM70955396,Knock You Down,In A Perfect World...,Keri Hilson;Kanye West;Ne-Yo,2009-01-01,326186,71,true,dy3capua3h7iz6vjq1bo02tbz,2023-08-28T20:50:47Z,rap,Mosley / Interscope,0.587,0.878,8,-4.781,1,0.16,0.00922,0,0.171,0.646,155.167,4
spotify:track:4qZLvqy5Wg4sgQ9gKusb1B,USUM72303405,Not So Bad (Leans Gone Cold),Sremm 4 Life,Rae Sremmurd,2023-04-07,198904,65,true,dy3capua3h7iz6vjq1bo02tbz,2023-08-28T20:51:33Z,,Eardruma Records/Interscope Records,0.755,0.437,7,-8.764,0,0.0741,0.151,0,0.106,0.42,145.967,4
spotify:track:6FE2iI43OZnszFLuLtvvmg,USSM11301446,Classic,MKTO,MKTO,2012,175426,82,false,dy3capua3h7iz6vjq1bo02tbz,2023-08-28T20:51:44Z,,Columbia/M2V,0.72,0.791,1,-4.689,1,0.124,0.0384,0,0.157,0.756,102.071,4
spotify:track:2MUZpKO4mbYKMfBf3YkwRF,USSM11204962,Thank You,MKTO,MKTO,2012,229880,40,false,dy3capua3h7iz6vjq1bo02tbz,2023-08-28T20:51:48Z,,Columbia/M2V,0.65,0.942,11,-4.751,1,0.0692,0.0162,0,0.149,0.8,126.009,4
spotify:track:4UKCKdYiLN6IMA5ZESUTL7,USUG11800488,the remedy for a broken heart (why am I so in love),?,XXXTENTACION,2018-03-16,160184,73,true,dy3capua3h7iz6vjq1bo02tbz,2023-08-28T20:53:31Z,emo rap,"Bad Vibes Forever, LLC",0.699,0.304,1,-11.192,1,0.0993,0.779,0.000993,0.137,0.271,119.705,4
spotify:track:1I8tHoNBFTuoJAlh4hfVVE,SEBGA1400887,Firestone,Cloud Nine,Kygo;Conrad Sewell,2016-05-13,271634,81,false,dy3capua3h7iz6vjq1bo02tbz,2023-08-28T20:55:38Z,tropical house,Kygo,0.704,0.634,11,-7.374,0,0.0428,0.393,0.0000317,0.0952,0.411,113.927,4
spotify:track:0azC730Exh71aQlOt9Zj3y,GBARL1600460,This Is What You Came For,This Is What You Came For,Calvin Harris;Rihanna,2016-04-29,221900,81,false,dy3capua3h7iz6vjq1bo02tbz,2023-08-28T20:55:39Z,edm,Columbia,0.631,0.927,9,-2.787,0,0.0332,0.199,0.119,0.148,0.465,123.962,4
spotify:track:09IStsImFySgyp0pIQdqAc,USUM71800463,The Middle,The Middle,Zedd;Maren Morris;Grey,2018-01-23,184732,82,false,dy3capua3h7iz6vjq1bo02tbz,2023-08-28T20:55:47Z,"edm,country",UMGRI Interscope,0.753,0.657,7,-3.061,1,0.0449,0.171,0,0.112,0.437,107.01,4
spotify:track:1NpW5kyvO4XrNJ3rnfcNy3,USAT21104103,Wild Ones (feat. Sia),Wild Ones,Flo Rida;Sia,2012-06-22,232946,85,false,dy3capua3h7iz6vjq1bo02tbz,2023-08-28T20:55:48Z,,Poe Boy/Atlantic,0.608,0.86,5,-5.324,0,0.0554,0.0991,0,0.262,0.437,127.075,4
spotify:track:5tf1VVWniHgryyumXyJM7w,DEA621501057,Sugar (feat. Francesco Yates),Sugar,Robin Schulz;Francesco Yates,2015-09-25,219043,83,false,dy3capua3h7iz6vjq1bo02tbz,2023-08-28T20:55:51Z,tropical house,Tonspiel,0.636,0.815,5,-5.098,0,0.0581,0.0185,0,0.163,0.636,123.063,4
spotify:track:6RUKPb4LETWmmr3iAEQktW,USQX91700278,Something Just Like This,Memories...Do Not Open,The Chainsmokers;Coldplay,2017-04-07,247160,89,false,dy3capua3h7iz6vjq1bo02tbz,2023-08-28T20:55:56Z,,Disruptor Records/Columbia,0.617,0.635,11,-6.769,0,0.0317,0.0498,0.0000144,0.164,0.446,103.019,4
spotify:track:3ebXMykcMXOcLeJ9xZ17XH,NLM5S1600025,Scared to Be Lonely,Scared to Be Lonely,Martin Garrix;Dua Lipa,2017-01-27,220883,78,false,dy3capua3h7iz6vjq1bo02tbz,2023-08-28T20:55:59Z,"edm,progressive house,electronica,pop",Epic Amsterdam,0.584,0.54,1,-7.786,0,0.0576,0.0895,0,0.261,0.195,137.972,4
spotify:track:2CPqh63wRVscbceKcPxwvv,SE3AA1600005,The Ocean (feat. Shy Martin),The Ocean (feat. Shy Martin),Mike Perry;shy martin,2016-04-15,183414,69,false,dy3capua3h7iz6vjq1bo02tbz,2023-08-28T20:56:06Z,tropical house,DF Records,0.632,0.575,5,-6.478,1,0.029,0.0225,0.00000181,0.104,0.188,90.037,4
spotify:track:5WHTFyqSii0lmT9R21abT8,GBUM71808052,Don't Call Me Up,Ivy To Roses (Mixtape),Mabel,2019-01-18,178480,74,false,dy3capua3h7iz6vjq1bo02tbz,2023-08-28T20:56:09Z,,Polydor Records,0.674,0.881,9,-2.853,1,0.147,0.296,0.00000301,0.0793,0.234,98.994,4
spotify:track:0lYBSQXN6rCTvUZvg9S0lU,QMZSY1600015,Let Me Love You,Encore,DJ Snake;Justin Bieber,2016-08-05,205946,90,false,dy3capua3h7iz6vjq1bo02tbz,2023-08-28T20:56:10Z,,DJ Snake Def Jam,0.475,0.715,8,-5.371,1,0.058,0.0863,0.0000267,0.135,0.159,199.892,4
spotify:track:2dpaYNEQHiRxtZbfNsse99,USUG11801651,Happier,Happier,Marshmello;Bastille,2018-08-17,214289,12,false,dy3capua3h7iz6vjq1bo02tbz,2023-08-28T20:56:13Z,edm,Astralwerks,0.687,0.792,5,-2.749,1,0.0452,0.191,0,0.167,0.671,100.011,4
spotify:track:0HPD5WQqrq7wPWR7P7Dw1i,USRC10900433,TiK ToK,Animal (Expanded Edition),Kesha,2010-01-01,199693,87,false,dy3capua3h7iz6vjq1bo02tbz,2023-08-28T20:56:22Z,,RCA Records Label,0.755,0.837,2,-2.718,0,0.142,0.0991,0,0.289,0.714,120.028,4
spotify:track:4356Typ82hUiFAynbLYbPn,USLF21000041,DJ Got Us Fallin' In Love (feat. Pitbull),Raymond v Raymond (Expanded Edition),USHER;Pitbull,2010-03-30,220800,87,false,dy3capua3h7iz6vjq1bo02tbz,2023-08-28T20:56:23Z,r&b,LaFace Records,0.663,0.861,7,-3.398,0,0.109,0.0338,0,0.082,0.654,119.963,4
spotify:track:4kLLWz7srcuLKA7Et40PQR,USUM70965169,I Gotta Feeling,THE E.N.D. (THE ENERGY NEVER DIES) [Deluxe Version],Black Eyed Peas,2009-01-01,289133,87,false,dy3capua3h7iz6vjq1bo02tbz,2023-08-28T20:56:24Z,,Interscope,0.744,0.766,0,-6.375,1,0.0265,0.0873,0,0.509,0.61,127.966,4
spotify:track:5yDL13y5giogKs2fSNf7sj,GBUM71104495,Glad You Came,Battleground (Deluxe Edition),The Wanted,2011-01-01,197935,81,false,dy3capua3h7iz6vjq1bo02tbz,2023-08-28T20:56:25Z,,Universal-Island Records Ltd.,0.722,0.851,7,-3.873,0,0.0639,0.0319,0,0.108,0.452,126.885,4
spotify:track:2gam98EZKrF9XuOkU13ApN,USUM70603473,Promiscuous,Loose,Nelly Furtado;Timbaland,2006-01-01,242293,90,false,dy3capua3h7iz6vjq1bo02tbz,2023-08-28T20:56:26Z,,Mosley / Geffen,0.808,0.97,10,-6.098,0,0.0504,0.0573,0.0000617,0.154,0.868,114.328,4
spotify:track:6brl7bwOHmGFkNw3MBqssT,USUM70501633,So Sick,In My Own Words,Ne-Yo,2006-01-01,207186,84,false,dy3capua3h7iz6vjq1bo02tbz,2023-08-28T20:56:27Z,,Def Soul,0.452,0.574,6,-8.336,1,0.311,0.245,0,0.189,0.578,92.795,4
spotify:track:0SiywuOBRcynK0uKGWdCnn,USUM70918596,Bad Romance,The Fame Monster (Deluxe Edition),Lady Gaga,2009-11-05,294573,88,true,dy3capua3h7iz6vjq1bo02tbz,2023-08-28T20:56:31Z,"art pop,pop",Interscope,0.695,0.921,0,-3.752,1,0.0363,0.00314,0.0000526,0.0842,0.714,119.007,4
spotify:track:5rb9QrpfcKFHM1EUbSIurX,USAR10301423,Yeah! (feat. Lil Jon & Ludacris),Confessions (Expanded Edition),USHER;Lil Jon;Ludacris,2004-03-23,250373,88,false,dy3capua3h7iz6vjq1bo02tbz,2023-08-28T20:56:32Z,"r&b,crunk,southern hip hop",LaFace Records,0.894,0.791,2,-4.699,1,0.112,0.0183,0,0.0388,0.583,105.018,4
spotify:track:6ebkx7Q5tTxrCxKq4GYj0Y,USAT21001281,Club Can't Handle Me (feat. David Guetta),Only One Flo (Part 1),Flo Rida;David Guetta,2010-11-24,234560,84,false,dy3capua3h7iz6vjq1bo02tbz,2023-08-28T20:56:34Z,edm,Poe Boy/Atlantic,0.616,0.869,0,-3.911,1,0.0327,0.0283,0,0.064,0.473,127.966,4
spotify:track:7vWFaMq63AwkFDhS2OAg5u,USUM71026190,The Time (Dirty Bit),The Beginning (Deluxe),Black Eyed Peas,2010-01-01,307640,78,false,dy3capua3h7iz6vjq1bo02tbz,2023-08-28T20:56:35Z,,A&M,0.816,0.814,6,-7.798,0,0.0663,0.0661,0.00000276,0.602,0.436,127.978,4
spotify:track:0TwBtDAWpkpM3srywFVOV5,USSM10305425,Crazy In Love (feat. JAŸ-Z),Dangerously In Love,Beyoncé;JAŸ-Z,2003-03-10,235933,84,false,dy3capua3h7iz6vjq1bo02tbz,2023-08-28T20:56:37Z,"hip hop,east coast hip hop,rap",Columbia,0.664,0.759,2,-6.583,0,0.209,0.00238,0,0.0598,0.701,99.252,4
spotify:track:3ZFTkvIE7kyPt6Nu3PEa7V,USSM10600677,Hips Don't Lie (feat. Wyclef Jean),"Oral Fixation, Vol. 2 (Expanded Edition)",Shakira;Wyclef Jean,2005-11-28,218093,19,false,dy3capua3h7iz6vjq1bo02tbz,2023-08-28T20:56:38Z,latin pop,Epic,0.778,0.824,10,-5.892,0,0.0707,0.284,0,0.405,0.758,100.024,4
spotify:track:20I6sIOMTCkB6w7ryavxtO,CAB391100615,Call Me Maybe,Kiss,Carly Rae Jepsen,2012-01-01,193400,86,false,dy3capua3h7iz6vjq1bo02tbz,2023-08-28T20:56:40Z,,Silent Records IGA,0.782,0.58,7,-6.548,1,0.0407,0.0114,0.00000228,0.108,0.66,120.021,4
spotify:track:3E7dfMvvCLUddWissuqMwr,USHR10924519,Party In The U.S.A.,The Time Of Our Lives (International Version),Miley Cyrus,2009-01-01,202066,84,false,dy3capua3h7iz6vjq1bo02tbz,2023-08-28T20:56:43Z,,Hollywood Records,0.652,0.698,10,-4.667,0,0.042,0.00112,0.000115,0.0886,0.47,96.021,4
spotify:track:6I9VzXrHxO9rA9A5euc8Ak,USJI10301005,Toxic,In The Zone,Britney Spears,2003-11-13,198800,88,false,dy3capua3h7iz6vjq1bo02tbz,2023-08-28T20:56:46Z,pop,Jive,0.774,0.838,5,-3.914,0,0.114,0.0249,0.025,0.242,0.924,143.04,4
spotify:track:4E5P1XyAFtrjpiIxkydly4,USRE10901161,Replay,Replay,Iyaz,2009-08-18,182306,86,false,dy3capua3h7iz6vjq1bo02tbz,2023-08-28T20:56:47Z,,Time Is Money/Beluga Heights/Reprise,0.706,0.751,9,-6.323,1,0.0708,0.173,0,0.168,0.195,91.031,4
spotify:track:7wZUrN8oemZfsEd1CGkbXE,GBHMU0700049,Bleeding Love,Spirit,Leona Lewis,2007,262466,83,false,dy3capua3h7iz6vjq1bo02tbz,2023-08-28T20:56:50Z,,Syco Music UK,0.638,0.656,5,-5.886,1,0.0357,0.188,0,0.146,0.225,104.036,4
spotify:track:0JiY190vktuhSGN6aqJdrt,USLF20800067,So What,Funhouse (Expanded Edition),P!nk,2008-10-24,215160,79,true,dy3capua3h7iz6vjq1bo02tbz,2023-08-28T20:56:52Z,,LaFace Records,0.534,0.87,11,-3.078,0,0.0425,0.000334,0,0.241,0.462,126.019,4
spotify:track:6dgWWAs5yhWPOtvE1zuoQ1,USUM70609115,Big Girls Don't Cry (Personal),The Dutchess,Fergie,2006-09-13,268120,77,false,dy3capua3h7iz6vjq1bo02tbz,2023-08-28T20:56:53Z,,Will I Am / Fergie LP1,0.707,0.642,7,-4.271,1,0.0337,0.204,0,0.0925,0.249,113.083,4
spotify:track:2QtxlzvSBONjs1bDC34ixs,USJI11000230,Yeah 3x,F.A.M.E. (Expanded Edition),Chris Brown,2011-03-22,241666,71,true,dy3capua3h7iz6vjq1bo02tbz,2023-08-28T20:56:54Z,r&b,Jive,0.705,0.882,11,-3.201,0,0.0445,0.000369,0.00000116,0.0934,0.7,130,4
spotify:track:7EQGXaVSyEDsCWKmUcfpLk,USRC11201008,Die Young,Warrior (Expanded Edition),Kesha,2012-11-30,211920,83,false,dy3capua3h7iz6vjq1bo02tbz,2023-08-28T20:56:58Z,,Kemosabe Records/RCA Records,0.711,0.7,1,-4.805,0,0.046,0.00498,0.000125,0.215,0.801,128.001,4
spotify:track:3U5JVgI2x4rDyHGObzJfNf,GBARL0400707,Unwritten,Unwritten,Natasha Bedingfield,2004-08-30,259333,90,false,dy3capua3h7iz6vjq1bo02tbz,2023-08-28T20:57:00Z,,Sony Music CG,0.706,0.8,5,-6.333,1,0.0399,0.00584,0,0.0822,0.629,100.011,4
spotify:track:0mZ5GyrHG908lqrHaTw4hi,USJAY0700190,No One,No One (Remixes),Alicia Keys,2007-10-09,254523,81,false,dy3capua3h7iz6vjq1bo02tbz,2023-08-28T20:57:08Z,"r&b,neo soul",J Records/Legacy,0.641,0.552,1,-5.423,0,0.0283,0.027,0.00000463,0.148,0.152,90.098,4
spotify:track:6QFCMUUq1T2Vf5sFUXcuQ7,USUM71205367,Beauty And A Beat,Believe,Justin Bieber;Nicki Minaj,2012-01-01,227986,93,false,dy3capua3h7iz6vjq1bo02tbz,2023-08-28T20:57:08Z,,RBMG/Def Jam,0.601,0.843,0,-4.87,1,0.0593,0.000704,0.0000527,0.0681,0.534,128.002,4
spotify:track:5xEM5hIgJ1jjgcEBfpkt2F,USAR10200223,Complicated,Let Go,Avril Lavigne,2002-06-04,244506,88,false,dy3capua3h7iz6vjq1bo02tbz,2023-08-28T20:57:18Z,,Arista,0.585,0.776,5,-5.898,1,0.0459,0.0572,0.00000774,0.3,0.427,77.987,4
spotify:track:30cSNer6TV8x2utjULVeQ5,USUM70507379,SOS,A Girl Like Me,Rihanna,2006-04-10,238920,82,false,dy3capua3h7iz6vjq1bo02tbz,2023-08-28T20:57:19Z,,Def Jam Recordings,0.677,0.671,7,-4.905,1,0.0361,0.004,0.0000507,0.413,0.527,137.046,4
spotify:track:0k2GOhqsrxDTAbFFSdNJjT,USAT20505520,Temperature,The Trinity,Sean Paul,2005-09-27,216320,87,false,dy3capua3h7iz6vjq1bo02tbz,2023-08-28T20:57:21Z,dancehall,VP Records,0.951,0.6,0,-4.675,0,0.0685,0.106,0,0.0712,0.822,125.04,4
spotify:track:1zusIxNqJu8i4g6P6hJ2Qa,GBUM70711275,Mercy,Rockferry,Duffy,2008,219920,72,false,dy3capua3h7iz6vjq1bo02tbz,2023-08-28T20:57:23Z,,Polydor Records,0.793,0.859,0,-3.774,1,0.0332,0.266,0.000356,0.133,0.964,129.911,4
spotify:track:5Lgcn7u07bHuqbOtXkN62u,USJI10700711,With You,Exclusive (Expanded Edition),Chris Brown,2007-11-06,252120,82,false,dy3capua3h7iz6vjq1bo02tbz,2023-08-28T20:57:24Z,r&b,Jive,0.662,0.693,3,-4.298,1,0.0698,0.134,0,0.145,0.655,86.009,4
spotify:track:2q4rjDy9WhaN3o9MvDbO21,USUM70848200,Kiss Me Thru The Phone,iSouljaBoyTellem,Soulja Boy;Sammie,2008-01-01,193386,84,false,dy3capua3h7iz6vjq1bo02tbz,2023-08-28T20:57:27Z,,Collipark / Interscope,0.758,0.712,7,-3.781,1,0.112,0.0188,0,0.0677,0.794,150.001,4
spotify:track:3nMb7ToWIxYvmaIG20z6ux,GBUM71029652,Tonight (I'm Fuckin' You),Euphoria,Enrique Iglesias;Ludacris;DJ Frank E,2010,232213,71,true,dy3capua3h7iz6vjq1bo02tbz,2023-08-28T20:57:28Z,"latin pop,latin,southern hip hop",Universal Music Group International,0.648,0.89,0,-3.982,0,0.0523,0.0294,0.00000358,0.116,0.321,125.953,4
spotify:track:2PpruBYCo4H7WOBJ7Q2EwM,USAR10300924,Hey Ya!,Speakerboxxx/The Love Below,Outkast,2003,235213,87,true,dy3capua3h7iz6vjq1bo02tbz,2023-08-28T20:57:30Z,"southern hip hop,hip hop",Arista,0.727,0.974,4,-2.261,0,0.0664,0.103,0.000532,0.174,0.965,79.526,4
spotify:track:0qOnSQQF0yzuPWsXrQ9paz,USAT21101071,Stereo Hearts (feat. Adam Levine),The Papercut Chronicles II,Gym Class Heroes;Adam Levine,2011-11-11,210960,88,false,dy3capua3h7iz6vjq1bo02tbz,2023-08-28T20:57:31Z,,Decaydance/Fueled By Ramen,0.646,0.795,9,-3.293,1,0.0976,0.0319,0,0.267,0.796,89.99,4
spotify:track:3kMrazSvILsgcwtidZd1Qd,GBUM70903779,Bulletproof,La Roux,La Roux,2009,205733,77,false,dy3capua3h7iz6vjq1bo02tbz,2023-08-28T20:57:35Z,,Polydor Records,0.674,0.882,3,-2.771,0,0.0477,0.000441,0.0000662,0.068,0.682,123.017,4
spotify:track:6AxCr5G75R5rqyNCYWVpTo,GBUM71029512,Higher,Rokstarr (Special Edition),Taio Cruz;Kylie Minogue,2010-01-01,187626,67,false,dy3capua3h7iz6vjq1bo02tbz,2023-08-28T20:57:36Z,dance pop,Universal-Island Records Ltd.,0.672,0.906,8,-5.069,0,0.0709,0.0048,0.0000339,0.156,0.743,128.029,4
spotify:track:4b4c0oH7PtrPsI86drzgFs,GBUM71202380,Chasing The Sun,The Wanted (Special Edition),The Wanted,2012-01-01,198800,72,false,dy3capua3h7iz6vjq1bo02tbz,2023-08-28T20:57:38Z,,Universal-Island Records Ltd.,0.637,0.732,7,-6.209,0,0.0965,0.244,0,0.498,0.68,128.108,4
spotify:track:45hOioMDJktr86iKDHC8gr,USRC10700021,Girlfriend,The Best Damn Thing (Expanded Edition),Avril Lavigne,2007-04-17,216600,82,true,dy3capua3h7iz6vjq1bo02tbz,2023-08-28T20:57:39Z,,RCA Records Label,0.56,0.959,7,-2.433,1,0.102,0.000722,0.000221,0.209,0.669,163.983,4
spotify:track:5D2mYZuzcgjpchVY1pmTPh,USIR10500072,Candy Shop,The Massacre,50 Cent;Olivia,2005-03-03,209106,83,true,dy3capua3h7iz6vjq1bo02tbz,2023-08-28T20:57:42Z,"old school hip hop,east coast hip hop",Aftermath/Shady,0.613,0.574,11,-7.961,1,0.467,0.0253,0.0000313,0.38,0.755,125.18,5
spotify:track:66TRwr5uJwPt15mfFkzhbi,USUM70742048,Crank That (Soulja Boy),souljaboytellem.com,Soulja Boy,2007-01-01,221933,79,false,dy3capua3h7iz6vjq1bo02tbz,2023-08-28T20:57:43Z,,Collipark / Interscope,0.733,0.74,0,-2.18,1,0.0905,0.513,0,0.0468,0.799,140.2,4
spotify:track:01TuObJVd7owWchVRuQbQw,USUM71302526,#thatPOWER,#willpower (Deluxe),will.i.am;Justin Bieber,2013-01-01,279506,73,false,dy3capua3h7iz6vjq1bo02tbz,2023-08-28T20:57:45Z,,Interscope,0.797,0.607,6,-6.096,0,0.0585,0.00112,0.0000752,0.0748,0.399,128.01,4
spotify:track:4T4NLIMypdmyUwK54jECk4,USUYG1352918,Too Little Too Late,The High Road,JoJo,2006-10-17,221720,2,false,dy3capua3h7iz6vjq1bo02tbz,2023-08-28T20:57:46Z,,"Blackground Records, LLC",0.421,0.799,6,-5.183,0,0.0562,0.00871,0.0000163,0.0794,0.731,82.408,4
spotify:track:13gOqDCPmaJaGuNoQZojM4,QZMER2179621,ROACHES,ROACHES,KILLEDDY,2021-09-24,126857,0,true,dy3capua3h7iz6vjq1bo02tbz,2023-08-28T20:57:58Z,trap metal,FUCK KILLEDDY I FUCKING HATE KILLEDDY,0.684,0.667,5,-6.159,1,0.0476,0.00199,0.0294,0.41,0.403,139.999,4
spotify:track:5uCax9HTNlzGybIStD3vDh,DEE861600586,Say You Won't Let Go,Back from the Edge,James Arthur,2016-10-28,211477,86,false,dy3capua3h7iz6vjq1bo02tbz,2023-08-28T20:58:05Z,soft pop,Columbia,0.358,0.557,10,-7.398,1,0.059,0.695,0,0.0902,0.494,85.043,4
spotify:track:3CKCZ9pfwAfoMZlMncA1Nc,GBBKS1000348,Set Fire to the Rain,21,Adele,2011-01-19,241693,3,false,dy3capua3h7iz6vjq1bo02tbz,2023-08-28T20:58:06Z,soft pop,XL Recordings/Columbia,0.61,0.683,2,-3.879,0,0.0253,0.00382,0.00000179,0.125,0.466,108.003,4
spotify:track:7wMq5n8mYSKlQIGECKUgTX,GBARL1201055,Hall of Fame (feat. will.i.am),#3 Deluxe Version,The Script;will.i.am,2012-09-10,202533,85,false,dy3capua3h7iz6vjq1bo02tbz,2023-08-28T20:58:08Z,,Epic/Phonogenic,0.421,0.873,10,-4.343,1,0.0564,0.0654,0,0.123,0.629,84.786,4
spotify:track:3U4isOIWM3VvDubwSI3y7a,USSM11303954,All of Me,Love In The Future (Expanded Edition),John Legend,2013-08-30,269556,88,false,dy3capua3h7iz6vjq1bo02tbz,2023-08-28T20:58:09Z,"soft pop,neo soul",G.O.O.D. Music/Columbia,0.422,0.264,8,-7.064,1,0.0322,0.922,0,0.132,0.331,119.93,4
spotify:track:2dLLR6qlu5UJ5gk0dKz0h3,NZUM71200031,Royals,Pure Heroine,Lorde,2013-09-27,190185,81,false,dy3capua3h7iz6vjq1bo02tbz,2023-08-28T20:58:11Z,,Universal Music New Zealand Limited,0.674,0.426,7,-9.504,1,0.122,0.12,0,0.132,0.337,84.876,4
spotify:track:466s1BacUmiRdR3ISvNjyx,USUM71409737,Bang Bang,My Everything (Deluxe),Jessie J;Ariana Grande;Nicki Minaj,2014-08-22,199320,63,false,dy3capua3h7iz6vjq1bo02tbz,2023-08-28T20:58:11Z,pop,Universal Records,0.703,0.747,0,-4.446,0,0.0894,0.283,0,0.396,0.699,149.974,4
spotify:track:6kwAbEjseqBob48jCus7Sz,USRC11400976,Elastic Heart,1000 Forms Of Fear,Sia,2014-07-07,257200,81,false,dy3capua3h7iz6vjq1bo02tbz,2023-08-28T20:58:12Z,,Monkey Puzzle Records/RCA Records,0.421,0.791,9,-4.998,1,0.0496,0.0117,0.0000148,0.146,0.499,130.075,4
spotify:track:4SPLWgCPoKwULz2UTM8TKg,GBAHS1700199,Symphony (feat. Zara Larsson),So Good,Clean Bandit;Zara Larsson,2017-03-17,212553,1,false,dy3capua3h7iz6vjq1bo02tbz,2023-08-28T20:58:13Z,,Epic/Record Company TEN,0.718,0.609,0,-4.699,0,0.043,0.281,0.0000329,0.234,0.497,122.95,4
spotify:track:3QGsuHI8jO1Rx4JWLUh9jd,USUM71604711,Treat You Better,Illuminate,Shawn Mendes,2017-04-20,187973,94,false,dy3capua3h7iz6vjq1bo02tbz,2023-08-28T20:58:14Z,,Island Records,0.443,0.82,10,-4.091,0,0.34,0.107,0,0.107,0.771,82.697,4
spotify:track:5AEtlRudpgdT5FtNiuly6Y,USUM71709685,"Let Me Go (with Alesso, Florida Georgia Line & watt)","Let Me Go (with Alesso, Florida Georgia Line & watt)",Hailee Steinfeld;Alesso;Florida Georgia Line;WATT,2017-09-08,174800,2,false,dy3capua3h7iz6vjq1bo02tbz,2023-08-28T20:58:15Z,"edm,country,pop country,acoustic country",Universal Music Group,0.659,0.717,8,-4.202,1,0.0581,0.0393,0,0.0769,0.71,103.036,4
spotify:track:6RnkFd8Fqqgk1Uni8RgqCQ,GB28K1820005,Like I Do,Like I Do,David Guetta;Martin Garrix;Brooks,2018-02-22,202500,62,false,dy3capua3h7iz6vjq1bo02tbz,2023-08-28T20:58:19Z,"edm,progressive house,electronica,future house",Parlophone (France),0.635,0.9,0,-3.719,0,0.0377,0.00664,0.0145,0.37,0.15,127.978,4
spotify:track:1rfofaqEpACxVEHIZBJe6W,USSM11706905,Havana (feat. Young Thug),Camila,Camila Cabello;Young Thug,2018-01-12,217308,85,false,dy3capua3h7iz6vjq1bo02tbz,2023-08-28T20:58:20Z,"rap,melodic rap,trap",Syco Music/Epic,0.765,0.523,2,-4.333,1,0.03,0.184,0.0000356,0.132,0.394,104.988,4
spotify:track:5CLGzJsGqhCEECcpnFQA8x,GBAHS1701239,"These Days (feat. Jess Glynne, Macklemore & Dan Caplen)","These Days (feat. Jess Glynne, Macklemore & Dan Caplen)",Rudimental;Jess Glynne;Macklemore;Dan Caplen,2018-01-19,210772,70,false,dy3capua3h7iz6vjq1bo02tbz,2023-08-28T20:58:22Z,,Atlantic Records UK,0.653,0.809,0,-4.057,1,0.0474,0.194,0,0.165,0.55,92.213,4
spotify:track:0u2P5u6lvoDfwTYjAADbn4,USUM71804190,lovely (with Khalid),lovely (with Khalid),Billie Eilish;Khalid,2018-04-19,200185,88,false,dy3capua3h7iz6vjq1bo02tbz,2023-08-28T20:58:23Z,,Darkroom,0.351,0.296,4,-10.109,0,0.0333,0.934,0,0.095,0.12,115.284,4
spotify:track:2tUBqZG2AbRi7Q0BIrVrEj,USAR18700121,I Wanna Dance with Somebody (Who Loves Me),Whitney,Whitney Houston,1987-06-02,292875,87,false,dy3capua3h7iz6vjq1bo02tbz,2023-08-28T20:58:26Z,,Arista/Legacy,0.709,0.824,1,-8.824,1,0.0453,0.207,0.000307,0.0888,0.867,118.818,4
spotify:track:3HRQtRUYnnuZY7fE900XtJ,USSM19932790,Don't Stop Believin',80s 100 Hits,Journey,2010-03-01,248200,60,false,dy3capua3h7iz6vjq1bo02tbz,2023-08-28T20:58:30Z,"aor,classic rock",Sony Music Entertainment,0.495,0.779,4,-8.106,1,0.0415,0.253,0,0.395,0.462,119.197,4
spotify:track:40dJCw4xU6Bd5ie9rfagNo,GBF088590110,Everybody Wants To Rule The World,Songs From The Big Chair,Tears For Fears,1985-02-25,251480,5,false,dy3capua3h7iz6vjq1bo02tbz,2023-08-28T20:58:32Z,"new wave,synthpop",Universal Music Group,0.637,0.811,7,-11.345,1,0.0583,0.363,0.00451,0.107,0.552,112.053,4
spotify:track:5vdp5UmvTsnMEMESIF2Ym7,GBUM71029605,Another One Bites The Dust - Remastered 2011,The Game (2011 Remaster),Queen,1980-06-27,214653,53,false,dy3capua3h7iz6vjq1bo02tbz,2023-08-28T20:58:35Z,"classic rock,rock,glam rock",EMI,0.933,0.528,5,-6.472,0,0.161,0.112,0.312,0.163,0.754,109.967,4
spotify:track:5ChkMS8OtdzJeqyybCc9R5,USSM19902991,Billie Jean,Thriller 25 Super Deluxe Edition,Michael Jackson,2008-02-08,293826,81,false,dy3capua3h7iz6vjq1bo02tbz,2023-08-28T20:58:35Z,,Epic/Legacy,0.92,0.654,11,-3.051,0,0.0401,0.0236,0.0153,0.036,0.847,117.046,4
spotify:track:2WfaOiMkCvy7F5fcp2zZ8L,USWB19901214,Take on Me,Hunting High and Low,a-ha,1985-06-01,225280,90,false,dy3capua3h7iz6vjq1bo02tbz,2023-08-28T20:58:36Z,"new wave,synthpop",Rhino,0.573,0.902,6,-7.638,0,0.054,0.018,0.00125,0.0928,0.876,84.412,4
spotify:track:4MPTj8lMMvxLwT3EwuXFop,USUG11800560,Call Out My Name,"My Dear Melancholy,",The Weeknd,2018-03-30,228373,2,false,dy3capua3h7iz6vjq1bo02tbz,2023-08-28T20:58:37Z,,Universal Republic Records,0.449,0.599,1,-4.892,1,0.0369,0.211,0,0.327,0.165,134.144,3
spotify:track:5VuxWXbt7XENQCtE9TzpTv,USUM71805153,Spoil My Night (feat. Swae Lee),beerbongs & bentleys,Post Malone;Swae Lee,2018-04-27,194560,63,true,dy3capua3h7iz6vjq1bo02tbz,2023-08-28T20:58:39Z,,Republic Records,0.671,0.716,1,-2.714,1,0.034,0.341,0.0000223,0.106,0.238,160.986,4
spotify:track:5lZZmityu9TAjNvSY6GLhR,USUM71805167,Zack And Codeine,beerbongs & bentleys,Post Malone,2018-04-27,204360,61,true,dy3capua3h7iz6vjq1bo02tbz,2023-08-28T20:58:40Z,,Republic Records,0.738,0.824,5,-5.165,0,0.0437,0.148,0,0.132,0.386,138.033,4
spotify:track:5ffntNJnJOeFv7b7DCd0Bw,USUM71805168,Takin' Shots,beerbongs & bentleys,Post Malone,2018-04-27,216746,60,true,dy3capua3h7iz6vjq1bo02tbz,2023-08-28T20:58:41Z,,Republic Records,0.763,0.621,0,-6.241,1,0.0865,0.609,0,0.464,0.596,120.049,4
spotify:track:6IaieqiCVvsNvEt6Y7yOFa,USUM71710834,Ball For Me (feat. Nicki Minaj),beerbongs & bentleys,Post Malone;Nicki Minaj,2018-04-27,206266,65,true,dy3capua3h7iz6vjq1bo02tbz,2023-08-28T20:58:42Z,,Republic Records,0.774,0.55,6,-4.166,0,0.301,0.51,0,0.0786,0.538,134.042,4
spotify:track:4qWCFTuNnmGNdY4egtb4ZY,USUM71805171,Otherside,beerbongs & bentleys,Post Malone,2018-04-27,228226,63,true,dy3capua3h7iz6vjq1bo02tbz,2023-08-28T20:58:42Z,,Republic Records,0.652,0.641,9,-5.667,0,0.0353,0.324,0.00000273,0.208,0.111,104.929,4
spotify:track:4H7WNRErSbONkM06blBoGc,USUM71805172,Stay,beerbongs & bentleys,Post Malone,2018-04-27,204426,72,true,dy3capua3h7iz6vjq1bo02tbz,2023-08-28T20:58:43Z,,Republic Records,0.506,0.48,5,-5.418,1,0.0266,0.449,0,0.147,0.351,86.042,4
spotify:track:1ZemPoaj7LBj1RAQrb89EC,USUM71805173,Blame It On Me,beerbongs & bentleys,Post Malone,2018-04-27,261799,61,false,dy3capua3h7iz6vjq1bo02tbz,2023-08-28T20:58:44Z,,Republic Records,0.652,0.592,11,-7.274,0,0.0418,0.142,0.00000561,0.164,0.271,121.875,4
spotify:track:1D2L6MefbXon28PzIk9I3r,USUM71805176,92 Explorer,beerbongs & bentleys,Post Malone,2018-04-27,211426,66,true,dy3capua3h7iz6vjq1bo02tbz,2023-08-28T20:58:46Z,,Republic Records,0.798,0.733,7,-4.811,0,0.0475,0.265,0.00000126,0.114,0.862,146.047,4
spotify:track:0MrRAUcB8AZiB9ue2VOBYe,USUM71805177,Sugar Wraith,beerbongs & bentleys,Post Malone,2018-04-27,228146,64,true,dy3capua3h7iz6vjq1bo02tbz,2023-08-28T20:58:47Z,,Republic Records,0.607,0.775,5,-4.269,0,0.067,0.262,0,0.1,0.307,164.026,4
spotify:track:2iuZJX9X9P0GKaE93xcPjk,USUM71410340,Sugar,V,Maroon 5,2014-09-02,235493,84,true,dy3capua3h7iz6vjq1bo02tbz,2023-08-28T20:59:22Z,pop,Interscope Records*,0.748,0.788,1,-7.055,1,0.0334,0.0591,0,0.0863,0.884,120.076,4
spotify:track:6JV2JOEocMgcZxYSZelKcc,USRC11600876,"CAN'T STOP THE FEELING! (from DreamWorks Animation's ""TROLLS"")","CAN'T STOP THE FEELING! (from DreamWorks Animation's ""TROLLS"")",Justin Timberlake,2016-05-06,236001,81,false,dy3capua3h7iz6vjq1bo02tbz,2023-08-28T20:59:29Z,,Villa 40/RCA Records,0.666,0.83,0,-5.715,1,0.0751,0.0123,0,0.191,0.702,113.03,4
spotify:track:0n4bITAu0Y0nigrz3MFJMb,USUM71307668,Blurred Lines,Blurred Lines (Deluxe),Robin Thicke;T.I.;Pharrell Williams,2013-01-01,263826,80,true,dy3capua3h7iz6vjq1bo02tbz,2023-08-28T20:59:29Z,southern hip hop,The Neptunes,0.853,0.599,7,-4.756,1,0.0411,0.00334,0.00000793,0.0759,0.843,119.993,4
spotify:track:6Knv6wdA0luoMUuuoYi2i1,USAT21500384,My House,My House,Flo Rida,2015-04-07,192190,81,false,dy3capua3h7iz6vjq1bo02tbz,2023-08-28T20:59:41Z,,Poe Boy/Atlantic,0.688,0.702,7,-4.792,0,0.0499,0.0215,0,0.128,0.74,94.006,4
spotify:track:5T7ZFtCcOgkpjxcuaeZbw0,GBHMU1300102,Best Song Ever,Midnight Memories (Deluxe),One Direction,2013-11-25,200111,79,false,dy3capua3h7iz6vjq1bo02tbz,2023-08-28T20:59:46Z,,Syco Music,0.652,0.877,1,-2.986,1,0.0465,0.0227,0,0.0789,0.486,118.491,4
spotify:track:6epn3r7S14KUqlReYr77hA,USUM70919263,Baby,My World 2.0,Justin Bieber;Ludacris,2010-01-01,214240,89,false,dy3capua3h7iz6vjq1bo02tbz,2023-08-28T20:59:55Z,southern hip hop,RBMG/Def Jam,0.728,0.859,5,-5.237,0,0.137,0.0401,0,0.111,0.535,65.043,4
spotify:track:0KAiuUOrLTIkzkpfpn9jb9,USSM11106876,Drive By,California 37,Train,2012-04-17,195973,81,false,dy3capua3h7iz6vjq1bo02tbz,2023-08-28T21:00:25Z,soft pop,Columbia,0.765,0.837,1,-3.113,0,0.032,0.00107,0.0000106,0.0801,0.721,122.028,4
spotify:track:76hfruVvmfQbw0eYn1nmeC,USUM71514637,Cake By The Ocean,DNCE,DNCE,2016-11-18,219146,86,true,dy3capua3h7iz6vjq1bo02tbz,2023-08-28T21:00:31Z,,Joseph Jonas/Republic Records,0.774,0.753,4,-5.446,0,0.0517,0.152,0,0.0371,0.896,119.002,4
spotify:track:5pmL3RzOy3IvGFaSDi4hZL,GBUM71108857,Hangover,TY.O (International Version),Taio Cruz;Flo Rida,2011-01-01,244906,74,true,dy3capua3h7iz6vjq1bo02tbz,2023-08-28T21:00:41Z,,Universal-Island Records Ltd.,0.606,0.883,3,-3.243,1,0.0423,0.00872,0,0.0698,0.608,128.053,4
spotify:track:4QNpBfC0zvjKqPJcyqBy9W,USJAY1100032,Give Me Everything (feat. Nayer),Planet Pit (Deluxe Version),Pitbull;AFROJACK;Ne-Yo;Nayer,2011-06-17,252306,91,false,dy3capua3h7iz6vjq1bo02tbz,2023-08-28T21:00:46Z,"edm,big room",Mr.305/Polo Grounds Music/J Records,0.671,0.939,8,-3.206,1,0.161,0.191,0,0.298,0.53,129.024,4
spotify:track:3rfhI32Il2hVRKDkuGeeen,USJAY1000153,Hey Baby (Drop It to the Floor) (feat. T-Pain),Planet Pit (Deluxe Version),Pitbull;T-Pain,2011-06-17,234453,83,false,dy3capua3h7iz6vjq1bo02tbz,2023-08-28T21:00:51Z,,Mr.305/Polo Grounds Music/J Records,0.595,0.912,10,-3.428,0,0.0884,0.0434,0,0.259,0.762,128.024,4
spotify:track:6s8nHXTJVqFjXE4yVZPDHR,GBARL1201891,Troublemaker (feat. Flo Rida),Right Place Right Time (Expanded Edition),Olly Murs;Flo Rida,2012-11-26,185586,78,false,dy3capua3h7iz6vjq1bo02tbz,2023-08-28T21:01:12Z,,Epic,0.762,0.863,0,-3.689,0,0.0561,0.015,0,0.125,0.965,106.012,4
spotify:track:6YUTL4dYpB9xZO5qExPf05,GBARL1400296,Summer,Motion,Calvin Harris,2014-10-31,222533,88,false,dy3capua3h7iz6vjq1bo02tbz,2023-08-28T21:01:21Z,edm,Columbia,0.596,0.856,4,-3.556,0,0.0346,0.0211,0.0178,0.141,0.743,127.949,4
spotify:track:22mek4IiqubGD9ctzxc69s,GBARL1500704,How Deep Is Your Love,How Deep Is Your Love,Calvin Harris;Disciples,2015-07-17,212495,79,false,dy3capua3h7iz6vjq1bo02tbz,2023-08-28T21:01:26Z,edm,Columbia,0.738,0.868,11,-4.373,0,0.0731,0.0392,0.00169,0.388,0.336,122.003,4
spotify:track:22VdIZQfgXJea34mQxlt81,USUG11500741,Can't Feel My Face,Beauty Behind The Madness,The Weeknd,2015-08-28,213520,86,false,dy3capua3h7iz6vjq1bo02tbz,2023-08-28T21:01:29Z,,The Weeknd/Lyric,0.705,0.769,9,-5.526,0,0.0425,0.113,0,0.105,0.583,107.949,4
spotify:track:25KybV9BOUlvcnv7nN3Pyo,USUG11500951,In The Night,Beauty Behind The Madness,The Weeknd,2015-08-28,235653,75,true,dy3capua3h7iz6vjq1bo02tbz,2023-08-28T21:01:31Z,,The Weeknd/Lyric,0.505,0.68,7,-4.993,1,0.0714,0.0796,0,0.0465,0.539,168.022,3
spotify:track:3Tu7uWBecS6GsLsL8UONKn,USRC11201120,Don't Stop the Party (feat. TJR),Global Warming: Meltdown (Deluxe Version),Pitbull;TJR,2012,206122,72,false,dy3capua3h7iz6vjq1bo02tbz,2023-08-28T21:01:35Z,"melbourne bounce,big room,uk garage",Mr.305/Polo Grounds Music/RCA Records,0.722,0.958,4,-3.617,1,0.0912,0.00726,0,0.375,0.952,127.008,4
spotify:track:3W3KtDwAIg3mAruSpnfG3Q,GBUM71400597,Fancy,The New Classic (Deluxe Version),Iggy Azalea;Charli xcx,2014-01-01,199938,72,true,dy3capua3h7iz6vjq1bo02tbz,2023-08-28T21:01:43Z,"hyperpop,art pop",EMI,0.912,0.716,10,-4.141,0,0.0698,0.0904,0,0.0491,0.377,94.981,4
spotify:track:4B4zDmbHdkXZ1wUJv1yKFy,USWB11400672,Wiggle (feat. Snoop Dogg),Tattoos (Deluxe Edition),Jason Derulo;Snoop Dogg,2013-09-16,193295,70,false,dy3capua3h7iz6vjq1bo02tbz,2023-08-28T21:01:44Z,"g-funk,west coast hip hop,gangster rap,old school hip hop,hip hop,rap",Beluga Heights/Warner Records,0.697,0.621,9,-6.886,0,0.25,0.0802,0,0.162,0.721,81.946,4
spotify:track:4VrWlk8IQxevMvERoX08iC,USRC11400498,Chandelier,1000 Forms Of Fear,Sia,2014-07-07,216120,85,false,dy3capua3h7iz6vjq1bo02tbz,2023-08-28T21:01:58Z,,Monkey Puzzle Records/RCA Records,0.399,0.787,1,-2.88,1,0.0499,0.0197,0.0000607,0.0685,0.572,117.089,5
spotify:track:1mKXFLRA179hdOWQBwUk9e,USRC11200786,Just Give Me a Reason (feat. Nate Ruess),The Truth About Love,P!nk;Nate Ruess,2012-09-18,242721,91,false,dy3capua3h7iz6vjq1bo02tbz,2023-08-28T21:02:05Z,,RCA Records Label,0.778,0.547,2,-7.273,1,0.0489,0.344,0.000306,0.132,0.442,95,4
spotify:track:4esOae7i4rqTbAu9o5Pxco,USRC11201015,Girl on Fire,Girl on Fire (Remixes) - EP,Alicia Keys,2012-11-18,224920,82,false,dy3capua3h7iz6vjq1bo02tbz,2023-08-28T21:02:07Z,"r&b,neo soul",RCA Records Label,0.482,0.706,9,-5.762,1,0.0607,0.135,0.00106,0.105,0.144,92.513,4
spotify:track:3ueoTboomKEQpI3r9z47Kg,USLF21000103,F**kin' Perfect - Radio Edit,F**kin' Perfect (Radio Edit),P!nk,2010-12-15,213720,74,false,dy3capua3h7iz6vjq1bo02tbz,2023-08-28T21:02:10Z,,LaFace Records,0.561,0.653,7,-4.918,1,0.0349,0.0418,0,0.347,0.496,91.961,4
spotify:track:4PFAm88FBkY7IFtvCaGctZ,GBCTA0400230,Breakaway,Breakaway,Kelly Clarkson,2004,237000,74,false,dy3capua3h7iz6vjq1bo02tbz,2023-08-28T21:02:15Z,christmas,RCA Records Label,0.268,0.716,9,-4.151,0,0.0337,0.0421,0.00000988,0.108,0.393,160.008,3
spotify:track:4UPcXTh26ilb7owtuyHqNI,USRC10602180,Keep Holding On,The Best Damn Thing (Expanded Edition),Avril Lavigne,2007-04-17,239906,66,false,dy3capua3h7iz6vjq1bo02tbz,2023-08-28T21:02:17Z,,RCA Records Label,0.162,0.786,7,-2.353,1,0.038,0.0374,0,0.143,0.138,161.192,3
spotify:track:4fq2YUONcgrCJ2SPndSeKC,GBCTA0900011,Already Gone,All I Ever Wanted,Kelly Clarkson,2009-03-06,281560,59,false,dy3capua3h7iz6vjq1bo02tbz,2023-08-28T21:02:19Z,christmas,RCA Records Label,0.209,0.872,9,-2.996,1,0.0757,0.217,0,0.0768,0.294,78.139,4
spotify:track:3XyMPyuWwHcGMvXeJY6Qt0,USRC11200924,Girl On Fire (feat. Nicki Minaj) - Inferno Version,Girl On Fire,Alicia Keys;Nicki Minaj,2012-11-26,270723,57,false,dy3capua3h7iz6vjq1bo02tbz,2023-08-28T21:02:36Z,"r&b,neo soul",RCA Records Label,0.591,0.808,9,-5.943,1,0.288,0.0869,0.00396,0.147,0.337,92.864,4
spotify:track:3kSXn1osC89W8JcPLozTzs,USSM11506529,Stand By You,Wildfire,Rachel Platten,2016-01-01,219000,64,false,dy3capua3h7iz6vjq1bo02tbz,2023-08-28T21:02:40Z,,Columbia,0.506,0.897,9,-4.632,1,0.26,0.146,0.000451,0.0868,0.525,188.03,4
spotify:track:6PUIzlqotEmPuBfjbwYWOB,GBUM71304610,Summertime Sadness (Lana Del Rey Vs. Cedric Gervais) - Cedric Gervais Remix,Summertime Sadness (Lana Del Rey Vs. Cedric Gervais) [Cedric Gervais Remix],Lana Del Rey;Cedric Gervais,2013-02-01,214912,78,false,dy3capua3h7iz6vjq1bo02tbz,2023-08-28T21:02:59Z,edm,Polydor Records,0.572,0.81,1,-5.791,0,0.0558,0.0157,0.00000653,0.13,0.11,126.052,4
spotify:track:1HFfMOxCAT4GAwaPfCdmUs,NLB8R1400002,Waves - Robin Schulz Radio Edit,Waves (Robin Schulz Radio Edit),Mr. Probz;Robin Schulz,2014-02-07,208133,81,false,dy3capua3h7iz6vjq1bo02tbz,2023-08-28T21:03:06Z,tropical house,Left Lane Recordings,0.829,0.51,5,-9.334,0,0.0369,0.00821,0.00143,0.0829,0.45,119.994,4
spotify:track:36JWGQRW85mJYLXvnryEzL,GBCEN0801462,Day 'N' Nite,Day 'n Nite,Kid Cudi;Crookers,2008-01-01,162386,54,false,dy3capua3h7iz6vjq1bo02tbz,2023-08-28T21:03:32Z,italian trap,ARS Entertainment N.V.,0.781,0.738,11,-5.579,0,0.0562,0.141,0.00243,0.093,0.968,130.008,4
spotify:track:360UM2DaiHZPRu0EsrOvMp,USUM70913828,If We Ever Meet Again (Featuring Katy Perry),Shock Value II,Timbaland;Katy Perry,2009-01-01,292706,74,false,dy3capua3h7iz6vjq1bo02tbz,2023-08-28T21:03:39Z,pop,Timbaland,0.652,0.605,8,-7.371,1,0.0393,0.00481,0,0.0605,0.394,126.091,4
spotify:track:22skzmqfdWrjJylampe0kt,GMM881200002,Can't Hold Us (feat. Ray Dalton),The Heist,Macklemore;Ryan Lewis;Macklemore & Ryan Lewis;Ray Dalton,2012-10-09,258431,89,false,dy3capua3h7iz6vjq1bo02tbz,2023-08-28T21:03:42Z,,Macklemore,0.633,0.927,2,-4.468,1,0.0839,0.0267,0,0.0986,0.88,146.097,4
spotify:track:1fidCEsYlaVE3pHwKCvpFZ,USWB11304681,Am I Wrong,Black Star Elephant,Nico & Vinz,2014,245866,83,false,dy3capua3h7iz6vjq1bo02tbz,2023-08-28T21:03:44Z,,Warner Records,0.729,0.675,8,-6.003,1,0.0312,0.175,0.00000158,0.55,0.779,119.968,4
spotify:track:0FDzzruyVECATHXKHFs9eJ,GBAYE1400217,A Sky Full of Stars,Ghost Stories,Coldplay,2014-05-16,267866,89,false,dy3capua3h7iz6vjq1bo02tbz,2023-08-28T21:03:51Z,,Parlophone UK,0.545,0.675,6,-6.474,1,0.0279,0.00617,0.00197,0.209,0.162,124.97,4
spotify:track:0mUyMawtxj1CJ76kn9gIZK,USWB10401971,Bad Day,Daniel Powter,Daniel Powter,2005-02-22,233640,79,false,dy3capua3h7iz6vjq1bo02tbz,2023-08-28T21:03:54Z,,Warner Records,0.599,0.785,3,-4.013,1,0.0309,0.448,0.00336,0.151,0.52,140.046,4
spotify:track:2goLsvvODILDzeeiT4dAoR,GBAHT9803002,Believe,Believe,Cher,1998,239026,84,false,dy3capua3h7iz6vjq1bo02tbz,2023-08-28T21:03:59Z,,Warner Records,0.652,0.917,6,-6.72,1,0.0548,0.0082,0,0.0509,0.459,132.975,4
spotify:track:2J4Alm5zUad4hB5bY2HhtV,USRC11400456,Wild Wild Love (feat. G.R.L.),Globalization,Pitbull;G.R.L.,2014-11-24,203045,55,false,dy3capua3h7iz6vjq1bo02tbz,2023-08-28T21:04:14Z,,Mr.305/Polo Grounds Music/RCA Records,0.66,0.685,2,-6.658,1,0.0477,0.0165,0,0.442,0.32,119.991,4
spotify:track:6FB3v4YcR57y4tXFcdxI1E,USCJY1231039,I Knew You Were Trouble.,Red (Big Machine Radio Release Special),Taylor Swift,2012-10-22,219720,78,false,dy3capua3h7iz6vjq1bo02tbz,2023-08-28T21:04:19Z,,Taylor Swift,0.622,0.469,3,-6.798,0,0.0363,0.00454,0.00000225,0.0335,0.679,77.019,4
spotify:track:1u8c2t2Cy7UBoG4ArRcF5g,USCJY1431309,Blank Space,1989 (Deluxe),Taylor Swift,2014-01-01,231826,88,false,dy3capua3h7iz6vjq1bo02tbz,2023-08-28T21:04:21Z,,Taylor Swift,0.76,0.703,5,-5.412,1,0.054,0.103,0,0.0913,0.57,95.997,4
spotify:track:0TvQLMecTE8utzoNmvXRbK,USCJY1431369,Bad Blood,1989,Taylor Swift,2014-01-01,211933,76,false,dy3capua3h7iz6vjq1bo02tbz,2023-08-28T21:04:27Z,,Taylor Swift,0.652,0.802,7,-6.114,1,0.181,0.0871,0.00000645,0.148,0.295,170.157,4
spotify:track:6VrLYoQKdhu1Jruei06t65,GBUM71401330,Somebody To You,Meet The Vamps,The Vamps,2014-01-01,185097,73,false,dy3capua3h7iz6vjq1bo02tbz,2023-08-28T21:04:39Z,,EMI,0.525,0.818,3,-5.952,1,0.0358,0.0581,0,0.333,0.897,171.962,4
spotify:track:6fNhZRFEkBfgW39W3wKARJ,GBAAA1200795,Pompeii,Bad Blood,Bastille,2013-01-01,214147,80,false,dy3capua3h7iz6vjq1bo02tbz,2023-08-28T21:04:46Z,,Virgin Records,0.679,0.715,9,-6.383,1,0.0407,0.0755,0,0.271,0.571,127.435,4
spotify:track:213x4gsFDm04hSqIUkg88w,USUM71201073,On Top Of The World,Night Visions,Imagine Dragons,2012-09-04,192280,77,false,dy3capua3h7iz6vjq1bo02tbz,2023-08-28T21:04:48Z,,Kid Ina Korner / Interscope,0.63,0.924,0,-5.589,1,0.145,0.0841,0.00000356,0.084,0.763,100.045,4
spotify:track:5PRRthP9SLfbXB359MfIWv,GBUM71204769,I Will Wait,Babel (Deluxe Version),Mumford & Sons,2012-09-21,276720,74,false,dy3capua3h7iz6vjq1bo02tbz,2023-08-28T21:04:59Z,"folk,indie folk,folk rock",Dew Process,0.486,0.769,1,-5.14,1,0.0341,0.0119,0.00832,0.197,0.393,131.286,4
spotify:track:2KrN3MCNztKcSleZgHEj83,GBUM70909097,Little Lion Man,Sigh No More,Mumford & Sons,2009-01-01,245173,71,true,dy3capua3h7iz6vjq1bo02tbz,2023-08-28T21:05:03Z,"folk,indie folk,folk rock",Universal-Island Records Ltd.,0.517,0.492,5,-8.05,1,0.0272,0.0275,0.0000319,0.0873,0.455,138.585,4
spotify:track:6PwjJ58I4t7Mae9xfZ9l9v,USIR20400195,Somebody Told Me,Hot Fuss,The Killers,2004,197200,86,false,dy3capua3h7iz6vjq1bo02tbz,2023-08-28T21:05:08Z,alternative rock,Island Records,0.497,0.97,10,-4.851,0,0.0836,0.0000904,0.000674,0.101,0.689,138.081,4
spotify:track:2ixsaeFioXJmMgkkbd4uj1,GBARL1400477,Budapest,Wanted on Voyage (Expanded Edition),George Ezra,2014-06-30,200573,84,false,dy3capua3h7iz6vjq1bo02tbz,2023-08-28T21:05:17Z,,Columbia,0.717,0.455,5,-8.303,1,0.0276,0.0846,0,0.11,0.389,127.812,4
spotify:track:1qDrWA6lyx8cLECdZE7TV7,AUZS21100040,Somebody That I Used To Know,Making Mirrors,Gotye;Kimbra,2011-01-01,244884,85,false,dy3capua3h7iz6vjq1bo02tbz,2023-08-28T21:05:19Z,,Universal-Island Records Ltd.,0.865,0.521,0,-6.932,1,0.0371,0.548,0.000115,0.0989,0.748,129.059,4
spotify:track:2vzMWO0T008m86yDnXwkII,GBARL1400476,Blame It on Me,Wanted on Voyage (Expanded Edition),George Ezra,2014-06-30,195527,74,false,dy3capua3h7iz6vjq1bo02tbz,2023-08-28T21:05:21Z,,Columbia,0.537,0.757,3,-3.374,1,0.0274,0.473,0,0.341,0.421,103.882,4
spotify:track:3dYD57lRAUcMHufyqn9GcI,IEACJ1300031,Take Me To Church,Hozier,Hozier,2014-09-19,241688,85,false,dy3capua3h7iz6vjq1bo02tbz,2023-08-28T21:05:23Z,,Universal-Island Records Ltd.,0.575,0.664,4,-5.303,0,0.0481,0.637,0,0.116,0.437,129.071,4
spotify:track:5qaEfEh1AtSdrdrByCP7qR,USUM71201071,Demons,Night Visions,Imagine Dragons,2012-09-04,177506,86,false,dy3capua3h7iz6vjq1bo02tbz,2023-08-28T21:05:25Z,,Kid Ina Korner / Interscope,0.5,0.71,3,-3.015,1,0.0339,0.19,0.00025,0.269,0.419,89.929,4
spotify:track:04aAxqtGp5pv12UXAg4pkq,USUM71412644,Centuries,American Beauty/American Psycho,Fall Out Boy,2015-01-16,228360,85,false,dy3capua3h7iz6vjq1bo02tbz,2023-08-28T21:05:28Z,"emo,pop punk",Island Records,0.393,0.858,4,-2.868,0,0.0729,0.00359,0,0.102,0.56,176.042,4
spotify:track:7ueP5u2qkdZbIPN2YA6LR0,USP6L1000053,Sail,Megalithic Symphony,AWOLNATION,2011-03-15,259093,76,false,dy3capua3h7iz6vjq1bo02tbz,2023-08-28T21:05:32Z,,Red Bull Records,0.826,0.436,1,-9.583,1,0.0558,0.441,0.615,0.0964,0.272,119.051,4
spotify:track:2E43WFS4rRc09za2r2GmZl,USUM71300299,My Songs Know What You Did In The Dark (Light Em Up),Save Rock And Roll,Fall Out Boy,2013-04-12,186826,79,false,dy3capua3h7iz6vjq1bo02tbz,2023-08-28T21:05:33Z,"emo,pop punk",Island Records,0.557,0.924,9,-4.341,0,0.064,0.0271,0.00000332,0.537,0.566,151.988,4
spotify:track:3kX6cdhy9XQBPL81GvEt0Q,USP6L1180110,Sail - Unlimited Gravity Remix,Megalithic Symphony (10th Anniversary Deluxe Edition),AWOLNATION;Unlimited Gravity,2021-03-15,349654,51,false,dy3capua3h7iz6vjq1bo02tbz,2023-08-28T21:05:38Z,glitch,Red Bull Records,0.578,0.462,1,-7.762,1,0.0603,0.187,0.129,0.128,0.45,149.774,4
spotify:track:5TvE3pk05pyFIGdSY9j4DJ,USSM11306713,Say Something,Is There Anybody Out There? - Track by Track Commentary,A Great Big World;Christina Aguilera,2014-01-16,229400,68,false,dy3capua3h7iz6vjq1bo02tbz,2023-08-28T21:05:45Z,,Epic,0.407,0.147,2,-8.822,1,0.0355,0.857,0.00000289,0.0913,0.0765,141.284,3
spotify:track:7w87IxuO7BDcJ3YUqCyMTT,USSM11002931,Pumped Up Kicks,Torches,Foster The People,2011-05-23,239600,89,false,dy3capua3h7iz6vjq1bo02tbz,2023-08-28T21:05:47Z,,Columbia,0.733,0.71,5,-5.849,0,0.0292,0.145,0.115,0.0956,0.965,127.975,4
spotify:track:7JJmb5XwzOO8jgpou264Ml,USUM71702833,There's Nothing Holdin' Me Back,Illuminate (Deluxe),Shawn Mendes,2017-04-20,199440,91,false,dy3capua3h7iz6vjq1bo02tbz,2023-08-28T21:05:59Z,,Island Records,0.866,0.811,11,-4.063,0,0.0553,0.375,0,0.078,0.969,121.995,4
spotify:track:5cF0dROlMOK5uNZtivgu50,USAT21700928,Attention,Voicenotes,Charlie Puth,2018-05-11,208786,89,false,dy3capua3h7iz6vjq1bo02tbz,2023-08-28T21:06:03Z,soft pop,Artist Partner,0.775,0.613,3,-4.586,0,0.0542,0.109,0.0000233,0.134,0.797,100.066,4
spotify:track:4rHZZAmHpZrA3iH5zx8frV,USRC11300059,Mirrors,The 20/20 Experience (Deluxe Version),Justin Timberlake,2013-03-15,485598,88,false,dy3capua3h7iz6vjq1bo02tbz,2023-08-28T21:06:11Z,,RCA Records Label,0.574,0.512,5,-6.664,0,0.0503,0.234,0,0.0946,0.512,76.899,4
spotify:track:5XRHGXut00SrJUFmcn2lQF,USUM70984099,All The Right Moves,Waking Up,OneRepublic,2009-01-01,238000,38,false,dy3capua3h7iz6vjq1bo02tbz,2023-08-28T21:06:24Z,,Mosley / Interscope,0.529,0.948,0,-3.527,1,0.0474,0.258,0.00000935,0.283,0.65,146.024,4
spotify:track:1RidHM9BC4M8DpfSQ6YLJh,GBARL1401280,Up (feat. Demi Lovato),Never Been Better (Expanded Edition),Olly Murs;Demi Lovato,2014-11-24,224293,67,false,dy3capua3h7iz6vjq1bo02tbz,2023-08-28T21:06:43Z,,Epic,0.692,0.831,9,-5.389,1,0.034,0.0146,0,0.103,0.676,114.972,4
spotify:track:5jt5c2xD0B64SuE8ndfQlb,GBHMU1500133,Second Hand Heart (feat. Kelly Clarkson),Ben Haenow,Ben Haenow;Kelly Clarkson,2015-11-13,240762,46,false,dy3capua3h7iz6vjq1bo02tbz,2023-08-28T21:06:46Z,christmas,Syco Music,0.664,0.794,1,-4.525,1,0.0447,0.0151,0,0.1,0.459,119.954,4
spotify:track:48Hb8h1VlqQDqQHcjkCRK4,GBHMU1400223,Something I Need,Ben Haenow,Ben Haenow,2015-11-13,227484,46,false,dy3capua3h7iz6vjq1bo02tbz,2023-08-28T21:06:49Z,,Syco Music,0.618,0.774,5,-5.676,1,0.039,0.0473,0,0.156,0.442,100.993,4
spotify:track:4gbVRS8gloEluzf0GzDOFc,USUM71407116,Maps,V,Maroon 5,2014-09-02,189960,86,false,dy3capua3h7iz6vjq1bo02tbz,2023-08-28T21:06:55Z,pop,Interscope Records*,0.742,0.713,1,-5.522,0,0.0303,0.0205,0,0.059,0.879,120.032,4
spotify:track:13P5rwmk2EsoFRIz9UCeh9,USWB11301764,Cool Kids,Talking Dreams (Deluxe Edition),Echosmith,2013-10-04,237626,74,false,dy3capua3h7iz6vjq1bo02tbz,2023-08-28T21:06:58Z,,Warner Records,0.719,0.671,8,-6.279,1,0.0336,0.0372,0.00000821,0.12,0.786,130.027,4
spotify:track:3RiPr603aXAoi4GHyXx0uy,GBAYE1500979,Hymn for the Weekend,A Head Full of Dreams,Coldplay,2015-12-04,258266,87,false,dy3capua3h7iz6vjq1bo02tbz,2023-08-28T21:07:00Z,,Parlophone UK,0.491,0.693,0,-6.487,0,0.0377,0.211,0.00000692,0.325,0.412,90.027,4
spotify:track:3CRDbSIZ4r5MsZ0YwxuEkn,USAT21500597,Stressed Out,Blurryface,Twenty One Pilots,2015-05-15,202333,89,false,dy3capua3h7iz6vjq1bo02tbz,2023-08-28T21:07:03Z,,Fueled By Ramen,0.734,0.637,4,-5.677,0,0.141,0.0462,0.0000229,0.0602,0.648,169.977,4
spotify:track:1kPpge9JDLpcj15qgrPbYX,USUM71206288,Good Time,The Midsummer Station,Owl City;Carly Rae Jepsen,2012-08-17,205933,80,false,dy3capua3h7iz6vjq1bo02tbz,2023-08-28T21:07:06Z,,Universal Records,0.56,0.872,3,-4.269,1,0.14,0.0239,0.00000698,0.371,0.682,126.05,4
spotify:track:0pqnGHJpmpxLKifKRmU6WP,USUM71700626,Believer,Evolve,Imagine Dragons,2017-06-23,204346,88,false,dy3capua3h7iz6vjq1bo02tbz,2023-08-28T21:07:08Z,,Kid Ina Korner / Interscope,0.776,0.78,10,-4.374,0,0.128,0.0622,0,0.081,0.666,124.949,4
spotify:track:1zB4vmk8tFRmM9UULNzbLB,USUM71704167,Thunder,Evolve,Imagine Dragons,2017-06-23,187146,87,false,dy3capua3h7iz6vjq1bo02tbz,2023-08-28T21:07:10Z,,Kid Ina Korner / Interscope,0.604,0.822,0,-4.833,1,0.0438,0.00672,0.134,0.147,0.288,167.997,4
spotify:track:7k5EcszNwUturoU20TTy1G,USUM71204753,Shooting Star,The Midsummer Station,Owl City,2012-08-17,247346,56,false,dy3capua3h7iz6vjq1bo02tbz,2023-08-28T21:07:16Z,,Universal Records,0.514,0.873,0,-4.939,1,0.0528,0.0124,0,0.112,0.459,124.018,4
spotify:track:5fVZC9GiM4e8vu99W0Xf6J,USSM10601178,How to Save a Life,How To Save A Life,The Fray,2005-09-13,262533,88,false,dy3capua3h7iz6vjq1bo02tbz,2023-08-28T21:07:28Z,,Epic,0.64,0.743,10,-4.08,1,0.0379,0.269,0,0.101,0.361,122.035,4
spotify:track:49kjlZP49LMD1MrrcvXDET,GBARL1000776,For the First Time,Science & Faith,The Script,2010-09-13,252440,72,true,dy3capua3h7iz6vjq1bo02tbz,2023-08-28T21:07:39Z,,Phonogenic,0.388,0.633,9,-4.769,1,0.0275,0.0339,0,0.104,0.381,173.947,4
spotify:track:77loZpT5Y5PRP1S451P9Yz,USIR20300704,The Reason,The Reason (15th Anniversary Deluxe),Hoobastank,2003-12-09,232800,7,false,dy3capua3h7iz6vjq1bo02tbz,2023-08-28T21:07:43Z,nu metal,Island Def Jam,0.474,0.671,4,-4.649,1,0.0289,0.0129,0,0.159,0.0682,82.94,4
spotify:track:5qqabIl2vWzo9ApSC317sa,GBQCP1400109,Wonderwall - Remastered,(What's The Story) Morning Glory? [Remastered],Oasis,1995-10-02,258773,87,false,dy3capua3h7iz6vjq1bo02tbz,2023-08-28T21:07:51Z,britpop,Big Brother,0.376,0.896,2,-4.065,1,0.0395,0.000452,0,0.194,0.472,174.379,4
spotify:track:0UvCh63URrLFcPkKt99hHd,GBQCP1400110,Don't Look Back in Anger - Remastered,(What's The Story) Morning Glory? [Remastered],Oasis,1995-10-02,289560,80,false,dy3capua3h7iz6vjq1bo02tbz,2023-08-28T21:07:53Z,britpop,Big Brother,0.327,0.938,0,-3.237,1,0.0636,0.0707,0.00000379,0.148,0.327,162.933,4
spotify:track:48UPSzbZjgc449aqz8bxox,USWB19900690,Californication,Californication (Deluxe Edition),Red Hot Chili Peppers,1999-06-08,329733,88,false,dy3capua3h7iz6vjq1bo02tbz,2023-08-28T21:07:55Z,"funk rock,alternative rock,rock",Warner Records,0.592,0.767,9,-2.788,0,0.027,0.0021,0.00165,0.127,0.328,96.483,4
spotify:track:1aD0ewRPDlWpLPBVwhQkEU,USRC10101521,Wherever You Will Go - Acoustic,Camino Palmero,The Calling,2001,198666,57,false,dy3capua3h7iz6vjq1bo02tbz,2023-08-28T21:08:06Z,pop rock,RCA Records Label,0.584,0.592,1,-6.426,1,0.0257,0.305,0,0.0898,0.315,112.396,4
spotify:track:4lhqb6JvbHId48OUJGwymk,CH3131340084,Hey Brother,True,Avicii,2013-09-16,255093,81,false,dy3capua3h7iz6vjq1bo02tbz,2023-08-28T21:08:48Z,edm,Pophouse Entertainment Group,0.545,0.78,7,-4.867,0,0.0436,0.0309,0.0000464,0.0828,0.458,125.014,4
spotify:track:1Vv0MPcooEoQzVZYfKMgKW,USRC11400627,Ugly Heart,Ugly Heart,G.R.L.,2014-06-03,199580,67,false,dy3capua3h7iz6vjq1bo02tbz,2023-08-28T21:08:52Z,,Kemosabe Records/RCA Records,0.649,0.79,9,-5.529,1,0.0482,0.0167,0,0.255,0.458,124.993,4
spotify:track:5aIZ2jtxZ4o4GHQXTybkIa,USUM71301310,Something I Need,Native,OneRepublic,2013-01-01,240080,63,false,dy3capua3h7iz6vjq1bo02tbz,2023-08-28T21:09:05Z,,Mosley / Interscope,0.683,0.591,7,-6.955,1,0.0314,0.134,0,0.235,0.628,98.986,4
spotify:track:72jbDTw1piOOj770jWNeaG,USQX91603031,Paris,Memories...Do Not Open,The Chainsmokers,2017-04-07,221506,81,false,dy3capua3h7iz6vjq1bo02tbz,2023-08-28T21:09:11Z,,Disruptor Records/Columbia,0.653,0.658,2,-6.428,1,0.0304,0.0215,0.00000166,0.0939,0.219,99.99,4
spotify:track:2rizacJSyD9S1IQUxUxnsK,USQX91602153,All We Know (feat. Phoebe Ryan),All We Know (feat. Phoebe Ryan),The Chainsmokers;Phoebe Ryan,2016-09-29,194080,69,false,dy3capua3h7iz6vjq1bo02tbz,2023-08-28T21:09:15Z,,Disruptor Records/Columbia,0.662,0.586,0,-8.821,1,0.0307,0.097,0.00272,0.115,0.296,90,4
spotify:track:2Gl0FzuLxflY6nPifJp5Dr,SEBGA1700113,First Time,First Time,Kygo;Ellie Goulding,2017-04-28,193511,63,false,dy3capua3h7iz6vjq1bo02tbz,2023-08-28T21:09:20Z,tropical house,Kygo,0.633,0.592,0,-7.245,0,0.112,0.197,0,0.099,0.679,90.066,4
spotify:track:265zv3IDBskSIkvgPOSiGQ,GB28K1700019,2U (feat. Justin Bieber),7,David Guetta;Justin Bieber,2018-09-14,194893,50,false,dy3capua3h7iz6vjq1bo02tbz,2023-08-28T21:09:26Z,edm,Parlophone (France),0.534,0.613,8,-7.41,0,0.0591,0.234,0,0.227,0.528,144.878,4
spotify:track:3P3pw6C19j31Rnzgo3JG7o,GBUM71602437,Perfect Strangers,Blue,Jonas Blue;JP Cooper,2018-11-09,196613,80,false,dy3capua3h7iz6vjq1bo02tbz,2023-08-28T21:09:32Z,tropical house,Positiva,0.73,0.861,1,-4.1,1,0.0451,0.39,0,0.213,0.704,117.965,4
spotify:track:3DGar7krWlmrXRFHBcQF6z,NLZ541800507,Whenever (feat. Conor Maynard),Whenever (feat. Conor Maynard),Kris Kross Amsterdam;The Boy Next Door;Conor Maynard,2018-06-22,163636,58,true,dy3capua3h7iz6vjq1bo02tbz,2023-08-28T21:09:38Z,hollands,Spinnin' Records,0.734,0.765,7,-5.562,1,0.0621,0.151,0,0.231,0.518,109.989,4
spotify:track:5TI9vxJAI5K069uic9AmTq,GBHMU1400029,Ghost,Chapter One,Ella Henderson,2014-10-06,213213,60,false,dy3capua3h7iz6vjq1bo02tbz,2023-08-28T21:09:47Z,,Syco Music,0.68,0.84,9,-3.823,1,0.0414,0.0457,0.00000866,0.143,0.468,104.975,4
spotify:track:009ImBOrIUlWgla8U05RAC,USUM71311295,Unconditionally,PRISM,Katy Perry,2013-01-01,228878,80,false,dy3capua3h7iz6vjq1bo02tbz,2023-08-28T21:09:58Z,pop,Capitol Records (CAP),0.432,0.725,7,-4.862,1,0.0431,0.00273,0,0.208,0.353,128.902,4
spotify:track:75lo8VozcCLRG9WGG674iD,USUM71205320,As Long As You Love Me,Believe,Justin Bieber;Big Sean,2012-01-01,229466,74,false,dy3capua3h7iz6vjq1bo02tbz,2023-08-28T21:10:04Z,,RBMG/Def Jam,0.571,0.873,0,-3.382,0,0.0997,0.0807,0,0.361,0.613,139.691,4
spotify:track:7gQ5c5HY6zMsIck6QLY9dJ,USHR11233903,Hurricane,Hello My Name Is...,Bridgit Mendler,2012-01-01,243986,71,false,dy3capua3h7iz6vjq1bo02tbz,2023-08-28T21:10:19Z,,Hollywood Records,0.757,0.825,7,-4.062,0,0.0701,0.0398,0.00000263,0.0798,0.446,95.01,4
spotify:track:4nVBt6MZDDP6tRVdQTgxJg,GBHMU1300210,Story of My Life,Midnight Memories (Deluxe),One Direction,2013-11-25,245490,86,false,dy3capua3h7iz6vjq1bo02tbz,2023-08-28T21:10:32Z,,Syco Music,0.6,0.663,3,-5.802,1,0.0477,0.225,0,0.119,0.286,121.07,4
spotify:track:5Hroj5K7vLpIG4FNCRIjbP,USUM71302187,Best Day Of My Life,"Oh, What A Life",American Authors,2014-01-01,194240,84,false,dy3capua3h7iz6vjq1bo02tbz,2023-08-28T21:10:38Z,,Island Records,0.673,0.902,2,-2.392,1,0.0346,0.0591,0.000227,0.0558,0.536,100.012,4
spotify:track:6CjtS2JZH9RkDz5UVInsa9,GMM881200003,Thrift Shop (feat. Wanz),The Heist,Macklemore & Ryan Lewis;Macklemore;Ryan Lewis;Wanz,2012-10-09,235613,84,true,dy3capua3h7iz6vjq1bo02tbz,2023-08-28T21:10:49Z,"g-funk,west coast hip hop",Macklemore,0.781,0.526,6,-6.986,0,0.293,0.0633,0,0.0457,0.665,94.993,4
spotify:track:3zrYNl1aMdFrQkcOjKVr5u,USAT21202584,I Cry,Wild Ones,Flo Rida,2012-06-22,223800,58,false,dy3capua3h7iz6vjq1bo02tbz,2023-08-28T21:10:57Z,,Atlantic Records,0.693,0.822,4,-5.441,0,0.0439,0.00616,0.00000179,0.315,0.763,126.035,4
spotify:track:7DnAm9FOTWE3cUvso43HhI,USAT21802011,Sweet but Psycho,Heaven & Hell,Ava Max,2020-09-18,187436,85,false,dy3capua3h7iz6vjq1bo02tbz,2023-08-28T21:11:27Z,,Atlantic Records,0.72,0.706,1,-4.719,1,0.0473,0.0684,0,0.166,0.62,133.002,4
spotify:track:4PCVZGch6Q57RVAcai9L8u,GBUM71401467,Don't Stop,5 Seconds Of Summer,5 Seconds of Summer,2014-06-27,169935,61,false,dy3capua3h7iz6vjq1bo02tbz,2023-08-28T21:11:59Z,,Capitol,0.571,0.957,8,-3.468,1,0.0633,0.00209,0.000015,0.0425,0.892,149.946,4
spotify:track:6XS8t28Zl7a9LiZacsRdNK,GBUM71304184,We Own The Night,Word Of Mouth (Deluxe),The Wanted,2013-01-01,206161,57,false,dy3capua3h7iz6vjq1bo02tbz,2023-08-28T21:12:37Z,,Universal-Island Records Ltd.,0.547,0.939,11,-4.052,1,0.131,0.00591,0,0.227,0.557,103.933,4
spotify:track:2fWxJpE8vubVqPgpVFP3F8,GBSMU2684030,10.000,10.000,ColBreakz,2017-04-11,243600,42,false,dy3capua3h7iz6vjq1bo02tbz,2023-08-28T21:13:22Z,"dubstep,drumstep",ColBreakz,0.743,0.791,7,-3.069,1,0.0564,0.0237,0.0101,0.158,0.636,99.998,4
spotify:track:7JAslDAUIefrtnKqL82p3Z,QZES61840407,50.000,50.000,ColBreakz,2018-11-03,268710,33,false,dy3capua3h7iz6vjq1bo02tbz,2023-08-28T21:13:26Z,"dubstep,drumstep",ColBreakz,0.565,0.91,11,-3.214,0,0.0512,0.000758,0.0423,0.0901,0.394,96.022,4
spotify:track:6cuG8gDCuJKwJgyOdWerFm,GBSMU3262184,Gourmet Race,Gourmet Race,ColBreakz,2017-04-18,207272,37,false,dy3capua3h7iz6vjq1bo02tbz,2023-08-28T21:13:30Z,"dubstep,drumstep",ColBreakz,0.761,0.928,1,-4.248,1,0.0529,0.00335,0.00172,0.211,0.611,107.535,4
spotify:track:4ycC4kOALZWHCU9N0Xs6M9,UST8K1746719,20.000,20.000,ColBreakz,2017-07-12,230075,30,false,dy3capua3h7iz6vjq1bo02tbz,2023-08-28T21:13:36Z,"dubstep,drumstep",ColBreakz,0.575,0.903,7,-4.166,0,0.159,0.0114,0.00227,0.147,0.371,133.034,4
spotify:track:5IKXNLZ9NlsBlLFvShQQu4,QZAPG1747438,GoodBye,GoodBye,ColBreakz,2017-12-21,184660,30,false,dy3capua3h7iz6vjq1bo02tbz,2023-08-28T21:13:37Z,"dubstep,drumstep",ColBreakz,0.628,0.827,1,-6.55,1,0.0647,0.0307,0.0165,0.407,0.574,103.081,4
spotify:track:3omXshBamrREltcf24gYDC,USCJ81401258,First,Hold My Home,Cold War Kids,2014-10-31,200360,69,false,dy3capua3h7iz6vjq1bo02tbz,2023-08-28T21:14:16Z,,Cold War Kids,0.468,0.692,2,-4.015,1,0.0295,0.0202,0.00000239,0.523,0.561,78.009,4
spotify:track:1GLx5tpDdwEFiA7KaikvX2,USUM70845927,Beautiful,Freedom,Akon;Colby O'Donis;Kardinal Offishall,2008-01-01,312986,78,false,dy3capua3h7iz6vjq1bo02tbz,2023-08-28T21:14:37Z,,Konvict/Upfront/SRC/Universal Records,0.739,0.945,0,-4.443,0,0.0881,0.125,0,0.112,0.627,130.018,4
spotify:track:3jlbL2OTD5YmIunYzgQTAN,USAT20803620,Live Your Life,Paper Trail,T.I.;Rihanna,2008-09-07,338853,82,true,dy3capua3h7iz6vjq1bo02tbz,2023-08-28T21:14:50Z,southern hip hop,"Grand Hustle, LLC",0.375,0.862,11,-3.363,0,0.255,0.071,0,0.211,0.478,159.841,4
spotify:track:229ODebKVfyC0hDP4cQj6z,USCM50900807,Lights Off,All Or Nothing,Jay Sean,2009-01-01,253253,48,false,dy3capua3h7iz6vjq1bo02tbz,2023-08-28T21:14:53Z,,Cash Money,0.605,0.644,5,-4.906,1,0.0405,0.181,0,0.124,0.261,129.96,4
spotify:track:6jBUP2KCe821yqf1hiBqPR,GBUM70810083,Broken Strings,"Songs For You, Truths For Me (International Exclusive Bundle)",James Morrison;Nelly Furtado,2008-01-01,250453,71,false,dy3capua3h7iz6vjq1bo02tbz,2023-08-28T21:15:03Z,,Polydor Records,0.57,0.717,1,-4.914,1,0.029,0.00967,0,0.0833,0.321,111.91,4
spotify:track:0gJvqi9QyASOCtJu99tytc,GBCTA0400265,Because of You,Breakaway,Kelly Clarkson,2004,219493,78,false,dy3capua3h7iz6vjq1bo02tbz,2023-08-28T21:15:06Z,christmas,RCA Records Label,0.587,0.583,5,-5.284,0,0.0313,0.248,0,0.124,0.15,139.92,4
spotify:track:1JFWbktZpqwU37UX5MzjwR,USUM71800772,Don't Stay,Don’t Stay,X Ambassadors,2018-02-02,189800,41,false,dy3capua3h7iz6vjq1bo02tbz,2023-08-28T21:15:28Z,,Kid Ina Korner / Interscope,0.727,0.504,9,-5.995,0,0.0501,0.156,0.000151,0.0994,0.494,102.006,4
spotify:track:7MWPhK8sVkKJjlUi1haNPV,GB7TP0900044,Written in the Stars (feat. Eric Turner),Disc-Overy,Tinie Tempah;Eric Turner,2010,219560,61,true,dy3capua3h7iz6vjq1bo02tbz,2023-08-28T21:16:23Z,grime,Parlophone UK,0.644,0.945,7,-3.534,1,0.0717,0.0587,0,0.184,0.573,91.017,4
spotify:track:0Oe49j06Bjrxs8PltuVeaW,USUM71100721,On The Floor - Radio Edit,On The Floor,Jennifer Lopez;Pitbull,2011-02-18,230906,81,false,dy3capua3h7iz6vjq1bo02tbz,2023-08-28T21:17:52Z,,Nuyorican Productions / IDJ,0.758,0.686,11,-6.346,1,0.0792,0.0848,0.00133,0.142,0.444,130.008,4
spotify:track:7bHT9osSq1rwT2yaImzqCi,USUM71015393,No Love,Recovery,Eminem;Lil Wayne,2010-06-18,299506,74,true,dy3capua3h7iz6vjq1bo02tbz,2023-08-28T21:18:41Z,"rap,hip hop",Eminem Catalog PS,0.522,0.932,11,-2.87,1,0.255,0.119,0,0.177,0.33,129.473,4
spotify:track:2LNMhZ3YijTO7USmqjgJfG,USC4R1802455,CLOUT COBAIN | CLOUT CO13A1N,TA13OO,Denzel Curry,2018-07-27,231333,59,true,dy3capua3h7iz6vjq1bo02tbz,2023-08-28T21:18:45Z,,Loma Vista,0.794,0.448,10,-4.771,0,0.0539,0.591,0,0.109,0.588,120.055,4
spotify:track:3B54sVLJ402zGa6Xm4YGNe,USSM11703478,Unforgettable,Jungle Rules,French Montana;Swae Lee,2017-07-14,233901,89,true,dy3capua3h7iz6vjq1bo02tbz,2023-08-28T21:20:07Z,,Bad Boy Entertainment/Epic Records,0.726,0.769,6,-5.043,1,0.123,0.0293,0.0101,0.104,0.733,97.985,4
spotify:track:07GvNcU1WdyZJq3XxP0kZa,USWB10400050,Go Your Own Way - 2004 Remaster,Rumours,Fleetwood Mac,1977-02-04,223613,84,false,dy3capua3h7iz6vjq1bo02tbz,2023-08-28T21:20:27Z,"yacht rock,classic rock,soft rock",Rhino/Warner Records,0.583,0.947,5,-5.12,1,0.0378,0.0185,0.00109,0.0679,0.803,135.448,4
spotify:track:1QEEqeFIZktqIpPI4jSVSF,USSM17600941,More Than a Feeling,Boston,Boston,1976,285133,85,false,dy3capua3h7iz6vjq1bo02tbz,2023-08-28T21:20:49Z,"classic rock,aor",Epic/Legacy,0.377,0.681,7,-8.039,1,0.0298,0.00088,0.0023,0.0504,0.285,108.789,4
spotify:track:3gdewACMIVMEWVbyb8O9sY,GBAMB7200006,"Rocket Man (I Think It's Going To Be A Long, Long Time)",Honky Chateau,Elton John,1972-05-19,281613,85,false,dy3capua3h7iz6vjq1bo02tbz,2023-08-28T21:20:56Z,,EMI,0.601,0.532,10,-9.119,1,0.0286,0.433,0.00000595,0.0925,0.342,136.576,4
spotify:track:5TDZyWDfbQFQJabbPwImVY,USWB10400046,Dreams - 2004 Remaster,Rumours,Fleetwood Mac,1977-02-04,257800,66,false,dy3capua3h7iz6vjq1bo02tbz,2023-08-28T21:21:18Z,"yacht rock,classic rock,soft rock",Rhino/Warner Records,0.829,0.487,0,-9.751,1,0.0278,0.0671,0.00263,0.127,0.776,120.173,4
spotify:track:1B75hgRqe7A4fwee3g3Wmu,USCA29000294,U Can't Touch This,Please Hammer Don't Hurt 'Em,MC Hammer,1990-02-20,257359,77,false,dy3capua3h7iz6vjq1bo02tbz,2023-08-28T21:22:21Z,,EMI/EMI Records (USA),0.867,0.517,11,-13.22,0,0.088,0.00449,0.000343,0.0864,0.862,133.149,4
spotify:track:0Ph6L4l8dYUuXFmb71Ajnd,NLB639920005,Livin' la Vida Loca,Ricky Martin,Ricky Martin,1999,243160,80,false,dy3capua3h7iz6vjq1bo02tbz,2023-08-28T21:22:24Z,latin pop,C2Records/Columbia,0.425,0.954,1,-3.756,0,0.0476,0.00414,0,0.0555,0.933,178.043,4
spotify:track:5ZrDlcxIDZyjOzHdYW1ydr,DKBKA9700403,Barbie Girl,Aquarium (Special Edition),Aqua,1997-01-01,197960,78,false,dy3capua3h7iz6vjq1bo02tbz,2023-08-28T21:22:29Z,"europop,eurodance",Universal Music A/S,0.812,0.879,1,-10.998,0,0.0397,0.017,0.224,0.365,0.962,129.991,4
spotify:track:3MjUtNVVq3C8Fn0MP3zhXa,USJI19810404,...Baby One More Time,...Baby One More Time (Digital Deluxe Version),Britney Spears,1999-01-12,211066,88,false,dy3capua3h7iz6vjq1bo02tbz,2023-08-28T21:22:32Z,pop,Jive,0.759,0.699,0,-5.745,0,0.0307,0.202,0.000131,0.443,0.907,92.96,4
spotify:track:0eqH0ALoDQevq59YcQ53KE,USIR10400847,Hollaback Girl,Love. Angel. Music. Baby.,Gwen Stefani,2004-11-12,199853,76,true,dy3capua3h7iz6vjq1bo02tbz,2023-08-28T21:22:39Z,,Interscope,0.926,0.916,10,-2.221,0,0.0929,0.35,0.00000601,0.0234,0.904,110.009,4
spotify:track:0O45fw2L5vsWpdsOdXwNAR,USJI10600269,SexyBack (feat. Timbaland),FutureSex/LoveSounds,Justin Timberlake;Timbaland,2006-09-12,242733,88,true,dy3capua3h7iz6vjq1bo02tbz,2023-08-28T21:22:43Z,,Jive,0.967,0.583,7,-5.562,0,0.0789,0.0584,0,0.0519,0.964,117,4
spotify:track:0UREO3QWbXJW3gOUXpK1am,USJI19000013,The Fresh Prince of Bel-Air,Greatest Hits,DJ Jazzy Jeff & The Fresh Prince,1998,177266,59,false,dy3capua3h7iz6vjq1bo02tbz,2023-08-28T21:22:56Z,old school hip hop,Jive,0.824,0.684,10,-7.354,0,0.0935,0.00278,0.00000145,0.0481,0.87,101.152,4
spotify:track:3be6gh46hOzM3nTAG2qpGw,DEA310805890,Mr. Boombastic,Reggaeton - Most Wanted,Mc Platinum & The Apples,2009-01-23,218866,23,false,dy3capua3h7iz6vjq1bo02tbz,2023-08-28T21:23:00Z,,Music & Melody,0.851,0.701,2,-5.787,1,0.206,0.235,0,0.0581,0.963,81.728,4
spotify:track:4fxF8ljwryMZX5c9EKrLFE,GBAAA9500003,Boombastic,Boombastic,Shaggy,1995-07-11,249933,79,false,dy3capua3h7iz6vjq1bo02tbz,2023-08-28T21:23:12Z,reggae,Virgin Records,0.867,0.538,2,-16.183,1,0.361,0.242,0.0000175,0.316,0.781,158.328,4
spotify:track:04KTF78FFg8sOHC1BADqbY,USUR10200371,Hot In Herre,Nellyville,Nelly,2002-06-25,228240,80,true,dy3capua3h7iz6vjq1bo02tbz,2023-08-28T21:23:25Z,,Motown,0.956,0.741,11,-4.753,0,0.124,0.204,0,0.0615,0.911,107.075,4
spotify:track:0weAUscowxeqDtpCgtbpgp,USSM19702582,Gettin' Jiggy Wit It,Big Willie Style,Will Smith,1997-10-03,227933,75,false,dy3capua3h7iz6vjq1bo02tbz,2023-08-28T21:23:29Z,,Columbia,0.881,0.874,6,-4.505,1,0.139,0.0175,0.00000114,0.154,0.858,107.891,4
spotify:track:3cfOd4CMv2snFaKAnMdnvK,USIR19902220,All Star,Astro Lounge,Smash Mouth,1999-06-08,200373,83,false,dy3capua3h7iz6vjq1bo02tbz,2023-08-28T21:23:37Z,,Interscope,0.731,0.867,11,-5.881,1,0.032,0.0394,0,0.0861,0.776,104.02,4
spotify:track:0C9jZPUv4SuaXkuEQw6L40,USDW10110177,I'm A Believer,Smash Mouth,Smash Mouth,2001-01-01,185306,71,false,dy3capua3h7iz6vjq1bo02tbz,2023-08-28T21:23:40Z,,Interscope,0.549,0.981,11,-3.558,0,0.059,0.0178,0.0000018,0.438,0.873,82.331,4
spotify:track:06qEGQMavekDfu9fVsFAMz,AUXN21741958,I Love Rock 'n' Roll,"ReCovered Hits, Vol. 2",The Black Jets,2010-08-02,177086,60,false,dy3capua3h7iz6vjq1bo02tbz,2023-08-28T21:23:50Z,,Xelon Entertainment,0.762,0.482,4,-4.35,0,0.0734,0.0725,0.00000326,0.0802,0.684,94.009,4
spotify:track:0v1XpBHnsbkCn7iJ9Ucr1l,USIR20000145,It's My Life,Crush,Bon Jovi,2000-01-01,224493,85,false,dy3capua3h7iz6vjq1bo02tbz,2023-08-28T21:24:02Z,glam metal,Island Records,0.551,0.914,0,-4.063,0,0.0465,0.0263,0.0000135,0.347,0.543,119.994,4
spotify:track:64yrDBpcdwEdNY9loyEGbX,USRE10900679,21 Guns,21st Century Breakdown,Green Day,2009-05-15,321093,80,false,dy3capua3h7iz6vjq1bo02tbz,2023-08-28T21:24:08Z,"punk,pop punk",Reprise,0.268,0.742,5,-4.939,1,0.0355,0.0518,0,0.626,0.416,159.779,4
spotify:track:6nTiIhLmQ3FWhvrGafw2zj,USRE10400888,American Idiot,American Idiot,Green Day,2004-09-21,176346,85,true,dy3capua3h7iz6vjq1bo02tbz,2023-08-28T21:24:13Z,"punk,pop punk",Reprise,0.38,0.988,1,-2.042,1,0.0639,0.0000264,0.0000786,0.368,0.769,186.113,4
spotify:track:0RT1qESYHlNcUJI0Yo5Hzl,USRE10900666,21st Century Breakdown,21st Century Breakdown,Green Day,2009-05-15,309106,58,false,dy3capua3h7iz6vjq1bo02tbz,2023-08-28T21:24:17Z,"punk,pop punk",Reprise,0.298,0.963,1,-3.105,1,0.0473,0.0108,0,0.178,0.407,114.944,4
spotify:track:0GONea6G2XdnHWjNZd6zt3,USAM18490006,Summer Of '69,Reckless (30th Anniversary / Deluxe Edition),Bryan Adams,1984-11-05,216053,86,false,dy3capua3h7iz6vjq1bo02tbz,2023-08-28T21:24:33Z,,A&M,0.509,0.834,2,-6.205,1,0.0386,0.0183,0,0.0732,0.774,139.13,4
spotify:track:1lZeAoeRbCSKRyqx1PBvT6,GBMVM1300002,St Elmo's Fire (Anniversary Edition),St Elmo's Fire (Anniversary Edition),John Parr,2013-09-18,255626,67,false,dy3capua3h7iz6vjq1bo02tbz,2023-08-28T21:24:46Z,,JOHN PARR MUSIC LIMITED,0.575,0.831,9,-5.707,1,0.0372,0.145,0.219,0.256,0.543,111.038,4
spotify:track:71SvEDmsOwIWw1IozsZoMA,USSM18100114,Any Way You Want It,Departure,Journey,1980,201693,74,false,dy3capua3h7iz6vjq1bo02tbz,2023-08-28T21:24:51Z,"aor,classic rock",Columbia/Legacy,0.529,0.932,7,-7.501,1,0.0488,0.00251,0.00109,0.136,0.571,138.158,4
spotify:track:5T8EDUDqKcs6OSOwEsfqG7,GBUM71029610,Don't Stop Me Now - Remastered 2011,Jazz (2011 Remaster),Queen,1978-11-10,209413,55,false,dy3capua3h7iz6vjq1bo02tbz,2023-08-28T21:24:56Z,"classic rock,rock,glam rock",EMI,0.559,0.868,5,-5.276,1,0.17,0.0475,0.000176,0.776,0.609,156.295,4
spotify:track:4rDbp1vnvEhieiccprPMdI,GBUM71029613,Somebody To Love - Remastered 2011,A Day At The Races (Deluxe Edition 2011 Remaster),Queen,1976-12-10,296480,46,false,dy3capua3h7iz6vjq1bo02tbz,2023-08-28T21:25:03Z,"classic rock,rock,glam rock",EMI,0.406,0.698,8,-7.024,1,0.0624,0.186,0,0.233,0.333,109.266,3
spotify:track:6xdLJrVj4vIXwhuG8TMopk,GBUM71029612,Crazy Little Thing Called Love - Remastered 2011,The Game (2011 Remaster),Queen,1980-06-27,163373,49,false,dy3capua3h7iz6vjq1bo02tbz,2023-08-28T21:25:05Z,"classic rock,rock,glam rock",EMI,0.599,0.761,0,-6.887,1,0.0421,0.713,0.00000474,0.349,0.712,77.015,4
spotify:track:2AmEv442DGwSxMGZ9XEvBA,GBF088200420,Rock Of Ages,Pyromania (Deluxe),Def Leppard,1983-01-20,247828,69,false,dy3capua3h7iz6vjq1bo02tbz,2023-08-28T21:25:18Z,"glam metal,glam rock,classic rock",UMC (Universal Music Catalogue),0.706,0.785,11,-7.666,0,0.041,0.00802,0.0319,0.195,0.636,105.893,4
spotify:track:7iEVmnzJr1V7duYKPWplzp,GBF088100613,Bringin' On The Heartbreak,High 'N' Dry,Def Leppard,1981-07-11,273733,64,false,dy3capua3h7iz6vjq1bo02tbz,2023-08-28T21:25:24Z,"glam metal,glam rock,classic rock",UMC (Universal Music Catalogue),0.329,0.676,9,-9.036,0,0.0324,0.0366,0,0.18,0.529,78.217,4
spotify:track:2PFIZFcGry0po3ZfRZkzKc,GBF088700612,Hysteria,Hysteria,Def Leppard,1987-08-03,354636,78,false,dy3capua3h7iz6vjq1bo02tbz,2023-08-28T21:25:29Z,"glam metal,glam rock,classic rock",UMC (Universal Music Catalogue),0.659,0.846,7,-5.508,1,0.0274,0.0318,0.0144,0.203,0.659,107.01,4
spotify:track:3Dfy8YIxq89i84t108TvMi,GBUM71701306,Love Bites - Remastered 2017,Hysteria (Super Deluxe),Def Leppard,1987-08-03,346960,72,false,dy3capua3h7iz6vjq1bo02tbz,2023-08-28T21:25:32Z,"glam metal,glam rock,classic rock",UMC (Universal Music Catalogue),0.59,0.743,0,-7.078,0,0.0347,0.067,0.00093,0.0847,0.412,129.79,4
spotify:track:0ikz6tENMONtK6qGkOrU3c,GBBBN0009712,Wake Me Up Before You Go-Go,Make It Big,Wham!,1984-10-23,231333,82,false,dy3capua3h7iz6vjq1bo02tbz,2023-08-28T21:25:40Z,christmas,Columbia,0.62,0.573,0,-11.893,1,0.0423,0.271,0,0.0607,0.897,81.548,4
spotify:track:05wIrZSwuaVWhcv5FfqeH0,USCA28500452,Walking On Sunshine,Katrina & The Waves,Katrina & The Waves,1985,238733,81,false,dy3capua3h7iz6vjq1bo02tbz,2023-08-28T21:25:44Z,,Capitol Records,0.597,0.87,10,-11.97,1,0.0371,0.0119,0.166,0.0678,0.944,109.901,4
spotify:track:4cOdK2wGLETKBW3PvgPWqT,GBARL9300135,Never Gonna Give You Up,Whenever You Need Somebody,Rick Astley,1987-11-12,213573,7,false,dy3capua3h7iz6vjq1bo02tbz,2023-08-28T21:25:52Z,,BMG Rights Management (UK) Ltd,0.721,0.939,8,-11.823,1,0.0376,0.115,0.0000379,0.108,0.914,113.309,4
spotify:track:3m0y8qLoznUYi73SUBP8GI,QZ4KE1600002,Ghostbusters,Ghostbusters (Original Motion Picture Soundtrack) [2016],Ray Parker Jr.,2016-07-15,245248,72,false,dy3capua3h7iz6vjq1bo02tbz,2023-08-28T21:25:55Z,,RCA Records Label,0.788,0.846,4,-5.017,1,0.0372,0.0103,0.000281,0.26,0.738,115.636,4
spotify:track:40riOy7x9W7GXjyGp4pjAv,USEE11300353,Hotel California - 2013 Remaster,Hotel California (2013 Remaster),Eagles,1976-12-08,391376,88,false,dy3capua3h7iz6vjq1bo02tbz,2023-08-28T21:25:59Z,"classic rock,yacht rock,soft rock",Rhino/Elektra,0.579,0.508,2,-9.484,1,0.027,0.00574,0.000494,0.0575,0.609,147.125,4
spotify:track:5zA8vzDGqPl2AzZkEYQGKh,USSM18300270,Uptown Girl,An Innocent Man,Billy Joel,1983-08-08,198294,86,false,dy3capua3h7iz6vjq1bo02tbz,2023-08-28T21:26:01Z,soft rock,Columbia,0.701,0.944,4,-2.986,1,0.0455,0.0755,0,0.601,0.792,128.993,4
spotify:track:7HW5WIw7ZgZORCzUxv5gW5,GBALX7600007,Don't Go Breaking My Heart,Rock Of The Westies,Elton John;Kiki Dee,1975-10-24,275440,83,false,dy3capua3h7iz6vjq1bo02tbz,2023-08-28T21:26:06Z,,EMI,0.729,0.844,5,-8.824,1,0.0344,0.149,0.00000287,0.0604,0.777,131.459,4
spotify:track:1vxw6aYJls2oq3gW0DujAo,GBAHT0600202,Crazy,St. Elsewhere,Gnarls Barkley;CeeLo Green;Danger Mouse,2007-12-01,177933,82,false,dy3capua3h7iz6vjq1bo02tbz,2023-08-28T21:26:42Z,,WM UK,0.866,0.537,8,-5.786,1,0.0335,0.053,0.0156,0.0866,0.643,111.987,4
spotify:track:7pAq1IXYZpL42HchCminu6,USUM71029856,Don't Hold Your Breath,Killer Love,Nicole Scherzinger,2011-01-01,197440,60,false,dy3capua3h7iz6vjq1bo02tbz,2023-08-28T21:26:43Z,,Nicole Scherzinger Solo,0.66,0.797,5,-6.096,0,0.0262,0.00646,0.000108,0.187,0.674,110.955,4
spotify:track:1A8j067qyiNwQnZT0bzUpZ,FR9W11601798,This Girl (Kungs Vs. Cookin' On 3 Burners),Layers,Kungs;Cookin' On 3 Burners,2016-11-04,195546,81,false,dy3capua3h7iz6vjq1bo02tbz,2023-08-28T21:28:07Z,,Universal Music Division Polydor France,0.793,0.717,0,-4.759,0,0.0393,0.0927,0.000036,0.226,0.466,121.985,4
spotify:track:5l3CML2OnzfNs5RfVgbcLt,USWB11302648,Talk Dirty (feat. 2 Chainz),Tattoos,Jason Derulo;2 Chainz,2013-09-16,177685,75,true,dy3capua3h7iz6vjq1bo02tbz,2023-08-28T21:30:58Z,"southern hip hop,rap",Beluga Heights/Warner Records,0.76,0.652,6,-7.321,1,0.232,0.0348,0,0.307,0.759,100.315,4
spotify:track:1bM50INir8voAkVoKuvEUI,USLF20900103,OMG (feat. will.i.am),Raymond v Raymond (Expanded Edition),USHER;will.i.am,2010-03-30,269493,81,false,dy3capua3h7iz6vjq1bo02tbz,2023-08-28T21:39:06Z,r&b,LaFace Records,0.781,0.745,4,-5.81,0,0.0332,0.198,0.0000114,0.36,0.326,129.998,4
spotify:track:0E9ZjEAyAwOXZ7wJC0PD33,QZ22B1859046,In My Mind,In My Mind,Dynoro;GIGI D'AGOSTINO,2018-06-08,184560,79,false,dy3capua3h7iz6vjq1bo02tbz,2023-08-29T06:26:21Z,"italo dance,eurodance",Columbia/B1 Recordings,0.694,0.77,6,-5.335,1,0.149,0.176,0.000011,0.118,0.163,125.905,4
spotify:track:3NZJlJemX3mzjf56MqC5ML,USJI10800113,Forever,Forever,Chris Brown,2008-04-29,278573,84,false,dy3capua3h7iz6vjq1bo02tbz,2023-08-29T06:26:45Z,r&b,Jive,0.672,0.82,11,-4.456,1,0.0459,0.0368,0.000188,0.184,0.438,120.005,4
spotify:track:1sTsuZTdANkiFd7T34H3nb,USUM70837367,Human,Day & Age (Bonus Tracks),The Killers,2008-11-18,245373,79,false,dy3capua3h7iz6vjq1bo02tbz,2023-08-29T14:08:31Z,alternative rock,Island Records,0.557,0.8,10,-8.477,1,0.0601,0.00132,0.0012,0.0906,0.582,135.47,4
spotify:track:3JMAdPq5TUOKBGsTATjLEH,USSM11305988,American Dream,MKTO,MKTO,2012,225746,62,false,dy3capua3h7iz6vjq1bo02tbz,2023-08-31T10:30:21Z,,Columbia/M2V,0.554,0.767,0,-5.043,1,0.0497,0.114,0,0.231,0.497,122.846,4
spotify:track:1CQ2cMfrmFM1YdfmjENKVE,GBUM71400377,She Looks So Perfect,5 Seconds Of Summer,5 Seconds of Summer,2014-06-27,202496,75,false,dy3capua3h7iz6vjq1bo02tbz,2023-08-31T10:30:27Z,,Capitol,0.494,0.951,9,-4.237,1,0.132,0.000569,0,0.327,0.441,160.025,4
spotify:track:2iUXsYOEPhVqEBwsqP70rE,GBUM71800366,Youngblood,Youngblood (Deluxe),5 Seconds of Summer,2018-06-15,203417,83,false,dy3capua3h7iz6vjq1bo02tbz,2023-08-31T10:30:39Z,,Capitol,0.597,0.854,7,-5.114,0,0.463,0.0169,0,0.124,0.152,120.276,4
spotify:track:0CokSRCu5hZgPxcZBaEzVE,QZ8TY1700001,Glorious (feat. Skylar Grey),GEMINI,Macklemore;Skylar Grey,2017-09-22,220454,80,true,dy3capua3h7iz6vjq1bo02tbz,2023-08-31T10:30:41Z,,Bendo LLC,0.731,0.794,0,-5.126,0,0.0522,0.0323,0.0000259,0.112,0.356,139.994,4
spotify:track:2tpWsVSb9UEmDRxAl1zhX1,USUM71301306,Counting Stars,Native,OneRepublic,2013-01-01,257265,90,false,dy3capua3h7iz6vjq1bo02tbz,2023-08-31T10:30:44Z,,Mosley / Interscope,0.663,0.706,1,-4.972,0,0.0383,0.0654,0,0.118,0.474,122.013,4
spotify:track:7fF6OMT4MKzUWAn2DzvsLO,GBCFZ1200160,Good Intentions,Bad Intentions,Dappy,2012-01-01,228146,47,true,dy3capua3h7iz6vjq1bo02tbz,2023-08-31T10:31:03Z,"afroswing,grime,uk grime",Universal-Island Records Ltd.,0.525,0.823,5,-4.405,1,0.0312,0.059,0,0.111,0.551,90.047,4
spotify:track:2i0AUcEnsDm3dsqLrFWUCq,USJI11100019,Tonight Tonight,Whatever,Hot Chelle Rae,2011-11-25,200466,71,false,dy3capua3h7iz6vjq1bo02tbz,2023-08-31T10:31:04Z,,RCA Records Label,0.686,0.783,4,-4.977,1,0.119,0.0764,0,0.163,0.814,99.978,4
spotify:track:7x5xYW5W42OGPAdHUyyguy,USRC11501369,Locked Away (feat. Adam Levine),What Dreams Are Made Of,R. City;Adam Levine,2015-10-09,227475,85,false,dy3capua3h7iz6vjq1bo02tbz,2023-08-31T10:31:07Z,,Kemosabe Records/RCA Records,0.509,0.671,1,-5.709,1,0.0678,0.304,0,0.0452,0.55,118.413,5
spotify:track:2bL2gyO6kBdLkNSkxXNh6x,USUM71409576,Animals,V,Maroon 5,2014-09-02,231013,87,false,dy3capua3h7iz6vjq1bo02tbz,2023-08-31T10:31:24Z,pop,Interscope Records*,0.279,0.742,4,-6.46,0,0.0898,0.000185,0,0.593,0.328,189.868,4
spotify:track:0qwcGscxUHGZTgq0zcaqk1,USSM11300965,Here's to Never Growing Up,Avril Lavigne (Expanded Edition),Avril Lavigne,2013-11-01,214320,69,true,dy3capua3h7iz6vjq1bo02tbz,2023-08-31T10:31:30Z,,Epic,0.482,0.873,0,-3.145,1,0.0853,0.0111,0,0.409,0.737,165.084,4
spotify:track:3DmW6y7wTEYHJZlLo1r6XJ,USRC11400866,Shower,Shower,Becky G,2014-04-23,206166,84,false,dy3capua3h7iz6vjq1bo02tbz,2023-08-31T10:31:38Z,"reggaeton,latin",Kemosabe Records/RCA Records,0.699,0.529,2,-7.548,1,0.0487,0.0317,0.0000359,0.285,0.121,119.987,4
spotify:track:2Za1AlJNvksouPPWbXpR2X,QZ8TY1700016,Good Old Days (feat. Kesha),GEMINI,Macklemore;Kesha,2017-09-22,240506,75,false,dy3capua3h7iz6vjq1bo02tbz,2023-08-31T10:31:46Z,,Bendo LLC,0.712,0.51,8,-8.162,1,0.0633,0.446,0.0000246,0.112,0.268,122.964,4
spotify:track:75ZvA4QfFiZvzhj2xkaWAh,USUM71614475,I Fall Apart,Stoney (Deluxe),Post Malone,2016-12-09,223346,77,true,dy3capua3h7iz6vjq1bo02tbz,2023-08-31T10:31:51Z,,Mercury Records/Republic Owned,0.556,0.538,8,-5.408,0,0.0382,0.0689,0,0.196,0.291,143.946,4
spotify:track:1V6gIisPpYqgFeWbMLI0bA,USHR11334249,Heart Attack,Demi,Demi Lovato,2013-01-01,210840,84,false,dy3capua3h7iz6vjq1bo02tbz,2023-08-31T10:32:10Z,,Hollywood Records,0.504,0.785,8,-4.802,1,0.104,0.0738,0,0.239,0.502,173.968,4
spotify:track:4e4fqjx0Izh4svvTef1z7e,USWB11701181,Meant to Be (feat. Florida Georgia Line),Expectations,Bebe Rexha;Florida Georgia Line,2018-06-22,164205,76,false,dy3capua3h7iz6vjq1bo02tbz,2023-08-31T10:32:21Z,"country,pop country,acoustic country",Warner Records,0.642,0.772,10,-6.61,1,0.0848,0.0476,0,0.0646,0.589,153.995,4
spotify:track:5xvUgoVED1F4mBu8FL0HaW,USHR11233750,Ready or Not,Hello My Name Is...,Bridgit Mendler,2012-01-01,200946,72,false,dy3capua3h7iz6vjq1bo02tbz,2023-08-31T10:32:25Z,,Hollywood Records,0.715,0.872,2,-3.835,1,0.0509,0.00351,0.0000384,0.107,0.748,93.043,4
spotify:track:6M6lsQB4OhqL41eld29PeC,USUM71026644,Love The Way You Lie (Part II) - Pt. 2,Loud,Rihanna;Eminem,2010-11-16,296226,73,true,dy3capua3h7iz6vjq1bo02tbz,2023-08-31T10:32:37Z,"rap,hip hop",Def Jam Recordings,0.469,0.833,10,-4.487,1,0.165,0.3,0,0.056,0.402,166.526,4
spotify:track:60wwxj6Dd9NJlirf84wr2c,USUM71210662,Clarity,Clarity,Zedd;Foxes,2012-01-01,271426,84,false,dy3capua3h7iz6vjq1bo02tbz,2023-08-31T10:32:37Z,edm,Interscope,0.509,0.781,8,-3.48,1,0.072,0.0398,0,0.0749,0.176,128,4
spotify:track:2MpylMRGn0iOFDLJopDGGq,DEUM71904543,Lighthouse,SADBOI,Bars and Melody,2020-03-27,185560,40,false,dy3capua3h7iz6vjq1bo02tbz,2023-08-31T10:32:54Z,,Better Now Records,0.647,0.792,8,-4.794,1,0.0574,0.206,0,0.173,0.841,119.032,4
spotify:track:3LUWWox8YYykohBbHUrrxd,USRC11000862,We R Who We R,Cannibal (Expanded Edition),Kesha,2010-11-19,204760,80,false,dy3capua3h7iz6vjq1bo02tbz,2023-08-31T10:32:56Z,,RCA Records Label,0.736,0.817,8,-4.9,1,0.0407,0.00987,0.00167,0.117,0.653,119.95,4
spotify:track:4HlFJV71xXKIGcU3kRyttv,USSM10904113,"Hey, Soul Sister","Save Me, San Francisco (Golden Gate Edition)",Train,2010-12-01,216773,86,false,dy3capua3h7iz6vjq1bo02tbz,2023-08-31T10:33:03Z,soft pop,Columbia,0.673,0.886,1,-4.44,0,0.0431,0.185,0,0.0826,0.795,97.012,4
spotify:track:1rqqCSm0Qe4I9rUvWncaom,USAT21801174,High Hopes,Pray for the Wicked,Panic! At The Disco,2018-06-22,190946,85,false,dy3capua3h7iz6vjq1bo02tbz,2023-08-31T10:33:15Z,emo,DCD2 / Fueled By Ramen,0.579,0.904,5,-2.729,1,0.0618,0.193,0,0.064,0.681,82.014,4
spotify:track:2z4U9d5OAA4YLNXoCgioxo,USRC11000915,What the Hell,Goodbye Lullaby (Expanded Edition),Avril Lavigne,2011-03-08,220706,80,false,dy3capua3h7iz6vjq1bo02tbz,2023-08-31T10:33:20Z,,Epic,0.578,0.926,6,-3.689,0,0.0548,0.00472,0.0127,0.14,0.877,149.976,4
spotify:track:4SYGTCVNMuAeZdC6RUDnpH,USUYG1074230,Fleek,Fleek - Single,PnB Rock,2015-06-23,181028,47,true,dy3capua3h7iz6vjq1bo02tbz,2023-08-31T10:33:25Z,melodic rap,New Lane Ent.,0.586,0.783,7,-5.872,0,0.0379,0.125,0,0.318,0.461,87.469,4
spotify:track:4jbmgIyjGoXjY01XxatOx6,USUM71311296,Dark Horse,PRISM,Katy Perry;Juicy J,2013-01-01,215672,86,false,dy3capua3h7iz6vjq1bo02tbz,2023-08-31T10:33:28Z,"pop,crunk",Capitol Records (CAP),0.647,0.585,6,-6.123,1,0.0512,0.00314,0,0.165,0.353,131.934,4
spotify:track:1louJpMmzEicAn7lzDalPW,QMCE31700953,No Promises (feat. Demi Lovato),No Promises (feat. Demi Lovato),Cheat Codes;Demi Lovato,2017-03-31,223503,70,false,dy3capua3h7iz6vjq1bo02tbz,2023-08-31T10:34:01Z,,Parlophone UK,0.741,0.667,10,-5.445,1,0.134,0.0575,0,0.106,0.595,112.956,4
spotify:track:4Ce37cRWvM1vIGGynKcs22,USUM71606370,Starving,Starving,Hailee Steinfeld;Grey;Zedd,2016-07-22,181880,76,false,dy3capua3h7iz6vjq1bo02tbz,2023-08-31T10:34:07Z,edm,Universal Records,0.728,0.616,4,-4.238,1,0.0645,0.378,0,0.105,0.508,99.962,4
spotify:track:2kqAtjOtQPAR0OiYUJR43k,GBUM71304973,Can We Dance,Meet The Vamps,The Vamps,2014-01-01,192710,64,false,dy3capua3h7iz6vjq1bo02tbz,2023-08-31T10:34:14Z,,EMI,0.643,0.82,1,-4.729,0,0.0463,0.00307,0,0.189,0.583,130.135,4
spotify:track:5A6OHHy73AR5tLxgTc98zz,USAT21001800,Black and Yellow,Rolling Papers,Wiz Khalifa,2011-03-29,217666,83,true,dy3capua3h7iz6vjq1bo02tbz,2023-08-31T10:34:22Z,,Rostrum/Atlantic,0.684,0.834,2,-4.524,0,0.0675,0.0646,0,0.271,0.538,164.02,4
spotify:track:6q3zC9dDD4lUNk8nfUztXy,USUM70722793,Apologize,Shock Value,Timbaland;OneRepublic,2007-01-01,184400,81,false,dy3capua3h7iz6vjq1bo02tbz,2023-08-31T10:34:27Z,,Interscope/Blackground Records,0.658,0.602,8,-6.006,1,0.0281,0.0363,0,0.102,0.0785,118.026,4
spotify:track:5rgy6ghBq1eRApCkeUdJXf,USAT21101399,We Are Young (feat. Janelle Monáe),Some Nights,fun.;Janelle Monáe,2012-02-14,250626,85,false,dy3capua3h7iz6vjq1bo02tbz,2023-08-31T10:34:29Z,alternative r&b,Fueled By Ramen,0.378,0.638,10,-5.576,1,0.075,0.02,0.0000766,0.0849,0.735,184.086,4
spotify:track:0ct6r3EGTcMLPtrXHDvVjc,CH3131340464,The Nights,The Days / Nights,Avicii,2014-01-01,176658,87,false,dy3capua3h7iz6vjq1bo02tbz,2023-08-31T10:34:44Z,edm,Pophouse Entertainment Group,0.527,0.835,6,-5.298,1,0.0433,0.0166,0,0.249,0.654,125.983,4
spotify:track:67D9O4Oau629qirRXtTWCS,USSM10701781,Beautiful Girls,Sean Kingston,Sean Kingston,2008-03-11,241933,73,false,dy3capua3h7iz6vjq1bo02tbz,2023-08-31T10:34:47Z,,Epic/Beluga Heights,0.745,0.666,9,-5.899,1,0.0566,0.159,0,0.302,0.708,129.995,4
spotify:track:0EcQcdcbQeVJn9fknj44Be,GBWWP1702907,I Like Me Better,I met you when I was 18. (the playlist),Lauv,2018-05-31,197436,5,false,dy3capua3h7iz6vjq1bo02tbz,2023-08-31T10:34:49Z,,Lauv,0.753,0.505,9,-7.621,1,0.255,0.534,0.00000258,0.104,0.419,91.972,4
spotify:track:0nrRP2bk19rLc0orkWPQk2,SEUM71301326,Wake Me Up,True,Avicii,2013-09-16,247426,88,false,dy3capua3h7iz6vjq1bo02tbz,2023-08-31T10:34:57Z,edm,Pophouse Entertainment Group,0.532,0.783,2,-5.697,1,0.0523,0.0038,0.0012,0.161,0.643,124.08,4
spotify:track:5lF0pHbsJ0QqyIrLweHJPW,GBUM71303482,Burn,Halcyon Nights,Ellie Goulding,2012-10-12,231213,81,false,dy3capua3h7iz6vjq1bo02tbz,2023-08-31T10:35:08Z,,UMC (Universal Music Catalogue),0.313,0.76,10,-5.049,0,0.0616,0.3,0,0.105,0.343,86.735,4
spotify:track:3mruwwpKfG5NYmnEr6O5Dw,NLZ541901329,Post Malone (feat. RANI) - VIZE Remix,Post Malone (feat. RANI) [VIZE Remix],Sam Feldt;RANI;VIZE,2019-09-12,154838,56,false,dy3capua3h7iz6vjq1bo02tbz,2023-08-31T10:35:30Z,"tropical house,slap house",Spinnin' Remixes,0.687,0.887,7,-4.97,1,0.0564,0.00438,0.00629,0.172,0.345,124.017,4
spotify:track:18W92Zm1KjLCbUIszOhpkD,SEUM71800123,I Wanna Know (feat. Bea Miller),I Wanna Know (feat. Bea Miller),NOTD;Bea Miller,2018-03-16,197938,64,false,dy3capua3h7iz6vjq1bo02tbz,2023-08-31T10:35:34Z,,Universal Music AB,0.661,0.725,6,-4.859,1,0.0563,0.0253,0,0.123,0.605,119.927,4
spotify:track:3DXncPQOG4VBw3QHh3S817,USSM11703300,"I'm the One (feat. Justin Bieber, Quavo, Chance the Rapper & Lil Wayne)",Grateful,DJ Khaled;Justin Bieber;Quavo;Chance the Rapper;Lil Wayne,2017-06-22,288600,76,true,dy3capua3h7iz6vjq1bo02tbz,2023-08-31T10:35:38Z,"rap,hip hop",Epic/We The Best,0.609,0.668,7,-4.284,1,0.0367,0.0552,0,0.167,0.811,80.924,4
spotify:track:6DCZcSspjsKoFjzjrWoCdn,USCM51800004,God's Plan,Scorpion,Drake,2018-06-29,198973,87,true,dy3capua3h7iz6vjq1bo02tbz,2023-08-31T10:35:40Z,rap,Cash Money/Drake LP6,0.754,0.449,7,-9.211,1,0.109,0.0332,0.0000829,0.552,0.357,77.169,4
spotify:track:02XnQdf7sipaKBBHixz3Zp,USUM70824408,Paparazzi,The Fame,Lady Gaga,2008-01-01,208306,87,true,dy3capua3h7iz6vjq1bo02tbz,2023-08-31T10:35:46Z,"art pop,pop",Streamline/Interscope,0.762,0.692,5,-3.973,0,0.0437,0.112,0,0.094,0.397,114.903,4
spotify:track:5WQrDB34o6M8V0jxNiX6RU,USUG11900385,Fast,Death Race For Love (Bonus Track Version),Juice WRLD,2019-03-08,208517,71,true,dy3capua3h7iz6vjq1bo02tbz,2023-08-31T10:35:48Z,"melodic rap,emo rap",Grade A Productions/Interscope Records,0.623,0.607,1,-5.937,0,0.0435,0.426,0,0.105,0.263,84.982,4
spotify:track:5274I4mUMnYczyeXkGDWZN,USSM11808143,Fine China,Future & Juice WRLD Present... WRLD ON DRUGS,Future;Juice WRLD,2018-10-19,141586,70,true,dy3capua3h7iz6vjq1bo02tbz,2023-08-31T10:36:10Z,"rap,trap,melodic rap,emo rap",Epic/Freebandz/Grade A/Interscope,0.656,0.542,7,-7.358,1,0.323,0.0484,0,0.126,0.551,166.111,4
spotify:track:1IAzD1muglOxOcPbUHs70R,USAT20803170,Whatever You Like,Paper Trail,T.I.,2008-09-07,249533,82,true,dy3capua3h7iz6vjq1bo02tbz,2023-08-31T10:36:25Z,southern hip hop,"Grand Hustle, LLC",0.68,0.687,9,-6.162,0,0.0709,0.0161,0,0.261,0.467,150.053,4
spotify:track:34ceTg8ChN5HjrqiIYCn9Q,USUM70826981,Miss Independent,Year Of The Gentleman (Bonus Track Edition),Ne-Yo,2008-09-16,232000,82,false,dy3capua3h7iz6vjq1bo02tbz,2023-08-31T10:37:00Z,,Def Soul,0.673,0.681,1,-5.693,1,0.118,0.52,0,0.235,0.707,171.864,4
spotify:track:0tBbt8CrmxbjRP0pueQkyU,USUM71712103,Wolves,Wolves,Selena Gomez;Marshmello,2017-10-25,197993,79,false,dy3capua3h7iz6vjq1bo02tbz,2023-08-31T10:37:10Z,edm,Selena Gomez PS,0.725,0.804,11,-4.614,0,0.0422,0.124,0,0.204,0.31,124.996,4
spotify:track:1tkMs9wDPknQ3ZHcKDw1ES,USJI10700121,Buy U a Drank (Shawty Snappin') (feat. Yung Joc),Epiphany (Expanded Edition),T-Pain;Yung Joc,2007-06-05,227960,80,false,dy3capua3h7iz6vjq1bo02tbz,2023-08-31T10:37:13Z,"crunk,southern hip hop",Jive/Legacy,0.693,0.549,1,-8.141,1,0.119,0.0109,0,0.0677,0.605,80.028,4
spotify:track:7K5dzhGda2vRTaAWYI3hrb,USWD11676311,"Just Like Fire (From the Original Motion Picture ""Alice Through The Looking Glass"")","Just Like Fire (From the Original Motion Picture ""Alice Through The Looking Glass"")",P!nk,2016-04-15,215413,71,false,dy3capua3h7iz6vjq1bo02tbz,2023-08-31T10:37:16Z,,RCA Records/Walt Disney Records,0.632,0.702,7,-5.92,1,0.148,0.0114,0,0.108,0.523,162.958,4
spotify:track:3eng6TJxpqjvDkxRpnfnhB,USAT21813079,Big Plans,Big Plans,Why Don't We,2019-01-17,179929,62,false,dy3capua3h7iz6vjq1bo02tbz,2023-08-31T10:37:19Z,,Atlantic Records,0.693,0.604,11,-5.279,1,0.0427,0.0668,0,0.114,0.651,75.014,4
spotify:track:2Z8WuEywRWYTKe1NybPQEW,USAT21500598,Ride,Blurryface,Twenty One Pilots,2015-05-15,214506,87,false,dy3capua3h7iz6vjq1bo02tbz,2023-08-31T10:37:27Z,,Fueled By Ramen,0.645,0.713,6,-5.355,1,0.0393,0.00835,0,0.113,0.566,74.989,4
spotify:track:0xLCa6dp0wmDUhkDGKzDpv,USWB11700168,F.F.F. (feat. G-Eazy),All Your Fault: Pt. 1,Bebe Rexha;G-Eazy,2017-02-16,202400,53,true,dy3capua3h7iz6vjq1bo02tbz,2023-08-31T10:37:32Z,,Warner Records,0.771,0.688,7,-5.515,1,0.148,0.00954,0,0.0578,0.307,92.003,4
spotify:track:4MflGTO2ZTcSQ12bWcyRgI,USZXT1400267,"Honey, I'm Good.",Magazines Or Novels,Andy Grammer,2014-08-05,199263,5,false,dy3capua3h7iz6vjq1bo02tbz,2023-08-31T10:37:41Z,,S-Curve Records,0.752,0.775,9,-7.289,1,0.0546,0.0324,0,0.351,0.595,122.014,4
spotify:track:5UKYX8eywMafGPVzBlxsed,QMKSC1900177,Wrong,Mixed Emotions,Luh Kel,2019-11-15,130876,67,false,dy3capua3h7iz6vjq1bo02tbz,2023-08-31T10:37:44Z,,Cinematic Music Group,0.745,0.728,0,-3.39,1,0.0423,0.352,0,0.228,0.39,120.099,4
spotify:track:46jLy47W8rkf8rEX04gMKB,USUM71603851,Wherever I Go,Oh My My (Deluxe),OneRepublic,2016-12-02,169773,66,false,dy3capua3h7iz6vjq1bo02tbz,2023-08-31T10:38:22Z,,Mosley / Interscope,0.552,0.689,10,-6.444,0,0.0425,0.0915,0,0.27,0.349,99.961,4
spotify:track:5uHYcK0nbEYgRaFTY5BqnP,USAT21000545,Magic (feat. Rivers Cuomo),B.o.B Presents: The Adventures of Bobby Ray,B.o.B;Rivers Cuomo,2010-04-27,196133,69,false,dy3capua3h7iz6vjq1bo02tbz,2023-08-31T10:38:34Z,,Rebel Rock/Grand Hustle/Atlantic,0.549,0.932,8,-4.11,0,0.343,0.0127,0,0.347,0.787,82.439,4
spotify:track:2CvOqDpQIMw69cCzWqr5yr,USSM10804556,Halo,I AM...SASHA FIERCE - Platinum Edition,Beyoncé,2008,261160,80,false,dy3capua3h7iz6vjq1bo02tbz,2023-08-31T10:38:52Z,,Music World Music/Columbia,0.422,0.712,11,-5.907,0,0.1,0.273,0,0.051,0.471,78.454,4
spotify:track:104buTcnP2AsxqB7U1FIZ4,USWB11700188,Heavy (feat. Kiiara),One More Light,Linkin Park;Kiiara,2017-05-19,169800,72,true,dy3capua3h7iz6vjq1bo02tbz,2023-08-31T10:39:04Z,"nu metal,rap metal,rock,alternative metal",Warner Records,0.59,0.671,9,-6.098,1,0.0706,0.0484,0,0.0604,0.438,149.982,4
spotify:track:4Jz4bjXeiF2SXVj9P4YfY5,USKFE1000058,Keep Your Head Up,Andy Grammer,Andy Grammer,2011-06-14,189933,2,false,dy3capua3h7iz6vjq1bo02tbz,2023-08-31T10:39:05Z,,S-Curve Records,0.674,0.778,0,-5.367,1,0.0376,0.0469,0,0.145,0.816,90.01,4
spotify:track:2Y0wPrPQBrGhoLn14xRYCG,USUG12001904,Come & Go (with Marshmello),Legends Never Die,Juice WRLD;Marshmello,2020-07-10,205484,79,true,dy3capua3h7iz6vjq1bo02tbz,2023-08-31T10:39:12Z,"melodic rap,emo rap,edm",Grade A Productions/Interscope Records,0.625,0.814,0,-5.181,1,0.0657,0.0172,0,0.158,0.535,144.991,4
spotify:track:3Y9smXGzIcoMzg5UhItDqh,USUM71601402,Unsteady - Justin Caruso Remix,Unsteady (Remixes),X Ambassadors;Justin Caruso,2016-02-26,182320,46,false,dy3capua3h7iz6vjq1bo02tbz,2023-08-31T10:39:18Z,,Kid Ina Korner / Interscope,0.576,0.702,11,-6.025,0,0.0607,0.0279,0.0000134,0.313,0.277,144.969,4
spotify:track:5xS9R5yNeVsB9shSR60eX3,USUM71215640,If I Lose Myself,Native,OneRepublic,2013-01-01,241653,64,false,dy3capua3h7iz6vjq1bo02tbz,2023-08-31T10:39:33Z,,Mosley / Interscope,0.491,0.688,2,-6.05,1,0.0453,0.0849,0,0.111,0.279,140.072,4
spotify:track:6vc2Jq2vaGu8z326kSrw92,USRC10900735,Your Love Is My Drug,Animal (Expanded Edition),Kesha,2010-01-01,187133,79,false,dy3capua3h7iz6vjq1bo02tbz,2023-08-31T10:39:34Z,,RCA Records Label,0.826,0.612,1,-3.891,1,0.0982,0.00681,0,0.0889,0.756,120.057,4
spotify:track:4NOZ35Dhucr6UlVyLOtktd,USUM70830921,Dangerous,Not 4 Sale,Kardinal Offishall;Akon,2008-01-01,246053,82,true,dy3capua3h7iz6vjq1bo02tbz,2023-08-31T10:39:38Z,,Konvict Live/Geffen Records,0.949,0.789,8,-5.956,1,0.0755,0.00437,0,0.0816,0.808,117.002,4
spotify:track:6Qn5zhYkTa37e91HC1D7lb,USUM71703515,Whatever It Takes,Evolve,Imagine Dragons,2017-06-23,201240,84,false,dy3capua3h7iz6vjq1bo02tbz,2023-08-31T10:40:18Z,,Kid Ina Korner / Interscope,0.672,0.655,10,-5.021,0,0.031,0.0362,0,0.117,0.555,134.948,4
spotify:track:78TTtXnFQPzwqlbtbwqN0y,USJMT1500001,FourFiveSeconds,FourFiveSeconds,Rihanna;Kanye West;Paul McCartney,2015-01-24,188238,79,false,dy3capua3h7iz6vjq1bo02tbz,2023-08-31T10:40:22Z,rap,Roc Nation / Rihanna,0.582,0.272,2,-5.662,1,0.0501,0.875,0,0.13,0.354,205.846,4
spotify:track:5bgwqaRSS3M8WHWruHgSL5,USRC11700146,8TEEN,American Teen,Khalid,2017-04-27,228593,75,false,dy3capua3h7iz6vjq1bo02tbz,2023-08-31T10:40:28Z,,"Right Hand Music Group, LLC/RCA Records",0.83,0.585,1,-5.802,1,0.0366,0.225,0.00209,0.0576,0.642,105.03,4
spotify:track:08bNPGLD8AhKpnnERrAc6G,GBAHS1800025,FRIENDS,FRIENDS,Marshmello;Anne-Marie,2018-02-09,202620,11,true,dy3capua3h7iz6vjq1bo02tbz,2023-08-31T10:40:49Z,edm,Atlantic Records UK,0.626,0.88,9,-2.384,0,0.0504,0.205,0,0.128,0.534,95.079,4
spotify:track:0i0wnv9UoFdZ5MfuFGQzMy,USWB11803381,Last Hurrah,Last Hurrah,Bebe Rexha,2019-02-15,150333,60,false,dy3capua3h7iz6vjq1bo02tbz,2023-08-31T10:40:53Z,,Warner Records,0.514,0.618,11,-4.585,0,0.0317,0.175,0,0.117,0.401,84.259,4
spotify:track:7MmG8p0F9N3C4AXdK6o6Eb,GBARL1401201,Outside (feat. Ellie Goulding),Motion,Calvin Harris;Ellie Goulding,2014-10-31,227266,90,false,dy3capua3h7iz6vjq1bo02tbz,2023-08-31T10:41:00Z,edm,Columbia,0.646,0.823,2,-4.123,0,0.0394,0.213,0,0.322,0.418,128.035,4
spotify:track:2QjOHCTQ1Jl3zawyYOpxh6,USSM11300080,Sweater Weather,I Love You.,The Neighbourhood,2013-04-22,240400,94,false,dy3capua3h7iz6vjq1bo02tbz,2023-08-31T10:41:49Z,,Columbia,0.612,0.807,10,-2.81,1,0.0336,0.0495,0.0177,0.101,0.398,124.053,4
spotify:track:6RtPijgfPKROxEzTHNRiDp,CAV161300016,Rude,Don't Kill the Magic,MAGIC!,2014-06-25,224849,88,false,dy3capua3h7iz6vjq1bo02tbz,2023-08-31T10:42:02Z,,Latium Records/RCA Records,0.773,0.758,1,-4.993,1,0.0381,0.0422,0,0.305,0.925,144.033,4
spotify:track:6Pgkp4qUoTmJIPn7ReaGxL,SE5R71700101,Without You (feat. Sandro Cavazza),AVĪCI (01),Avicii;Sandro Cavazza,2017-08-10,181672,80,true,dy3capua3h7iz6vjq1bo02tbz,2023-08-31T10:42:08Z,edm,Pophouse Entertainment Group,0.662,0.858,2,-4.844,1,0.0428,0.00163,0,0.0456,0.295,133.993,4
spotify:track:696DnlkuDOXcMAnKlTgXXK,USSM11914320,ROXANNE,ROXANNE,Arizona Zervas,2019-10-10,163636,79,true,dy3capua3h7iz6vjq1bo02tbz,2023-08-31T10:42:34Z,,Arizona Zervas,0.621,0.601,6,-5.616,0,0.148,0.0522,0,0.46,0.457,116.735,5
spotify:track:5JtvedSVWW9McnoEAPJwQm,USSM11909049,Sex Sounds,True 2 Myself,Lil Tjay,2019-10-11,162453,75,true,dy3capua3h7iz6vjq1bo02tbz,2023-08-31T10:43:42Z,"brooklyn drill,melodic rap",Columbia,0.857,0.427,8,-8.638,1,0.112,0.281,0,0.108,0.366,130.033,4
spotify:track:6DkXLzBQT7cwXmTyzAB1DJ,USUM71025031,What's My Name?,Loud,Rihanna;Drake,2010-01-01,263173,82,true,dy3capua3h7iz6vjq1bo02tbz,2023-08-31T10:44:52Z,rap,Def Jam Recordings,0.688,0.784,2,-2.972,1,0.0747,0.182,0,0.0843,0.563,100.003,4
spotify:track:5UsLjwBaTHBX4ektWIr4XX,USUM70920707,Forever,Relapse: Refill,Drake;Kanye West;Lil Wayne;Eminem,2009-05-15,357706,72,true,dy3capua3h7iz6vjq1bo02tbz,2023-08-31T10:44:54Z,"rap,hip hop",Eminem Catalog PS,0.457,0.906,5,-2.278,0,0.342,0.249,0,0.182,0.54,104.02,5
spotify:track:2BgEsaKNfHUdlh97KmvFyo,GBAHS1800094,2002,Speak Your Mind (Deluxe),Anne-Marie,2018-04-27,186986,83,false,dy3capua3h7iz6vjq1bo02tbz,2023-08-31T10:45:15Z,,Atlantic Records UK,0.697,0.683,1,-2.881,0,0.117,0.0372,0,0.137,0.603,96.133,4
spotify:track:0y8UKPyJOluqIuacosTKEv,GB-SMU-34-97773,Monster (Dotexe Remix),Monster (Dotexe Remix),Nightcore,2017-03-01,184946,60,false,dy3capua3h7iz6vjq1bo02tbz,2023-08-31T10:45:23Z,nightcore,Nightored,0.578,0.649,0,-5.649,1,0.0878,0.416,0.00253,0.0869,0.386,168.813,4
spotify:track:1QNqrsNQ1JVLEwncov3lEY,USRC11200787,True Love (feat. Lily Allen),The Truth About Love,P!nk;Lily Allen,2012-09-18,230739,69,true,dy3capua3h7iz6vjq1bo02tbz,2023-08-31T10:45:25Z,,RCA Records Label,0.449,0.825,9,-4.762,1,0.324,0.00146,0,0.108,0.575,192.241,4
spotify:track:1x80xTzSL7pok3M5JC3oJz,USAT21304202,human,head or heart,Christina Perri,2014-03-27,250706,64,false,dy3capua3h7iz6vjq1bo02tbz,2023-08-31T10:45:34Z,soft pop,Atlantic Records,0.439,0.489,8,-6.286,1,0.0368,0.132,0.000643,0.114,0.253,143.808,4
spotify:track:6fujklziTHa8uoM5OQSfIo,USUM71603293,Black Beatles,SremmLife 2 (Deluxe),Rae Sremmurd;Gucci Mane,2016-08-12,291893,87,true,dy3capua3h7iz6vjq1bo02tbz,2023-08-31T10:45:51Z,"southern hip hop,rap,trap",Mike WiLL Made-It,0.794,0.632,0,-6.163,1,0.0649,0.142,0,0.128,0.355,145.926,4
spotify:track:18VfHIPaCo0s6FTi1Fnp6T,USRC11200464,Don't Wake Me Up,Fortune (Expanded Edition),Chris Brown,2012-07-03,222306,64,false,dy3capua3h7iz6vjq1bo02tbz,2023-08-31T10:45:55Z,r&b,RCA Records Label,0.602,0.691,7,-5.197,0,0.051,0.0548,0,0.144,0.206,127.967,4
spotify:track:6Z3KPGftGu9ZVvkAY8SaZa,GBKPL1897318,Home with You,As She Pleases,Madison Beer,2018-02-02,190576,60,false,dy3capua3h7iz6vjq1bo02tbz,2023-08-31T10:46:10Z,,Access Records,0.631,0.6,7,-6.137,0,0.0873,0.0646,0,0.0952,0.732,170.128,4
spotify:track:7MXVkk9YMctZqd1Srtv4MB,USUG11600976,Starboy,Starboy,The Weeknd;Daft Punk,2016-11-25,230453,93,true,dy3capua3h7iz6vjq1bo02tbz,2023-08-31T10:46:17Z,"french house,electronic,electro",The Weeknd/Lyric,0.679,0.587,7,-7.015,1,0.276,0.141,0.00000635,0.137,0.486,186.003,4
spotify:track:7FC9Lng8iXU081lbigu8m8,GBCTA1400065,Heartbeat Song,Piece By Piece (Deluxe Version),Kelly Clarkson,2015-02-27,198741,64,false,dy3capua3h7iz6vjq1bo02tbz,2023-08-31T10:47:06Z,christmas,RCA Records Label,0.49,0.798,6,-3.66,1,0.0489,0.0137,0,0.0627,0.479,149.109,4
spotify:track:2BrzlUj1u1CtvaJDGIKpsP,QM33K1500042,Make Me (Cry),Make Me (Cry),Noah Cyrus;Labrinth,2016-11-15,242081,63,false,dy3capua3h7iz6vjq1bo02tbz,2023-08-31T10:47:24Z,,"Records Label, LLC",0.588,0.471,0,-7.287,1,0.0577,0.592,0.00146,0.0733,0.209,152.881,4
spotify:track:5YSHygGN9D0mID1NsVd5my,USLD91730127,Reminds Me Of You,Reminds Me Of You,Juice WRLD;The Kid LAROI,2020-12-08,158032,67,true,dy3capua3h7iz6vjq1bo02tbz,2023-08-31T10:47:35Z,"melodic rap,emo rap",Grade A Productions/Interscope Records,0.613,0.631,4,-6.965,1,0.12,0.0663,0,0.169,0.33,149.992,4
spotify:track:2OQJKTtrH482waGFmOfJni,USUM71305173,We Own It (Fast & Furious),B.O.A.T.S. II #METIME (Deluxe),2 Chainz;Wiz Khalifa,2013-01-01,227906,73,false,dy3capua3h7iz6vjq1bo02tbz,2023-08-31T10:47:50Z,"southern hip hop,rap",Def Jam Recordings,0.563,0.902,1,-4.586,0,0.404,0.0545,0,0.0524,0.557,172.004,4
spotify:track:003vvx7Niy0yvhvHt4a68B,USIR20400274,Mr. Brightside,Hot Fuss,The Killers,2004,222973,94,false,dy3capua3h7iz6vjq1bo02tbz,2023-08-31T10:48:06Z,alternative rock,Island Records,0.352,0.911,1,-5.23,1,0.0747,0.00121,0,0.0995,0.236,148.033,4
spotify:track:6M6Tk58pQvABy6ru66dY3d,USAT21703594,No Money,The Aviary,Galantis,2017-09-15,191293,74,false,dy3capua3h7iz6vjq1bo02tbz,2023-08-31T10:48:17Z,,Big Beat Records,0.674,0.915,6,-3.999,0,0.0411,0.0282,0.00337,0.273,0.78,126.038,4
spotify:track:3SxiAdI8dP9AaaEz1Z24mn,GBHMU1100027,Earthquake (feat. Tinie Tempah),Electronic Earth (Expanded Edition),Labrinth;Tinie Tempah,2012-04-02,274600,63,true,dy3capua3h7iz6vjq1bo02tbz,2023-08-31T10:48:23Z,grime,Syco Music UK,0.54,0.856,0,-3.966,0,0.1,0.109,0,0.276,0.258,153.071,4
spotify:track:2iJuuzV8P9Yz0VSurttIV5,USUM71215597,Scream & Shout,#willpower,will.i.am;Britney Spears,2013-01-01,283400,84,true,dy3capua3h7iz6vjq1bo02tbz,2023-08-31T10:48:43Z,pop,Interscope,0.772,0.685,5,-6.849,1,0.0696,0.019,0.0000896,0.131,0.501,130.039,4
spotify:track:3oDFtOhcN08qeDPAK6MEQG,USUM70955624,Boom Boom Pow,THE E.N.D. (THE ENERGY NEVER DIES) [Deluxe Version],Black Eyed Peas,2009-01-01,251440,75,true,dy3capua3h7iz6vjq1bo02tbz,2023-08-31T10:48:59Z,,Interscope,0.866,0.857,9,-5.894,1,0.0664,0.13,0.0017,0.13,0.408,130.049,4
spotify:track:3bC1ahPIYt1btJzSSEyyrF,USAT21201745,Whistle,Wild Ones,Flo Rida,2012-06-22,224653,82,false,dy3capua3h7iz6vjq1bo02tbz,2023-08-31T10:50:29Z,,Poe Boy/Atlantic,0.747,0.937,0,-5.746,1,0.0453,0.0208,0,0.29,0.739,103.976,4
spotify:track:6hmhG1b4LEyNuashVvuIAo,SEWEE1500801,Never Forget You,So Good,Zara Larsson;MNEK,2017-03-17,212574,79,false,dy3capua3h7iz6vjq1bo02tbz,2023-08-31T10:50:31Z,,Epic/Record Company TEN,0.583,0.732,11,-5.729,0,0.0459,0.00315,0.00000957,0.269,0.277,146.005,4
spotify:track:2qPUnoasNe4Ep43emVXEig,USAT21000257,Billionaire (feat. Bruno Mars),Lazarus,Travie McCoy;Bruno Mars,2010-06-07,211160,80,true,dy3capua3h7iz6vjq1bo02tbz,2023-08-31T10:50:31Z,,Decaydance/Fueled By Ramen,0.633,0.673,6,-6.403,0,0.258,0.297,0,0.206,0.659,86.776,4
spotify:track:0dXNQ8dckG4eYfEtq9zcva,GBUM71605342,All Night,Night & Day (Night Edition),The Vamps;Matoma,2017-07-14,197640,70,false,dy3capua3h7iz6vjq1bo02tbz,2023-08-31T10:50:34Z,tropical house,EMI,0.538,0.804,8,-5.194,1,0.0358,0.0041,0,0.33,0.507,144.992,4
spotify:track:4vVTI94F9uJ8lHNDWKv0i2,USSM11000625,Eenie Meenie,Eenie Meenie,Sean Kingston;Justin Bieber,2010-03-23,201946,86,false,dy3capua3h7iz6vjq1bo02tbz,2023-08-31T10:50:40Z,,Epic/Beluga Heights,0.72,0.607,1,-4.168,1,0.0322,0.0543,0,0.113,0.828,121.223,4
spotify:track:7Ie9W94M7OjPoZVV216Xus,USUM71011769,Not Afraid,Recovery,Eminem,2010-06-18,248133,82,true,dy3capua3h7iz6vjq1bo02tbz,2023-08-31T10:50:42Z,"rap,hip hop",Eminem Catalog PS,0.855,0.954,0,-1.19,0,0.264,0.529,0,0.205,0.668,114.635,5
spotify:track:6jmf4OxSGzdgthZruXtcqu,USRC12001831,Hate Me!,How To Kill A Rockstar,MASN,2020-08-21,154756,58,true,dy3capua3h7iz6vjq1bo02tbz,2023-08-31T18:01:07Z,,RCA Records Label,0.683,0.628,6,-6.512,1,0.123,0.659,0,0.106,0.356,142.06,4
spotify:track:1gVgkQFOKa8Wc1HYsJtPdH,USAM19090005,More Than Words,Extreme II - Pornograffitti,Extreme,1990-01-01,334106,81,false,dy3capua3h7iz6vjq1bo02tbz,2023-09-03T20:16:31Z,glam metal,A&M,0.626,0.134,6,-14.898,1,0.0298,0.467,0,0.113,0.239,91.893,4
spotify:track:4tfHCaVX4GloSEzXmnPqON,QZNWR2222492,Rock Bottom,Rock Bottom,Sik World,2022-08-26,189360,35,true,dy3capua3h7iz6vjq1bo02tbz,2023-09-03T22:02:33Z,,"Sik World, LLC",0.885,0.576,5,-7.494,0,0.379,0.242,0,0.119,0.221,120.032,4
spotify:track:4ys3qPP1YnF2IgEB2x8EOW,QZK6M1930050,Tired,Tired,Sik World,2020-01-24,178303,42,true,dy3capua3h7iz6vjq1bo02tbz,2023-09-03T22:03:20Z,,"Sik World, LLC",0.801,0.427,0,-12.785,0,0.0869,0.149,0.0000955,0.0825,0.154,139.937,4
spotify:track:2dSD6pfzzak9MPIfqXW6uk,QZK6J2261389,D13.,D13.,Kill Dyll,2022-07-08,150545,0,true,dy3capua3h7iz6vjq1bo02tbz,2023-09-03T22:05:28Z,"trap metal,horrorcore",DEEP BLU RECORDS,0.689,0.924,1,-6.024,1,0.437,0.00826,0,0.283,0.264,109.874,4
spotify:track:2v5JTeM6hSmi5wWy7jiwrI,USQX91900290,I've Been Waiting (w/ ILoveMakonnen & Fall Out Boy),I've Been Waiting (w/ ILoveMakonnen & Fall Out Boy),Lil Peep;ILOVEMAKONNEN;Fall Out Boy,2019-01-31,233613,61,true,dy3capua3h7iz6vjq1bo02tbz,2023-09-03T22:07:13Z,"emo rap,cloud rap,emo,pop punk",Columbia,0.741,0.845,5,-3.568,0,0.0381,0.15,0,0.174,0.926,129.939,4
spotify:track:5DqdesEfbRyOlSS3Tf6c29,USWB11901154,It's You,YOU,Ali Gatie,2019-11-08,212606,77,false,dy3capua3h7iz6vjq1bo02tbz,2023-09-03T22:08:06Z,,Warner Records,0.732,0.463,11,-6.972,0,0.0287,0.374,0,0.194,0.397,95.971,4
spotify:track:6USdi8uX5GNAPYziFhisHb,USWB12000024,What If I Told You That I Love You,The Idea Of Her,Ali Gatie,2021-03-26,193667,64,false,dy3capua3h7iz6vjq1bo02tbz,2023-09-03T22:08:11Z,,Warner Records,0.596,0.366,7,-11.144,1,0.115,0.63,0.00000704,0.0554,0.229,84.394,4
spotify:track:5RfrZ5Lgr3fdtgnvhh3va8,USWB12004285,Can't Let You Go,Can't Let You Go,Ali Gatie,2021-03-12,204156,45,false,dy3capua3h7iz6vjq1bo02tbz,2023-09-03T22:08:33Z,,Warner Records,0.648,0.455,1,-7.122,1,0.0341,0.463,0,0.109,0.183,129.9,4
spotify:track:5nzoQ0sKcx7pusbGUF33HA,USWB12200499,Crying in the Rain,WHO HURT YOU?,Ali Gatie,2022-08-12,155773,41,false,dy3capua3h7iz6vjq1bo02tbz,2023-09-03T22:08:37Z,,Warner Records,0.599,0.512,1,-8.072,1,0.0358,0.297,0.0000138,0.0688,0.136,118.003,4
spotify:track:0X1z7khRwAsWnqnzJLfXFB,TCAED1943649,In My Room,In My Room,SpaceMan Zack,2019-03-26,150022,17,false,dy3capua3h7iz6vjq1bo02tbz,2023-09-03T22:11:18Z,emo rap,SpaceMan Zack,0.628,0.631,0,-7.539,0,0.0373,0.0686,0.00236,0.119,0.386,145.049,4
spotify:track:658I1uDnmLSiltFCf98AWE,USUYG1142052,RIP Roach (feat. $ki Mask The Slump God),Revenge,XXXTENTACION;Ski Mask The Slump God,2017-05-16,169978,68,true,dy3capua3h7iz6vjq1bo02tbz,2023-09-03T22:12:37Z,emo rap,Bad Vibes Forever / EMPIRE,0.727,0.62,8,-6.443,1,0.306,0.398,0,0.0926,0.555,105.003,4
spotify:track:7KXjTSCq5nL1LoYtL7XAwS,USUM71703085,HUMBLE.,DAMN.,Kendrick Lamar,2017-04-14,177000,85,true,dy3capua3h7iz6vjq1bo02tbz,2023-09-03T22:12:58Z,"hip hop,west coast hip hop",Aftermath,0.908,0.621,1,-6.638,0,0.102,0.000282,0.0000539,0.0958,0.421,150.011,4
spotify:track:3sNVsP50132BTNlImLx70i,USUM71307523,Bound 2,Yeezus,Kanye West,2013-06-18,229146,84,true,dy3capua3h7iz6vjq1bo02tbz,2023-09-03T22:16:16Z,rap,Rock The World/IDJ/Kanye/LP6,0.367,0.665,1,-2.821,1,0.0465,0.145,0,0.113,0.31,148.913,4
spotify:track:0j2T0R9dR9qdJYsB7ciXhf,USUM70741299,Stronger,Graduation,Kanye West,2007-09-11,311866,86,true,dy3capua3h7iz6vjq1bo02tbz,2023-09-03T22:16:34Z,rap,Roc-A-Fella,0.617,0.716,1,-7.858,1,0.136,0.0056,0,0.408,0.496,104.014,4
spotify:track:6etwirSInfuJrSOlogS6Sh,USAT20706210,American Boy,Shine,Estelle;Kanye West,2008-03-28,284733,85,true,dy3capua3h7iz6vjq1bo02tbz,2023-09-03T22:16:49Z,rap,Round Hill Records,0.693,0.729,0,-2.99,1,0.378,0.171,0,0.07,0.521,117.848,4
spotify:track:6d8HN8MqqbqrEUI2bvx0aG,USUM72116263,Jail,Donda,Kanye West,2021-08-29,297000,62,false,dy3capua3h7iz6vjq1bo02tbz,2023-09-03T22:17:24Z,rap,Rock The World/IDJ/Kanye LP7,0.458,0.571,4,-6.739,1,0.0949,0.535,0.000305,0.0846,0.586,110.013,4
spotify:track:2H8jWuNmluerTEsuh8Gu6y,USUM72116309,Jail pt 2,Donda,Kanye West,2021-08-29,297000,56,false,dy3capua3h7iz6vjq1bo02tbz,2023-09-03T22:17:27Z,rap,Rock The World/IDJ/Kanye LP7,0.7,0.572,4,-6.459,1,0.0515,0.453,0,0.0871,0.686,109.985,4
spotify:track:2Y40huo5ewaKYxsFintYtF,USUM72116292,Heaven and Hell,Donda,Kanye West,2021-08-29,145301,59,false,dy3capua3h7iz6vjq1bo02tbz,2023-09-03T22:17:56Z,rap,Rock The World/IDJ/Kanye LP7,0.764,0.422,0,-7.265,0,0.119,0.0409,0,0.152,0.268,82.986,4
spotify:track:4jkwu5KQbXXrbAZzVmt5fE,USUM72116313,Donda,Donda,Kanye West,2021-08-29,128313,47,false,dy3capua3h7iz6vjq1bo02tbz,2023-09-03T22:18:00Z,rap,Rock The World/IDJ/Kanye LP7,0.534,0.491,10,-7.945,1,0.0545,0.849,0,0.192,0.428,105.989,5
spotify:track:6EOKwO6WaLal58MSsi6U4W,GBAYE9901219,Eleanor Rigby,Yellow Submarine Songtrack,The Beatles,1999-09-13,125226,62,false,dy3capua3h7iz6vjq1bo02tbz,2023-09-03T22:18:48Z,"classic rock,psychedelic rock",EMI Catalogue,0.521,0.301,4,-7.118,0,0.0356,0.836,0,0.398,0.621,137.382,4
spotify:track:3BQHpFgAp4l80e1XslIjNI,GBAYE0601477,Yesterday - Remastered 2009,Help! (Remastered),The Beatles,1965-08-06,125666,78,false,dy3capua3h7iz6vjq1bo02tbz,2023-09-03T22:18:54Z,"classic rock,psychedelic rock",EMI Catalogue,0.332,0.179,5,-11.83,1,0.0326,0.879,0,0.0886,0.315,96.524,4
spotify:track:6dGnYIeXmHdcikdzNNDMm2,GBAYE0601696,Here Comes The Sun - Remastered 2009,Abbey Road (Remastered),The Beatles,1969-09-26,185733,85,false,dy3capua3h7iz6vjq1bo02tbz,2023-09-03T22:18:58Z,"classic rock,psychedelic rock",EMI Catalogue,0.557,0.54,9,-10.484,1,0.0347,0.0339,0.00248,0.179,0.394,129.177,4
spotify:track:7iN1s7xHE4ifF5povM6A48,GBAYE0601713,Let It Be - Remastered 2009,Let It Be (Remastered),The Beatles,1970-05-08,243026,81,false,dy3capua3h7iz6vjq1bo02tbz,2023-09-03T22:19:02Z,"classic rock,psychedelic rock",EMI Catalogue,0.443,0.403,0,-8.339,1,0.0322,0.631,0,0.111,0.41,143.462,4
spotify:track:1gFNm7cXfG1vSMcxPpSxec,GBAYE0601647,"Ob-La-Di, Ob-La-Da - Remastered 2009",The Beatles (Remastered),The Beatles,1968-11-22,188960,74,false,dy3capua3h7iz6vjq1bo02tbz,2023-09-03T22:19:08Z,"classic rock,psychedelic rock",EMI Catalogue,0.818,0.728,10,-8.331,1,0.0314,0.232,0.0642,0.251,0.975,113.059,4
spotify:track:1tdltVUBkiBCW1C3yB4zyD,GBAYE9901217,Yellow Submarine,Yellow Submarine Songtrack,The Beatles,1999-09-13,159160,64,false,dy3capua3h7iz6vjq1bo02tbz,2023-09-03T22:19:42Z,"classic rock,psychedelic rock",EMI Catalogue,0.616,0.636,1,-7.055,1,0.0325,0.208,0,0.517,0.654,110.618,4
spotify:track:0JP9xo3adEtGSdUEISiszL,USUG11800209,Moonlight,?,XXXTENTACION,2018-03-16,135090,87,true,dy3capua3h7iz6vjq1bo02tbz,2023-09-04T17:24:31Z,emo rap,"Bad Vibes Forever, LLC",0.921,0.537,9,-5.723,0,0.0804,0.556,0.00404,0.102,0.711,128.009,4
spotify:track:7MiZjKawmXTsTNePyTfPyL,US7SR1600006,Devil Eyes,Providence,Hippie Sabotage,2016-02-05,131271,40,false,dy3capua3h7iz6vjq1bo02tbz,2023-09-04T17:33:50Z,,iHipHop Distribution,0.391,0.396,1,-8.621,0,0.189,0.702,0.405,0.315,0.199,99.112,5
spotify:track:2wAJTrFhCnQyNSD3oUgTZO,USQX91100801,Work Out,Cole World: The Sideline Story,J. Cole,2011-09-27,235320,85,true,dy3capua3h7iz6vjq1bo02tbz,2023-09-04T17:35:13Z,rap,Roc Nation LLC,0.831,0.427,2,-6.903,1,0.106,0.0531,0,0.307,0.216,93.004,4
spotify:track:6y6jbcPG4Yn3Du4moXaenr,TCACB1407069,idfc,deadroses,blackbear,2015-02-14,245172,74,true,dy3capua3h7iz6vjq1bo02tbz,2023-09-04T18:03:50Z,,Santa Anna,0.63,0.5,1,-8.755,0,0.0611,0.611,0.0000404,0.114,0.315,144.871,4
spotify:track:7ddA78lI7ezTnVNWj2b2tH,QZHPJ1943231,Knock Knock,War: Time 2,Chetta,2019-07-31,188197,42,true,dy3capua3h7iz6vjq1bo02tbz,2023-09-04T18:06:41Z,"horrorcore,trap metal,emo rap",G59 Records,0.409,0.525,8,-11.282,1,0.299,0.0636,0,0.0937,0.182,180.14,4
spotify:track:16hi23pkpOhzlj8kRMVfoj,QZAPK2000257,Murder He Wrote,Been Here Forever,Chetta;Scrim,2022-06-24,192001,39,true,dy3capua3h7iz6vjq1bo02tbz,2023-09-04T18:06:47Z,"horrorcore,trap metal,emo rap",G59 Records,0.812,0.505,6,-6.41,0,0.38,0.119,0.0000176,0.124,0.321,160.098,4
spotify:track:3i12eJLCVGypfXrukbdp6d,TCAEI1954014,Pluto,War: Time 2,Chetta,2019-07-31,222902,26,true,dy3capua3h7iz6vjq1bo02tbz,2023-09-04T18:06:53Z,"horrorcore,trap metal,emo rap",G59 Records,0.789,0.494,2,-10.242,1,0.293,0.38,0.0000179,0.111,0.292,163.994,4
spotify:track:0VurUlYbMyzs0C7S0UOk19,TCADY1800252,Black Ops,Side Effects II,Chetta,2018-10-31,187533,14,true,dy3capua3h7iz6vjq1bo02tbz,2023-09-04T18:10:44Z,"horrorcore,trap metal,emo rap",G59 Records,0.909,0.527,2,-8.613,1,0.259,0.138,0.000175,0.0978,0.518,140.01,4
spotify:track:6E7lGY92209JDC0xvbkRlT,QZMER2143989,LOVE KILLS,LOVE KILLS,KID Tye,2021-10-22,114146,1,true,dy3capua3h7iz6vjq1bo02tbz,2023-09-04T18:11:38Z,emo rap,KID Tye ENT.,0.288,0.643,10,-7.616,0,0.0508,0.116,0.00000597,0.433,0.125,86.731,3
spotify:track:7djAgAzDeH9MB51fHDaUqs,QZMER2143988,NEED YOU,LOVE KILLS,KID Tye,2021-10-22,124250,3,true,dy3capua3h7iz6vjq1bo02tbz,2023-09-04T18:11:41Z,emo rap,KID Tye ENT.,0.402,0.498,8,-7.179,0,0.0451,0.339,0,0.425,0.187,170.019,4
spotify:track:3OGBB60qCCA7VonSyB2VvM,QZMER2143987,BAD FOR ME,LOVE KILLS,KID Tye,2021-10-22,145042,5,true,dy3capua3h7iz6vjq1bo02tbz,2023-09-04T18:11:44Z,emo rap,KID Tye ENT.,0.687,0.479,0,-6.321,0,0.0457,0.0683,0,0.121,0.627,147.953,4
spotify:track:0j8ppsOOawdPCJnSTcXgOy,QM42K1852966,GOSHA,- TRAGEDY +,$NOT,2020-03-06,120000,66,true,dy3capua3h7iz6vjq1bo02tbz,2023-09-04T18:16:42Z,,P2020,0.847,0.448,0,-10.14,1,0.416,0.81,0.0000135,0.325,0.488,79.975,4
spotify:track:02cKjhV0ZAWEsvQ8XS8WFC,QZHNA1986737,Trip on a Spiderweb,Trip on a Spiderweb,Witchouse 40k,2019-11-08,125121,0,true,dy3capua3h7iz6vjq1bo02tbz,2023-09-04T18:18:24Z,"trap metal,horrorcore,witch house",Hellhound Militia,0.933,0.878,8,-5.08,0,0.0791,0.0884,0,0.0833,0.409,123.025,4
spotify:track:2HET5Iz93JFkThScDWKN1K,QZNWQ2212060,GRAVEDIGGER,GRAVEDIGGER,Witchouse 40k,2022-08-13,171940,0,true,dy3capua3h7iz6vjq1bo02tbz,2023-09-04T18:18:53Z,"trap metal,horrorcore,witch house",Hellhound Militia,0.675,0.769,0,-8.205,1,0.197,0.177,0,0.11,0.112,133.922,4
spotify:track:1mSKiaGuldysG6et1MkAL3,QZK6J2012158,Rats!,Blood Bender Mixtape,Witchouse 40k,2020-09-15,159068,0,true,dy3capua3h7iz6vjq1bo02tbz,2023-09-04T18:19:11Z,"trap metal,horrorcore,witch house",Hellhound Militia,0.732,0.513,2,-8.491,1,0.0838,0.0605,0.00222,0.0892,0.132,130.969,4
spotify:track:0mM8GPNEP9UTBOnpOtCz7g,QZES91991552,Venvm,Venvm,Witchouse 40k,2019-05-20,165338,0,true,dy3capua3h7iz6vjq1bo02tbz,2023-09-04T18:19:37Z,"trap metal,horrorcore,witch house",Hellhound Militia,0.691,0.493,1,-11.868,1,0.0857,0.00452,0.0145,0.826,0.0394,146.023,4
spotify:track:17PtmFUE9D673pdUtaugOi,QZFYX2178907,HEAVEN'S GATE,HEAVEN'S GATE,SXMPRA;Warlord Colossus;Teddy Slugz,2021-01-13,162634,34,true,dy3capua3h7iz6vjq1bo02tbz,2023-09-04T18:19:46Z,"phonk,drift phonk,trap metal,horrorcore",HERE FOREVER,0.883,0.76,11,-10.934,0,0.252,0.0671,0.594,0.198,0.545,130.059,4
spotify:track:3YUc7Hh2tO9X3jMD97oyPZ,QZNWT2147615,"something, somewhere","something, somewhere",SXMPRA,2021-10-29,182857,31,true,dy3capua3h7iz6vjq1bo02tbz,2023-09-04T18:20:23Z,"phonk,drift phonk,trap metal",HERE FOREVER,0.73,0.699,1,-7.098,1,0.103,0.0968,0.0000689,0.102,0.0741,105.001,4
spotify:track:6jdwbcH788txYS6Doy1F1j,USWB12203894,Step Back!,Step Back!,1nonly;SXMPRA,2022-09-02,150674,68,true,dy3capua3h7iz6vjq1bo02tbz,2023-09-04T18:21:05Z,"phonk,drift phonk,trap metal",NSF Productions LLC,0.783,0.89,1,-5.995,1,0.2,0.185,0.00417,0.0969,0.437,127.996,4
spotify:track:6IWswGWvFnEyqru4yGSDEO,QZVFR2300575,LET'S RIDE! - Drift Phonk,LET'S RIDE! (Drift Phonk),SXMPRA;Bone Thugs-N-Harmony;Fast & Furious: The Fast Saga,2023-02-10,137142,23,true,dy3capua3h7iz6vjq1bo02tbz,2023-09-04T18:27:54Z,"phonk,drift phonk,trap metal,gangster rap,old school hip hop,g-funk",APG Inc – FF10,0.802,0.983,7,-2.266,1,0.0629,0.0328,0.362,0.0978,0.358,139.993,4
spotify:track:0fsBnayj7sPsFn2u0Pxpbp,QZHN32225709,ghxst.,sixty se7en.,Kill Dyll,2022-04-22,134774,0,true,dy3capua3h7iz6vjq1bo02tbz,2023-09-04T18:28:24Z,"trap metal,horrorcore",DEEP BLU RECORDS,0.515,0.218,3,-11.722,0,0.0366,0.689,0.663,0.237,0.0761,92.983,4
spotify:track:6J7mDYDUBCkEiElK57bfNi,QZDA42295951,CXCAINE.,CXCAINE.,Kill Dyll,2022-03-04,142168,33,true,dy3capua3h7iz6vjq1bo02tbz,2023-09-04T18:28:38Z,"trap metal,horrorcore",DEEP BLU RECORDS,0.643,0.611,1,-8.594,1,0.291,0.0209,0.0408,0.113,0.0536,125.028,4
spotify:track:76arGa0Ye5GwQi0uu1obxs,QZJ842002710,JDM DRIFT EDIT VERY TRENDY HOUSE PHONK!,THE EVIL IN WHICH WE THRIVE,SXMPRA;Dozy Doe,2023-02-03,137142,0,true,dy3capua3h7iz6vjq1bo02tbz,2023-09-04T18:29:54Z,"phonk,drift phonk,trap metal,horrorcore",SXMPRA LIMITED / 10K Projects,0.796,0.882,2,-2.457,1,0.0449,0.225,0.431,0.223,0.446,126.018,4
spotify:track:1vqrw8HNA5I7X5EkwQFeyr,QZDA42286279,BLACK BENZ,BLACK BENZ,Aiden Hilton;SpaceMan Zack,2022-02-18,154000,27,true,dy3capua3h7iz6vjq1bo02tbz,2023-09-04T18:30:42Z,emo rap,Energyneverdies,0.513,0.375,3,-12.543,0,0.137,0.00693,0,0.103,0.283,175.976,4
spotify:track:6ONNve7BhQuRnVVX8mJ610,QZHN72250772,PAIN U KEEP,TEEN SUICIDE,Aiden Hilton,2022-05-27,152000,2,true,dy3capua3h7iz6vjq1bo02tbz,2023-09-04T18:31:32Z,emo rap,Empty Party,0.557,0.582,4,-6.915,0,0.0284,0.103,0,0.0785,0.0664,107.009,4
spotify:track:07miQb315ezd5obb3PPzQB,USUM71805747,Sk8 Head,CITY MORGUE VOL 1: HELL OR HIGH WATER,City Morgue;ZillaKami;SosMula,2018-10-12,151106,45,true,dy3capua3h7iz6vjq1bo02tbz,2023-09-04T18:32:01Z,"trap metal,horrorcore,emo rap,rap metal",Republic Records,0.638,0.946,10,-3.685,0,0.315,0.186,0,0.399,0.583,85.015,4
spotify:track:5fwSVdDDSzVaHlRADZOYHB,QZJ842002540,GOD MODE!,THE EVIL IN WHICH WE THRIVE,SXMPRA;Dozy Doe,2023-02-03,163307,0,true,dy3capua3h7iz6vjq1bo02tbz,2023-09-04T18:32:30Z,"phonk,drift phonk,trap metal,horrorcore",SXMPRA LIMITED / 10K Projects,0.722,0.943,9,-1.286,1,0.327,0.116,0.0000797,0.123,0.217,159.986,4
spotify:track:4EWCNWgDS8707fNSZ1oaA5,USUM70840511,Heartless,808s & Heartbreak,Kanye West,2008-11-24,211000,87,false,dy3capua3h7iz6vjq1bo02tbz,2023-09-06T21:16:22Z,rap,Roc-A-Fella,0.79,0.647,10,-5.983,0,0.136,0.0515,0,0.248,0.654,87.999,4
spotify:track:05u81UgU27g8uL5twJ7ABz,GBARL1600650,Fly Away With Me,Fly Away With Me,Tom Walker,2016-06-17,211733,46,false,dy3capua3h7iz6vjq1bo02tbz,2023-09-06T21:19:55Z,,Relentless Records,0.421,0.499,5,-8.869,1,0.173,0.61,0,0.0875,0.297,78.621,4
spotify:track:7lQ8MOhq6IN2w8EYcFNSUk,USIR10211038,Without Me,The Eminem Show,Eminem,2002-05-26,290320,90,true,dy3capua3h7iz6vjq1bo02tbz,2023-09-06T21:20:14Z,"rap,hip hop",Eminem Catalog PS,0.908,0.669,7,-2.827,1,0.0738,0.00286,0,0.237,0.662,112.238,4
spotify:track:7uUahoeqGNRMbpdeiLj1rS,GBARL1702250,Panic Room,Panic Room,Au/Ra,2018-02-09,237772,69,false,dy3capua3h7iz6vjq1bo02tbz,2023-09-06T21:20:24Z,,RCA Records Label,0.495,0.426,8,-9.434,1,0.0736,0.152,0.00000565,0.099,0.0636,97.91,4
spotify:track:6Apozxrk03AIyQwyswUjbt,AUUM71700693,Church,Awake,Alison Wonderland,2018-04-06,183912,45,false,dy3capua3h7iz6vjq1bo02tbz,2023-09-06T21:21:10Z,"edm trap,future bass,edm",EMI Recorded Music Australia Pty Ltd,0.551,0.681,10,-4.873,0,0.0401,0.0251,0,0.481,0.227,94.052,4
spotify:track:2SL6oP2YAEQbqsrkOzRGO4,USUM71813345,Venom - Music From The Motion Picture,Kamikaze,Eminem,2018-08-31,269554,73,true,dy3capua3h7iz6vjq1bo02tbz,2023-09-06T21:21:26Z,"rap,hip hop",Eminem Catalog PS,0.749,0.794,0,-5.063,1,0.064,0.0193,0,0.543,0.46,135.959,4
spotify:track:6zeeWid2sgw4lap2jV61PZ,USRC11803180,Better,Suncity,Khalid,2018-10-18,229319,71,false,dy3capua3h7iz6vjq1bo02tbz,2023-09-06T21:21:57Z,,"Right Hand Music Group, LLC/RCA Records",0.596,0.552,0,-10.278,0,0.097,0.0765,0.334,0.104,0.112,97.949,4
spotify:track:7uzmGiiJyRfuViKKK3lVmR,USAT21704227,Mine,COSMIC,Bazzi,2018-04-12,131064,76,true,dy3capua3h7iz6vjq1bo02tbz,2023-09-06T21:22:06Z,,iamcosmic,0.71,0.789,4,-3.874,1,0.0722,0.0161,0.00000277,0.451,0.717,142.929,4
spotify:track:5sIx4BlfYGuZeSLF40N9GH,SEBGA1800417,Remind Me to Forget,Remind Me to Forget,Kygo;Miguel,2018-03-16,217286,64,false,dy3capua3h7iz6vjq1bo02tbz,2023-09-06T21:22:56Z,"tropical house,r&b",Kygo,0.685,0.508,0,-6.4,1,0.0987,0.193,0,0.139,0.315,99.063,4
spotify:track:6YUUQapDEqBF1yP3iHlsut,GBAHT0800557,Insomnia,Rewind - The Collection,Craig David,2017-03-03,207306,67,false,dy3capua3h7iz6vjq1bo02tbz,2023-09-06T21:27:48Z,,Sony Music UK,0.62,0.884,1,-4.127,1,0.0441,0.00595,0.0000011,0.201,0.594,125.39,4
spotify:track:5lRzEC0Hyj92nEr9JkDxM2,GBARL1701677,I Know You (feat. Bastille),The Time Is Now (Expanded Edition),Craig David;Bastille,2018-01-26,214960,50,false,dy3capua3h7iz6vjq1bo02tbz,2023-09-06T21:28:14Z,,Speakerbox/Insanity Records,0.56,0.761,9,-5.202,1,0.0879,0.126,0,0.0896,0.236,140.555,4
spotify:track:1Mys1gf9SkMBAVGGxpkJ7d,NLF711502765,Reality,Less Is More,Lost Frequencies;Janieck,2016-10-21,159480,80,false,dy3capua3h7iz6vjq1bo02tbz,2023-09-06T21:28:45Z,tropical house,Armada Music Albums,0.715,0.696,1,-7.887,0,0.0321,0.0197,0.00000205,0.0697,0.6,122.144,4
spotify:track:64fwanXDvwmsQrLsDSVHMv,NLF711711933,Crazy,Crazy,Lost Frequencies;Zonderling,2017-11-24,153391,64,false,dy3capua3h7iz6vjq1bo02tbz,2023-09-06T21:29:16Z,"tropical house,future house",Found Frequencies,0.765,0.762,11,-5.069,0,0.123,0.42,0.0000858,0.104,0.444,114.975,4
spotify:track:6SUocL0caib4mLHe8ZrZzi,GBAHS1700559,Sun Comes Up (feat. James Arthur),Sun Comes Up (feat. James Arthur),Rudimental;James Arthur,2017-06-30,232627,54,false,dy3capua3h7iz6vjq1bo02tbz,2023-09-06T21:29:29Z,soft pop,Atlantic Records UK,0.619,0.858,10,-5.28,1,0.0929,0.00791,0,0.173,0.23,106.017,4
spotify:track:6w8pFOKn42O418qwcQElZ3,AUUM71600906,Waves,A Place We Knew,Dean Lewis,2019-03-22,240013,74,false,dy3capua3h7iz6vjq1bo02tbz,2023-09-06T21:30:31Z,,Universal Music Australia Pty. Ltd.,0.519,0.731,11,-7.192,0,0.0449,0.184,0,0.0643,0.338,156.878,4
spotify:track:1cgHWk3kQk8SbvaYHkfTkV,GBGLW1700274,Waves,Critical As Water,Jeremy Loops,2018-03-16,180066,42,false,dy3capua3h7iz6vjq1bo02tbz,2023-09-06T21:30:35Z,folk pop,Jeremy Loops,0.728,0.681,1,-7.024,0,0.165,0.609,0.000287,0.0957,0.475,98.861,4
spotify:track:6XcfKZvJio9Z0fQy11GnNX,US3DF1712109,broken,finding it hard to smile,lovelytheband,2018-08-03,204878,69,false,dy3capua3h7iz6vjq1bo02tbz,2023-09-06T21:31:16Z,,RED MUSIC,0.666,0.728,7,-5.808,1,0.0419,0.00175,0.00000426,0.0429,0.51,122.996,4
spotify:track:75NhhYjHO43mvZgYtnXgti,SE5R71700108,Lonely Together (feat. Rita Ora),AVĪCI (01),Avicii;Rita Ora,2017-08-10,181812,71,false,dy3capua3h7iz6vjq1bo02tbz,2023-09-06T21:31:33Z,edm,Pophouse Entertainment Group,0.655,0.666,5,-5.309,1,0.0612,0.134,0.0000212,0.0683,0.272,102.977,4
spotify:track:1j4kHkkpqZRBwE0A4CN4Yv,USRC11702155,Dusk Till Dawn (feat. Sia) - Radio Edit,Dusk Till Dawn (feat. Sia) [Radio Edit],ZAYN;Sia,2017-09-07,239000,73,false,dy3capua3h7iz6vjq1bo02tbz,2023-09-06T21:32:05Z,,RCA Records Label,0.259,0.437,11,-6.589,0,0.0386,0.102,0.00000132,0.106,0.0951,180.042,4
spotify:track:4xigPf2sigSPmuFH3qCelB,USQX91800798,"Genius (feat. Sia, Diplo, and Labrinth)","LABRINTH, SIA & DIPLO PRESENT... LSD",Sia;Diplo;Labrinth;LSD,2019-04-12,213706,78,false,dy3capua3h7iz6vjq1bo02tbz,2023-09-06T21:32:23Z,"moombahton,dance pop",Records/Columbia,0.603,0.615,11,-4.931,0,0.165,0.0799,0.0000672,0.117,0.561,158.657,4
spotify:track:7xHWNBFm6ObGEQPaUxHuKO,USRC11601332,The Greatest (feat. Kendrick Lamar),This Is Acting (Deluxe Version),Sia;Kendrick Lamar,2016-10-21,210226,69,false,dy3capua3h7iz6vjq1bo02tbz,2023-09-06T21:32:49Z,"hip hop,west coast hip hop",Monkey Puzzle Records/RCA Records,0.668,0.725,1,-6.127,1,0.266,0.0102,0.000479,0.0561,0.729,191.944,4
spotify:track:7zE6pyXLjUCOy8PG0UL5SZ,USRC11400980,Big Girls Cry,1000 Forms Of Fear (Deluxe Version),Sia,2015-05-04,210613,49,false,dy3capua3h7iz6vjq1bo02tbz,2023-09-06T21:33:00Z,,Monkey Puzzle Records/RCA Records,0.469,0.592,5,-4.962,1,0.0399,0.0393,0,0.105,0.0938,161.996,4
spotify:track:0TDLuuLlV54CkRRUOahJb4,GB28K1100036,Titanium (feat. Sia),Nothing but the Beat (Ultimate Edition),David Guetta;Sia,2012-12-07,245040,87,false,dy3capua3h7iz6vjq1bo02tbz,2023-09-06T21:33:31Z,edm,Parlophone (France),0.604,0.787,0,-3.674,0,0.103,0.0679,0.15,0.127,0.301,126.062,4
spotify:track:0xQEG8HNBt2Kpl8XHMnGt3,USAT21700741,Wonderland,Wonderland,Jasmine Thompson,2017-05-19,220560,16,false,dy3capua3h7iz6vjq1bo02tbz,2023-09-06T21:33:58Z,,Atlantic Records,0.376,0.368,7,-8.471,0,0.0323,0.719,0.00000891,0.525,0.127,115.917,4
spotify:track:7goa2oseuN5Vo06MocroMQ,USAT21700829,Old Friends,Wonderland,Jasmine Thompson,2017-05-19,213600,33,false,dy3capua3h7iz6vjq1bo02tbz,2023-09-06T21:33:58Z,,Atlantic Records,0.431,0.312,3,-6.483,1,0.0322,0.887,0,0.124,0.279,132.593,4
spotify:track:4c66ZXM40gBNz5TCMOjUlD,USAT21700941,Someone's Somebody,Wonderland,Jasmine Thompson,2017-05-19,216493,26,false,dy3capua3h7iz6vjq1bo02tbz,2023-09-06T21:33:58Z,,Atlantic Records,0.764,0.642,6,-7.408,0,0.135,0.408,0.00000277,0.168,0.386,102.043,4
spotify:track:3bM9ZyVvifwWXjK3y2YWZe,USAT21700942,Wanna Know Love,Wonderland,Jasmine Thompson,2017-05-19,186946,14,false,dy3capua3h7iz6vjq1bo02tbz,2023-09-06T21:33:58Z,,Atlantic Records,0.674,0.622,10,-5.918,0,0.0557,0.126,0,0.231,0.395,122.156,4
spotify:track:3PfBUAunz826hdvH225T0K,USAT21700943,Fix Me,Wonderland,Jasmine Thompson,2017-05-19,214706,20,false,dy3capua3h7iz6vjq1bo02tbz,2023-09-06T21:33:58Z,,Atlantic Records,0.598,0.654,0,-6.477,0,0.0375,0.73,0.00000135,0.195,0.549,130.038,4
spotify:track:4Lq1kfx3ju1Dfxfpu3wIfx,USAT21700944,Drama,Wonderland,Jasmine Thompson,2017-05-19,198373,14,false,dy3capua3h7iz6vjq1bo02tbz,2023-09-06T21:33:58Z,,Atlantic Records,0.619,0.395,0,-6.622,0,0.0287,0.675,0,0.18,0.305,118.84,4
spotify:track:7pJ4iEOOwUEzO3m9Hh3Ojr,USAT21700830,Old Friends - Jonas Blue Remix,Wonderland,Jasmine Thompson;Jonas Blue,2017-05-19,174733,40,false,dy3capua3h7iz6vjq1bo02tbz,2023-09-06T21:33:58Z,tropical house,Atlantic Records,0.646,0.744,3,-4.714,1,0.0365,0.0246,0,0.0705,0.358,103.048,4
spotify:track:1jF7IL57ayN4Ity3jQqGu0,USRC11200785,Try,The Truth About Love,P!nk,2012-09-18,247911,85,false,dy3capua3h7iz6vjq1bo02tbz,2023-09-06T21:34:38Z,,RCA Records Label,0.674,0.628,2,-7.079,1,0.03,0.00144,0,0.0944,0.552,103.998,4
spotify:track:1DUhAeBCT4r66Gu4P3nirG,USRC11200784,Are We All We Are,The Truth About Love,P!nk,2012-09-18,217918,47,true,dy3capua3h7iz6vjq1bo02tbz,2023-09-06T21:35:16Z,,RCA Records Label,0.49,0.929,1,-3.508,0,0.0651,0.000925,0.0000345,0.823,0.533,152.248,4
spotify:track:4k80K0b6KZ2QjAYkXON7q6,USRC11200669,Blow Me,The Truth About Love,P!nk,2012-09-18,256781,68,true,dy3capua3h7iz6vjq1bo02tbz,2023-09-06T21:35:19Z,,RCA Records Label,0.597,0.919,7,-2.954,1,0.0439,0.000145,0,0.282,0.729,113.991,4
spotify:track:0Qh38w01QRXK6KHIv0e3hb,USRC11701586,What About Us,Beautiful Trauma,P!nk,2017-10-13,269595,81,false,dy3capua3h7iz6vjq1bo02tbz,2023-09-06T21:36:29Z,,RCA Records Label,0.491,0.588,1,-6.177,1,0.0506,0.0281,0.00000201,0.0906,0.193,113.608,4
spotify:track:35SuLFF1dk9nBgjE2HzTzp,GBCTA0600237,What About Now,It's Not Over....The Hits So Far,Daughtry,2016-02-12,251633,53,false,dy3capua3h7iz6vjq1bo02tbz,2023-09-06T21:36:37Z,post-grunge,RCA Records Label,0.387,0.862,9,-2.219,0,0.0457,0.107,0,0.103,0.337,161.984,4
spotify:track:02MWAaffLxlfxAUY7c5dvx,GBUM72000433,Heat Waves,Dreamland (+ Bonus Levels),Glass Animals,2020-08-06,238805,10,false,dy3capua3h7iz6vjq1bo02tbz,2023-09-06T21:37:23Z,,Polydor Records,0.761,0.525,11,-6.9,1,0.0944,0.44,0.0000067,0.0921,0.531,80.87,4
spotify:track:5UqCQaDshqbIk3pkhy4Pjg,SEUM71100962,Levels - Radio Edit,Levels,Avicii,2011-10-28,199906,83,false,dy3capua3h7iz6vjq1bo02tbz,2023-09-06T21:39:00Z,edm,Pophouse Entertainment Group,0.584,0.889,1,-5.941,0,0.0343,0.0462,0.828,0.309,0.464,126.04,4
spotify:track:1p1nO35bbi4ZlQgjIA4oa4,USVI20500136,The Kill (Bury Me),A Beautiful Lie,Thirty Seconds To Mars,2005-08-30,231533,64,false,dy3capua3h7iz6vjq1bo02tbz,2023-09-06T21:45:41Z,,Virgin Records,0.179,0.912,4,-3.881,0,0.0791,0.0014,0.000294,0.582,0.289,182.99,3
spotify:track:1bdwEZ1ViV7wdrA46QJnGw,USRE10700723,Doomsday Clock,Transformers - The Album,The Smashing Pumpkins,2007-06-27,222960,40,false,dy3capua3h7iz6vjq1bo02tbz,2023-09-06T21:45:58Z,"alternative rock,rock",Warner Records,0.344,0.923,6,-4.031,1,0.0543,0.00000145,0.0695,0.057,0.436,95.708,4
spotify:track:3cOO5IQtOYs7huq4Z6lYfr,USUM71404631,Love Runs Out,Native,OneRepublic,2014-01-01,224853,69,false,dy3capua3h7iz6vjq1bo02tbz,2023-09-06T21:46:56Z,,Mosley / Interscope,0.715,0.931,7,-3.793,1,0.0565,0.171,0,0.0757,0.742,120.025,4
spotify:track:5BzZhlqDnYYDr17sciEOjj,USUM70758802,Say (All I Need),Dreaming Out Loud,OneRepublic,2007-11-20,230573,49,false,dy3capua3h7iz6vjq1bo02tbz,2023-09-06T21:47:05Z,,Mosley / Interscope,0.549,0.742,9,-5.741,1,0.0498,0.0184,0,0.153,0.311,122.008,4
spotify:track:6hLkeOMrhZ2CMLBp2of576,USUM71916513,Wanted,Wanted,OneRepublic,2019-09-06,136247,52,false,dy3capua3h7iz6vjq1bo02tbz,2023-09-06T21:47:10Z,,Mosley Music/Interscope Records,0.668,0.534,1,-6.586,1,0.0677,0.164,0,0.1,0.711,145.816,4
spotify:track:7dOeiXeTSfA1ixaYmQcWu7,USUM71705541,Rich Love (with Seeb),Rich Love,OneRepublic;Seeb,2017-07-14,201256,64,false,dy3capua3h7iz6vjq1bo02tbz,2023-09-06T21:47:21Z,tropical house,Mosley / Interscope,0.401,0.872,1,-3.641,0,0.314,0.167,0,0.362,0.472,104.592,4
spotify:track:0x6Y6ikSyS17NxfhWsgENm,GBUM70600345,Chasing Cars,Eyes Open (International Package with bonus live tracks),Snow Patrol,2006-01-01,267960,1,false,dy3capua3h7iz6vjq1bo02tbz,2023-09-06T21:49:17Z,,Universal Music Group,0.56,0.595,9,-4.53,1,0.0274,0.199,0.0000647,0.132,0.144,104.011,4
spotify:track:2NniAhAtkRACaMeYt48xlD,USSM11201533,50 Ways to Say Goodbye,California 37,Train,2012-04-17,247946,72,false,dy3capua3h7iz6vjq1bo02tbz,2023-09-06T21:50:01Z,soft pop,Columbia,0.591,0.935,6,-2.664,1,0.0478,0.000284,0.000278,0.142,0.736,140.043,4
spotify:track:1mea3bSkSGXuIRvnydlB5b,GBAYE0800265,Viva La Vida,Viva La Vida or Death and All His Friends,Coldplay,2008-06-06,242373,90,false,dy3capua3h7iz6vjq1bo02tbz,2023-09-06T21:50:07Z,,Parlophone UK,0.486,0.617,5,-7.115,0,0.0287,0.0954,0.00000323,0.109,0.417,138.015,4
spotify:track:10xV5l9nhLvFpR8mqzs0bL,USRC12202117,Numb,Numb,Marshmello;Khalid,2022-06-10,155588,72,false,dy3capua3h7iz6vjq1bo02tbz,2023-09-06T21:51:38Z,edm,Joytime Collective/RCA Records,0.912,0.774,0,-4.673,0,0.0455,0.121,0.0127,0.101,0.632,119.966,4
spotify:track:1AIKA0PZcfqkvs4A7teWmc,DEAF71578216,"Maya Hi, Maya Hu",Best of Crazy Hits,Crazy Frog,2009-12-11,179555,51,false,dy3capua3h7iz6vjq1bo02tbz,2023-09-06T21:52:16Z,,Mach 1,0.731,0.997,2,-3.231,1,0.0346,0.154,0.00586,0.242,0.9,134.959,4
spotify:track:732E6ibFkQR5lNIPEeiEnx,USAT22101329,Choker,Scaled And Icy,Twenty One Pilots,2021-05-21,223065,65,false,dy3capua3h7iz6vjq1bo02tbz,2023-09-06T21:54:24Z,,Fueled By Ramen,0.7,0.664,7,-8.211,1,0.0394,0.306,0.0000189,0.249,0.585,142.009,4
spotify:track:7FjZU7XFs7P9jHI9Z0yRhK,SEUM71800604,So Close,So Close (feat. Georgia Ku),NOTD;felix jaehn;Captain Cuts;Georgia Ku,2018-11-02,190302,65,false,dy3capua3h7iz6vjq1bo02tbz,2023-09-06T21:54:33Z,tropical house,Universal Music AB,0.7,0.872,10,-5.896,1,0.0666,0.121,0.00000708,0.103,0.761,125.03,4
spotify:track:4OGj4cwoDvyMOPZa2mnaiB,USSM11905840,Down In Flames,Down In Flames,AJ Mitchell,2019-09-20,200720,38,false,dy3capua3h7iz6vjq1bo02tbz,2023-09-06T21:55:24Z,,Epic,0.543,0.538,3,-6.78,0,0.0432,0.355,0,0.0879,0.351,169.978,4
spotify:track:6DXLO8LndZMVOHM0wNbpzg,USUM71020778,Danza Kuduro,Meet The Orphans,Don Omar;Lucenzo,2010-01-01,198786,59,false,dy3capua3h7iz6vjq1bo02tbz,2023-09-06T21:56:01Z,"reggaeton,urbano latino,kuduro",UMLE - Machete,0.7,0.917,0,-4.897,1,0.115,0.0773,0,0.065,0.888,130.04,4
spotify:track:7nKBxz47S9SD79N086fuhn,USRC11700058,SUBEME LA RADIO,SUBEME LA RADIO (feat. Descemer Bueno & Zion & Lennox),Enrique Iglesias;Descemer Bueno;Zion & Lennox,2017-02-24,207680,72,false,dy3capua3h7iz6vjq1bo02tbz,2023-09-06T21:56:06Z,"latin pop,latin,reggaeton",RCA Records/Sony Music International/Sony Music Latin,0.688,0.822,0,-3.304,1,0.0537,0.0642,0,0.241,0.66,91.011,4
spotify:track:5e9TFTbltYBg2xThimr0rU,USWB11301116,The Chain - 2004 Remaster,Rumours (Super Deluxe),Fleetwood Mac,1977-02-04,270213,88,false,dy3capua3h7iz6vjq1bo02tbz,2023-09-06T21:57:01Z,"yacht rock,classic rock,soft rock",Rhino/Warner Records,0.545,0.67,9,-8.81,1,0.0496,0.009,0.000822,0.0451,0.481,151.553,4
spotify:track:4ByEFOBuLXpCqvO1kw8Wdm,GBAAA8600046,(I Just) Died In Your Arms,Broadcast,Cutting Crew,1986-01-01,280400,86,false,dy3capua3h7iz6vjq1bo02tbz,2023-09-06T21:57:51Z,,Ten Records,0.625,0.726,11,-11.402,0,0.0444,0.0158,0.000169,0.0625,0.507,124.945,4
spotify:track:1MzgAa6fUqeUuLipCnTyak,ZAA010500102,Doo Be Doo,Nomvula,Freshlyground,2004-09-03,311880,44,false,dy3capua3h7iz6vjq1bo02tbz,2023-09-06T21:58:48Z,"afro soul,afropop,dubstep",Freeground Records J,0.743,0.541,2,-6.719,1,0.0474,0.214,0.00000416,0.0523,0.68,104.058,4
spotify:track:0gmbgwZ8iqyMPmXefof8Yf,NLA320119533,How You Remind Me,Silver Side Up,Nickelback,2001-09-11,223840,89,false,dy3capua3h7iz6vjq1bo02tbz,2023-09-06T22:00:12Z,"post-grunge,rock",Roadrunner Records,0.446,0.764,10,-5.042,1,0.033,0.00135,0,0.099,0.543,172.094,4
spotify:track:37BTh5g05cxBIRYMbw8g2T,USSM18200245,Rosanna,Toto IV,TOTO,1982-04-08,330943,77,false,dy3capua3h7iz6vjq1bo02tbz,2023-09-06T22:01:58Z,"yacht rock,soft rock",Columbia,0.365,0.513,7,-13.034,0,0.0357,0.0208,0.000147,0.205,0.739,80.647,4
spotify:track:6vrUTGn5p8IrfTZ0J6sIVM,USWB10704707,Iris,Greatest Hits Volume One - The Singles,The Goo Goo Dolls,2007-11-06,289906,75,false,dy3capua3h7iz6vjq1bo02tbz,2023-09-06T22:02:05Z,,Warner Records,0.291,0.79,11,-5.683,0,0.0363,0.00133,0.00000561,0.0811,0.513,155.667,3
spotify:track:3zByVQLvdXUaDTubfWkpCk,USMC16991138,Sweet Caroline,Sweet Caroline,Neil Diamond,1969,203573,1,false,dy3capua3h7iz6vjq1bo02tbz,2023-09-06T22:03:43Z,,Universal Music Group,0.529,0.127,11,-16.066,1,0.0274,0.611,0.000109,0.237,0.578,63.05,4
spotify:track:4GKcaqt6PFor4siHXMO42e,USQX91900509,Novocaine,Novocaine,The Unlikely Candidates,2019-03-22,245240,53,true,dy3capua3h7iz6vjq1bo02tbz,2023-09-09T23:21:44Z,,Another Century,0.652,0.833,10,-4.898,1,0.0392,0.00191,0.000536,0.122,0.231,116.043,4
spotify:track:5Yg45DuQgNc1dRw11pixQi,USWB10901893,New Divide,New Divide,Linkin Park,2009-05-26,268613,75,false,dy3capua3h7iz6vjq1bo02tbz,2023-09-15T20:26:43Z,"nu metal,rap metal,rock,alternative metal",Warner Records,0.492,0.808,5,-3.365,0,0.0362,0.000235,0,0.0983,0.38,117.972,4
spotify:track:1r1fPuhj9H4VdXr7OK6FL5,USWB11200795,CASTLE OF GLASS,LIVING THINGS,Linkin Park,2012-06-19,205400,79,false,dy3capua3h7iz6vjq1bo02tbz,2023-09-15T20:27:27Z,"nu metal,rap metal,rock,alternative metal",Warner Records,0.615,0.911,1,-3.584,0,0.0278,0.0686,0.00188,0.0908,0.685,108,4
spotify:track:1tNJrcVe6gwLEiZCtprs1u,USQX91802455,3 Nights,"Don't Forget About Me, Demos",Dominic Fike,2018-10-16,177666,73,false,dy3capua3h7iz6vjq1bo02tbz,2023-09-15T20:28:17Z,,Columbia,0.815,0.518,7,-6.594,0,0.0897,0.223,0,0.104,0.877,151.891,4
spotify:track:5kqIPrATaCc2LqxVWzQGbk,USWB11506516,7 Years,Lukas Graham,Lukas Graham,2016-04-01,237300,86,false,dy3capua3h7iz6vjq1bo02tbz,2023-09-15T20:28:53Z,dansk pop,Warner Records,0.765,0.473,10,-5.829,1,0.0514,0.287,0,0.391,0.34,119.992,4
spotify:track:43zdsphuZLzwA9k4DJhU0I,USUM71815958,when the party's over,"WHEN WE ALL FALL ASLEEP, WHERE DO WE GO?",Billie Eilish,2019-03-29,196077,84,false,dy3capua3h7iz6vjq1bo02tbz,2023-09-15T20:28:58Z,,Darkroom/Interscope Records,0.367,0.111,4,-14.084,1,0.0972,0.978,0.0000397,0.0897,0.198,82.642,4
spotify:track:086myS9r57YsLbJpU0TgK9,GBCEL1300370,Why'd You Only Call Me When You're High?,AM,Arctic Monkeys,2013-09-09,161123,88,false,dy3capua3h7iz6vjq1bo02tbz,2023-09-15T20:29:28Z,"indie,garage rock",Domino Recording Co,0.691,0.631,2,-6.478,1,0.0368,0.0483,0.0000113,0.104,0.8,92.004,4
spotify:track:3nnG7AM9QopHVPEuLX3Khk,USUM71405265,Let It Go,Chaos And The Calm,James Bay,2015-03-20,260532,72,false,dy3capua3h7iz6vjq1bo02tbz,2023-09-15T20:29:44Z,,Mercury Records/Republic Owned,0.536,0.311,1,-10.396,1,0.0288,0.82,0.0000165,0.107,0.246,147.486,4
spotify:track:3G6hD9B2ZHOsgf4WfNu7X1,NZUM71300124,Team,Pure Heroine,Lorde,2013-09-27,193058,83,false,dy3capua3h7iz6vjq1bo02tbz,2023-09-15T20:30:01Z,,Universal Music New Zealand Limited,0.691,0.578,6,-7.436,1,0.106,0.167,0,0.305,0.412,99.984,4
spotify:track:3w3y8KPTfNeOKPiqUTakBh,USAT21203287,Locked out of Heaven,Unorthodox Jukebox,Bruno Mars,2012-12-07,233478,93,false,dy3capua3h7iz6vjq1bo02tbz,2023-09-15T20:30:05Z,,Atlantic Records,0.726,0.698,5,-4.165,1,0.0431,0.049,0,0.309,0.867,143.994,4
spotify:track:6nek1Nin9q48AVZcWs9e9D,GBAYE1101143,Paradise,Mylo Xyloto,Coldplay,2011-10-24,278719,86,false,dy3capua3h7iz6vjq1bo02tbz,2023-09-15T20:30:16Z,,Parlophone UK,0.449,0.585,5,-6.761,1,0.0268,0.0509,0.0000875,0.0833,0.212,139.631,4
spotify:track:0GNI8K3VATWBABQFAzBAYe,USUM71214754,Stay,Unapologetic (Deluxe),Rihanna;Mikky Ekko,2012-12-11,240706,78,false,dy3capua3h7iz6vjq1bo02tbz,2023-09-15T20:30:22Z,,Def Jam Recordings,0.621,0.31,9,-10.164,0,0.0283,0.945,0.0000612,0.117,0.125,111.881,4
spotify:track:6Z8R6UsFuGXGtiIxiD8ISb,USCA21203108,Safe And Sound,In A Tidal Wave Of Mystery (Deluxe Edition),Capital Cities,2013,192789,16,false,dy3capua3h7iz6vjq1bo02tbz,2023-09-15T20:30:26Z,,Capital Cities,0.655,0.819,0,-4.852,1,0.0316,0.000176,0.00374,0.104,0.766,117.956,5
spotify:track:3UmaczJpikHgJFyBTAJVoz,USIR10001280,Stan,The Marshall Mathers LP,Eminem;Dido,2000-05-23,404106,83,true,dy3capua3h7iz6vjq1bo02tbz,2023-09-15T20:30:40Z,"rap,hip hop",Eminem Catalog PS,0.78,0.768,6,-4.325,0,0.238,0.0371,0.00000234,0.518,0.507,80.063,4
spotify:track:0I3q5fE6wg7LIfHGngUTnV,USLF20000357,Ms. Jackson,Stankonia,Outkast,2000-10-31,270506,87,true,dy3capua3h7iz6vjq1bo02tbz,2023-09-15T20:31:00Z,"southern hip hop,hip hop",Arista/LaFace Records,0.843,0.806,4,-5.946,0,0.269,0.143,0,0.0771,0.613,94.948,4
spotify:track:7LR85XLWw2yXqKBSI5brbG,USJZ10900010,Run This Town,The Blueprint 3,JAŸ-Z;Rihanna;Kanye West,2009-09-08,267520,83,true,dy3capua3h7iz6vjq1bo02tbz,2023-09-15T20:31:19Z,"hip hop,east coast hip hop,rap",Roc Nation / Jay-Z,0.632,0.924,1,-1.802,1,0.29,0.281,0,0.263,0.441,86.844,4
spotify:track:2igwFfvr1OAGX9SKDCPBwO,USJZ10900031,Empire State Of Mind,The Blueprint 3,JAŸ-Z;Alicia Keys,2009-09-08,276920,90,true,dy3capua3h7iz6vjq1bo02tbz,2023-09-15T20:31:39Z,"hip hop,east coast hip hop,rap,r&b,neo soul",Roc Nation / Jay-Z,0.491,0.956,11,-1.538,1,0.392,0.0295,0,0.46,0.811,173.585,4
spotify:track:5gb9UJkh8TfrNMRYOJNbew,USUM70837368,Gives You Hell,When The World Comes Down,The All-American Rejects,2008-12-16,213106,66,false,dy3capua3h7iz6vjq1bo02tbz,2023-09-15T20:31:50Z,"pop punk,emo",Interscope,0.718,0.691,4,-6.44,1,0.0387,0.0159,0,0.0627,0.552,100.008,4
spotify:track:1vcxF91pWs9uNwDROuiCPB,USUM70832584,Savior,Appeal To Reason,Rise Against,2008-01-01,242280,80,false,dy3capua3h7iz6vjq1bo02tbz,2023-09-15T20:31:55Z,"punk,hardcore punk",Geffen,0.554,0.932,5,-3.424,0,0.0485,0.00154,0.000139,0.425,0.478,112.488,4
spotify:track:25FTMokYEbEWHEdss5JLZS,USSM10008431,Teenage Dirtbag,Wheatus,Wheatus,1999-02-15,241666,87,true,dy3capua3h7iz6vjq1bo02tbz,2023-09-15T20:32:08Z,,Columbia,0.625,0.85,4,-3.904,1,0.0495,0.346,0.000233,0.174,0.633,94.661,4
spotify:track:3ydfhgIZIc2j39NLIhpJpq,USAT21001785,Fuck You,The Lady Killer (Deluxe),CeeLo Green,2010-11-09,223694,64,true,dy3capua3h7iz6vjq1bo02tbz,2023-09-15T20:32:22Z,,Radiculture/Elektra,0.693,0.879,0,-3.988,1,0.0578,0.193,0,0.124,0.753,127.457,4
spotify:track:2VOomzT6VavJOGBeySqaMc,USUM70814476,Disturbia,Good Girl Gone Bad: Reloaded,Rihanna,2008-06-02,238626,86,false,dy3capua3h7iz6vjq1bo02tbz,2023-09-15T20:32:28Z,,Def Jam Recordings,0.707,0.814,11,-4.509,0,0.0577,0.0861,0,0.168,0.717,124.921,4
spotify:track:5VGlqQANWDKJFl0MBG3sg2,USRC10800301,Use Somebody,Only By The Night,Kings of Leon,2008-09-23,230760,85,false,dy3capua3h7iz6vjq1bo02tbz,2023-09-15T20:32:33Z,,RCA/Legacy,0.276,0.715,0,-5.356,1,0.0432,0.00552,0.000417,0.201,0.173,137.028,4
spotify:track:3G0yz3DZn3lfraledmBCT0,USIR10300020,P.I.M.P.,Get Rich Or Die Tryin',50 Cent,2003-02-06,249480,81,true,dy3capua3h7iz6vjq1bo02tbz,2023-09-15T20:32:42Z,"old school hip hop,east coast hip hop",Shady Records,0.712,0.772,10,-3.024,0,0.346,0.0521,0.00000435,0.0368,0.848,84.722,4
spotify:track:7iL6o9tox1zgHpKUfh9vuC,USIR10300033,In Da Club,Get Rich Or Die Tryin',50 Cent,2003-02-06,193466,85,true,dy3capua3h7iz6vjq1bo02tbz,2023-09-15T20:32:52Z,"old school hip hop,east coast hip hop",Shady Records,0.899,0.713,6,-2.752,0,0.366,0.255,0,0.0708,0.777,90.051,4
spotify:track:49FYlytm3dAAraYgpoJZux,USUM70736771,Umbrella,Good Girl Gone Bad: Reloaded,Rihanna;JAŸ-Z,2008-06-02,275986,88,false,dy3capua3h7iz6vjq1bo02tbz,2023-09-15T20:33:17Z,"hip hop,east coast hip hop,rap",Def Jam Recordings,0.585,0.828,1,-4.603,1,0.124,0.00906,0,0.0426,0.584,174.034,4
spotify:track:3Fzlg5r1IjhLk2qRw667od,GBBBL9902165,Dancing in the Moonlight,Onka's Big Moka,Toploader,2000,232693,83,false,dy3capua3h7iz6vjq1bo02tbz,2023-09-15T20:33:21Z,,Sony Soho Square,0.632,0.856,10,-3.463,1,0.0348,0.0624,0,0.347,0.867,119.397,4
spotify:track:0COqiPhxzoWICwFCS4eZcp,USWU30200093,Bring Me To Life,Fallen,Evanescence,2003-03-04,235893,92,false,dy3capua3h7iz6vjq1bo02tbz,2023-09-15T20:34:23Z,alternative metal,The Bicycle Music Company,0.331,0.943,4,-3.188,0,0.0698,0.00721,0.00000206,0.242,0.296,94.612,4
spotify:track:4gCxbENXySW17fSJm43zF0,GBPVV0900240,Bonkers,Tongue N' Cheek,Dizzee Rascal;Armand Van Helden,2011-01-01,177573,45,false,dy3capua3h7iz6vjq1bo02tbz,2023-09-15T20:34:34Z,"grime,uk grime,disco house",Universal-Island Records Ltd.,0.624,0.977,11,-3.34,0,0.22,0.00615,0,0.253,0.74,126.127,4
spotify:track:5GorCbAP4aL0EJ16frG2hd,USRE10400985,Boulevard of Broken Dreams,Greatest Hits: God's Favorite Band,Green Day,2017-11-17,262333,75,true,dy3capua3h7iz6vjq1bo02tbz,2023-09-15T20:35:01Z,"punk,pop punk",Reprise,0.496,0.682,8,-4.095,1,0.0294,0.00552,0.0000294,0.0589,0.474,167.06,4
spotify:track:3l9CW99AHtExIRV4hW2N5m,USAT20702617,Misery Business,Riot!,Paramore,2007-06-12,211520,80,false,dy3capua3h7iz6vjq1bo02tbz,2023-09-15T20:35:10Z,"pop punk,emo",Atlantic Records UK,0.517,0.906,1,-3.677,1,0.0735,0.00272,0.00000926,0.113,0.731,172.977,4
spotify:track:5pvJ59i7JxylN8VB24xdMs,USHR10622153,The Diary of Jane - Single Version,Phobia (Explicit Version),Breaking Benjamin,2006-01-01,200546,62,false,dy3capua3h7iz6vjq1bo02tbz,2023-09-15T20:35:22Z,"alternative metal,post-grunge,rock",Hollywood Records,0.392,0.965,10,-4.441,0,0.063,0.0000697,0.0427,0.106,0.298,167.094,4
spotify:track:6tsojOQ5wHaIjKqIryLZK6,USRW30200001,All My Life,One By One (Expanded Edition),Foo Fighters,2002-10-22,263440,76,false,dy3capua3h7iz6vjq1bo02tbz,2023-09-15T20:35:27Z,"post-grunge,rock,alternative rock,grunge",RCA Records Label,0.577,0.604,5,-5.703,1,0.0495,0.000218,0.000579,0.477,0.637,167.719,4
spotify:track:3YuaBvuZqcwN3CEAyyoaei,USSM10211587,Like a Stone,Audioslave,Audioslave,2002-11-17,293960,84,false,dy3capua3h7iz6vjq1bo02tbz,2023-09-15T20:35:40Z,"grunge,post-grunge,alternative metal",Epic/Interscope,0.614,0.568,7,-5.477,0,0.0276,0.00797,0,0.0997,0.516,107.849,4
spotify:track:0gzqZ9d1jIKo9psEIthwXe,GBAAN0000196,Beautiful Day,All That You Can't Leave Behind,U2,2000-01-01,248400,76,false,dy3capua3h7iz6vjq1bo02tbz,2023-09-15T20:36:18Z,rock,Universal-Island Records Ltd.,0.536,0.928,11,-6.492,0,0.0589,0.0154,0.00134,0.2,0.389,136.258,4
spotify:track:70LcF31zb1H0PyJoS1Sx1r,GBAYE9200070,Creep,Pablo Honey,Radiohead,1993-02-22,238640,94,true,dy3capua3h7iz6vjq1bo02tbz,2023-09-15T20:36:49Z,"art rock,alternative rock",XL Recordings,0.515,0.43,7,-9.935,1,0.0372,0.0097,0.000133,0.129,0.104,91.844,4
spotify:track:7tCHpjktA50ihtkLz6bAnn,GBGLM0700133,Ain't No Rest For The Wicked - Original Version,Cage The Elephant,Cage The Elephant,2008-01-01,175493,70,false,dy3capua3h7iz6vjq1bo02tbz,2023-09-15T20:37:01Z,,Relentless/Virgin,0.635,0.914,0,-5.631,1,0.111,0.0597,0,0.601,0.922,156.014,4
spotify:track:57iDDD9N9tTWe75x6qhStw,GBUM71601816,Bitter Sweet Symphony - Remastered 2016,Urban Hymns (Remastered 2016),The Verve,1997-09-29,357266,88,false,dy3capua3h7iz6vjq1bo02tbz,2023-09-15T20:37:12Z,"britpop,shoegaze",UMC (Universal Music Catalogue),0.356,0.917,9,-6.006,1,0.0479,0.0335,0,0.406,0.518,171.176,4
spotify:track:0gEyKnHvgkrkBM6fbeHdwK,USIR29300085,Linger,"Everybody Else Is Doing It, So Why Can't We?",The Cranberries,1993-03-01,274706,42,false,dy3capua3h7iz6vjq1bo02tbz,2023-09-15T20:37:23Z,,Island Records,0.439,0.434,7,-14.918,1,0.0265,0.0783,0.0000518,0.14,0.204,94.843,4
spotify:track:4CeeEOM32jQcH3eN9Q2dGj,USGF19942501,Smells Like Teen Spirit,Nevermind (Remastered),Nirvana,1991-09-26,301920,88,false,dy3capua3h7iz6vjq1bo02tbz,2023-09-15T20:38:07Z,"grunge,rock",Geffen,0.502,0.912,1,-4.556,1,0.0564,0.0000255,0.000173,0.106,0.72,116.761,4
spotify:track:1LkoYGxmYpO6QSEvY5C0Zl,uscgj0612390,Scotty Doesn't Know,Left for Dead,Lustra,2006,175200,79,false,dy3capua3h7iz6vjq1bo02tbz,2023-09-15T20:39:01Z,,XOFF Records,0.317,0.887,0,-4.525,1,0.0472,0.000449,0.00000923,0.363,0.544,174.009,4
spotify:track:3ZffCQKLFLUvYM59XKLbVm,USRE10400992,Wake Me up When September Ends,American Idiot,Green Day,2004-09-21,285653,81,false,dy3capua3h7iz6vjq1bo02tbz,2023-09-15T20:39:14Z,"punk,pop punk",Reprise,0.546,0.814,7,-5.146,1,0.0314,0.023,0,0.0972,0.146,104.98,4
spotify:track:1fJFuvU2ldmeAm5nFIHcPP,USMC10110874,First Date,Take Off Your Pants And Jacket,blink-182,2001,171533,79,false,dy3capua3h7iz6vjq1bo02tbz,2023-09-15T20:39:58Z,"pop punk,punk,skate punk,rock,emo",Geffen*,0.579,0.928,0,-4.344,1,0.0411,0.000715,0,0.18,0.882,95.594,4
spotify:track:27L8sESb3KR79asDUBu8nW,USESC0300016,Stacy's Mom,Welcome Interstate Managers,Fountains Of Wayne,2003-01-01,197986,79,false,dy3capua3h7iz6vjq1bo02tbz,2023-09-15T20:41:39Z,power pop,S-Curve Records,0.774,0.75,11,-4.927,0,0.0412,0.00207,0.0000178,0.0808,0.927,118.015,4
spotify:track:1fr92Vupmcs2vgLMFVQ7rd,SEVJH0201601,In the Shadows,Dead Letters,The Rasmus,2003-03-24,257920,77,false,dy3capua3h7iz6vjq1bo02tbz,2023-09-15T20:42:08Z,finnish rock,Playground Music,0.6,0.796,2,-4.481,1,0.0275,0.000109,0.000052,0.484,0.75,105.991,4
spotify:track:0d28khcov6AiegSCpG5TuT,GBAYE0500172,Feel Good Inc.,Demon Days,Gorillaz;De La Soul,2005-05-23,222640,91,false,dy3capua3h7iz6vjq1bo02tbz,2023-09-15T20:43:30Z,"jazz rap,east coast hip hop",Parlophone UK,0.818,0.705,6,-6.679,1,0.177,0.00836,0.00233,0.613,0.772,138.559,4
spotify:track:5rX6C5QVvvZB7XckETNych,USAT20704333,All Summer Long,Rock n Roll Jesus,Kid Rock,2007-10-09,297586,77,false,dy3capua3h7iz6vjq1bo02tbz,2023-09-15T20:45:20Z,,Top Dog/Atlantic,0.7,0.864,7,-3.629,1,0.0283,0.0212,0,0.0956,0.887,102.997,4
spotify:track:0CA3RxBx2xSQXPfpmUBK1v,USJI10300077,Just Like You,Three Days Grace,Three Days Grace,2003-04-19,186893,73,false,dy3capua3h7iz6vjq1bo02tbz,2023-09-15T20:46:29Z,"post-grunge,rock",Jive,0.373,0.737,1,-5.282,1,0.0297,0.0000094,0,0.0696,0.565,177.9,4
spotify:track:75IN3CtuZwTHTnZvYM4qnJ,USIR19902059,My Name Is,The Slim Shady LP,Eminem,1999-02-23,268400,75,true,dy3capua3h7iz6vjq1bo02tbz,2023-09-15T20:46:51Z,"rap,hip hop",Aftermath,0.869,0.68,1,-6.233,1,0.318,0.0416,0.00000112,0.0914,0.815,85.519,4
spotify:track:6MdqqkQ8sSC0WB4i8PyRuQ,USIR19600978,No Diggity,Another Level,Blackstreet;Dr. Dre;Queen Pen,1996-09-09,304600,82,false,dy3capua3h7iz6vjq1bo02tbz,2023-09-15T20:47:21Z,"new jack swing,old school hip hop,g-funk,gangster rap,west coast hip hop,hip hop,rap",Interscope,0.867,0.646,1,-4.674,0,0.288,0.303,0,0.279,0.67,88.634,4
spotify:track:1oTHteQbmJw15rPxPVXUTv,USSM19303133,Insane in the Brain,Black Sunday,Cypress Hill,1993-07-20,208266,75,true,dy3capua3h7iz6vjq1bo02tbz,2023-09-15T20:47:27Z,"west coast hip hop,old school hip hop,rap rock,hip hop",Columbia,0.897,0.611,11,-10.489,1,0.211,0.0291,0.186,0.0894,0.769,102.304,4
spotify:track:6L89mwZXSOwYl76YXfX13s,USRE19900151,Basket Case,Dookie,Green Day,1994-02-01,181533,86,false,dy3capua3h7iz6vjq1bo02tbz,2023-09-15T20:47:45Z,"punk,pop punk",Reprise,0.442,0.943,3,-3.205,1,0.0602,0.00293,0.00000871,0.091,0.781,85.064,4
spotify:track:5QRAfvKPyQpwt897Jc0glg,ITT019810102,Blue (Da Ba Dee) - Gabry Ponte Ice Pop Radio,Blue (Da Ba Dee),Eiffel 65;Gabry Ponte,1998-11-11,283747,62,false,dy3capua3h7iz6vjq1bo02tbz,2023-09-15T20:47:52Z,"italo dance,eurodance,europop,slap house",Hits Only,0.822,0.969,7,-11.471,0,0.0582,0.259,0.000153,0.39,0.765,128.007,4
spotify:track:1pKYYY0dkg23sQQXi0Q5zN,GBDUW0600009,Around the World,Homework,Daft Punk,1997-01-17,429533,78,false,dy3capua3h7iz6vjq1bo02tbz,2023-09-15T20:48:04Z,"french house,electronic,electro",Daft Life Ltd./ADA France,0.956,0.795,7,-5.311,1,0.15,0.00356,0.889,0.0906,0.841,121.294,4
spotify:track:0nLiqZ6A27jJri2VCalIUs,GBF089190020,Nothing Else Matters,Metallica,Metallica,1991-08-12,388266,15,false,dy3capua3h7iz6vjq1bo02tbz,2023-09-15T20:48:19Z,"metal,thrash metal,rock,heavy metal,hard rock",Blackened Recordings / Universal Music,0.553,0.362,4,-11.218,0,0.0263,0.0458,0.00000601,0.075,0.158,142.352,3
spotify:track:3vZO25GdYuqFrR1kzZADnp,USSM19600051,Ready or Not,The Score (Expanded Edition),Fugees;Ms. Lauryn Hill;Wyclef Jean;Pras,1996-02-13,226933,76,true,dy3capua3h7iz6vjq1bo02tbz,2023-09-15T20:48:28Z,"east coast hip hop,neo soul,old school hip hop",Columbia,0.544,0.428,10,-13.392,0,0.514,0.245,0,0.0899,0.524,89.129,4
spotify:track:6PypGyiu0Y2lCDBN1XZEnP,USWB19901548,Everybody Hurts,Automatic For The People,R.E.M.,1992-10-05,320266,78,false,dy3capua3h7iz6vjq1bo02tbz,2023-09-15T20:49:15Z,"jangle pop,alternative rock,rock",Concord Records,0.467,0.324,2,-10.451,1,0.0255,0.615,0.0248,0.118,0.166,94.301,3
spotify:track:4INDiWSKvqSKDEu7mh8HFz,USAT21402732,Mo Money Mo Problems (feat. Puff Daddy & Mase) - 2014 Remaster,Life After Death (2014 Remastered Edition),The Notorious B.I.G.;Mase;Diddy,1997-03-04,257399,77,true,dy3capua3h7iz6vjq1bo02tbz,2023-09-15T20:49:31Z,"old school hip hop,gangster rap,east coast hip hop,hip hop",Rhino Atlantic,0.845,0.884,6,-4.506,0,0.0759,0.0128,0.0000021,0.203,0.904,104.536,4
spotify:track:1M2nd8jNUkkwrc1dgBPTJz,GBAYE9700233,Angels,Life Thru A Lens,Robbie Williams,1997-01-01,265000,79,false,dy3capua3h7iz6vjq1bo02tbz,2023-09-15T20:50:02Z,,Universal-Island Records Ltd.,0.429,0.594,4,-6.251,1,0.0277,0.156,0.00000495,0.1,0.236,150.22,4
spotify:track:33LC84JgLvK2KuW43MfaNq,CAC229700120,"My Heart Will Go On - Love Theme from ""Titanic""",Let's Talk About Love,Céline Dion,1997-11-14,280000,79,false,dy3capua3h7iz6vjq1bo02tbz,2023-09-15T20:50:39Z,variété française,Columbia,0.428,0.276,4,-11.729,1,0.0312,0.732,0.00000533,0.117,0.0382,99.195,1
spotify:track:0ofMkI3jzmGCElAOgOLeo3,ITA199800041,The Rhythm of the Night,The Rhythm of the Night,Corona,1994,264280,12,false,dy3capua3h7iz6vjq1bo02tbz,2023-09-15T20:50:49Z,eurodance,DWA Records,0.69,0.805,5,-11.522,0,0.0336,0.000232,0.739,0.095,0.799,127.808,4
spotify:track:1mCsF9Tw4AkIZOjvZbZZdT,USSM18300576,Break My Stride,I Don't Speak The Language,Matthew Wilder,1983-03-19,184480,76,false,dy3capua3h7iz6vjq1bo02tbz,2023-09-15T20:51:26Z,,Legacy Recordings,0.917,0.588,10,-11.047,1,0.0607,0.195,0,0.0914,0.828,110.077,4
spotify:track:2M9ro2krNb7nr7HSprkEgo,USEE10180719,Fast Car,Tracy Chapman,Tracy Chapman,1988-04-05,296800,85,false,dy3capua3h7iz6vjq1bo02tbz,2023-09-15T20:51:32Z,,Elektra Records,0.711,0.292,4,-15.523,0,0.037,0.313,0,0.131,0.194,103.951,4
spotify:track:3Cx4yrFaX8CeHwBMReOWXI,USSM18900217,We Didn't Start the Fire,Storm Front,Billy Joel,1989-10-17,291100,81,false,dy3capua3h7iz6vjq1bo02tbz,2023-09-15T20:51:47Z,soft rock,Columbia,0.712,0.967,7,-5.206,1,0.047,0.0771,0,0.356,0.895,145.024,4
spotify:track:39shmbIHICJ2Wxnk1fPSdz,GBARL1200670,Should I Stay or Should I Go - Remastered,Combat Rock (Remastered),The Clash,1982,188987,84,false,dy3capua3h7iz6vjq1bo02tbz,2023-09-15T20:51:53Z,punk,Sony Music UK,0.743,0.836,2,-6.465,1,0.116,0.0804,0,0.384,0.82,113.375,4
spotify:track:1aZLIbKEdsyqxyD6iNcrbA,GBF088790147,Pour Some Sugar On Me,Hysteria,Def Leppard,1987-08-03,267306,70,false,dy3capua3h7iz6vjq1bo02tbz,2023-09-15T20:51:57Z,"glam metal,glam rock,classic rock",UMC (Universal Music Catalogue),0.267,0.953,1,-4.899,0,0.096,0.00211,0,0.283,0.568,84.989,4
spotify:track:2Cdvbe2G4hZsnhNMKyGrie,USBH18100118,I Love Rock 'N Roll,I Love Rock 'N' Roll (Expanded Edition),Joan Jett & the Blackhearts,1981-11-18,175173,24,false,dy3capua3h7iz6vjq1bo02tbz,2023-09-15T20:52:05Z,rock,Legacy Recordings,0.535,0.716,4,-5.025,1,0.0431,0.326,0,0.659,0.901,94.379,4
spotify:track:7Lk83uozmGWre1q8eyOOUP,USEE19901162,Just the Two of Us (feat. Bill Withers),Love Songs,"Grover Washington, Jr.;Bill Withers",1979,438493,57,false,dy3capua3h7iz6vjq1bo02tbz,2023-09-15T20:52:51Z,"soul jazz,smooth jazz,soul",Rhino/Elektra,0.749,0.497,10,-12.609,0,0.105,0.41,0.0499,0.0504,0.585,95.818,4
spotify:track:4CoSCPlKNrWli7E5kFtbcl,USRH11602193,Little Lies - 2017 Remaster,Tango In the Night (Deluxe Edition),Fleetwood Mac,1987-04-13,221053,81,false,dy3capua3h7iz6vjq1bo02tbz,2023-09-15T20:53:40Z,"yacht rock,classic rock,soft rock",Rhino/Warner Records,0.64,0.649,2,-10.345,1,0.0264,0.216,0.000083,0.0551,0.865,124.825,4
spotify:track:5vE5T1RhdFY7rJeQBPFnYY,AUDD32001059,Jessie's Girl,Working Class Dog,Rick Springfield,1981-02-14,194253,64,false,dy3capua3h7iz6vjq1bo02tbz,2023-09-15T20:53:57Z,yacht rock,Wizard Records. A Timeless Music Company Label,0.72,0.613,2,-13.036,1,0.0477,0.169,0,0.114,0.862,131.618,4
spotify:track:7o7E1nrHWncYY7PY94gCiX,GBAAN7900013,Video Killed The Radio Star,The Age Of Plastic,The Buggles,1980-01-10,252773,75,false,dy3capua3h7iz6vjq1bo02tbz,2023-09-15T20:54:20Z,,Universal-Island Records Ltd.,0.682,0.679,1,-11.548,1,0.0755,0.103,0.00831,0.204,0.251,131.157,4
spotify:track:5O4erNlJ74PIF6kGol1ZrC,USIR28000016,Could You Be Loved,Uprising,Bob Marley & The Wailers,1980-06-10,237000,85,false,dy3capua3h7iz6vjq1bo02tbz,2023-09-15T20:54:34Z,"reggae,roots reggae",Island Records,0.916,0.72,0,-8.548,1,0.1,0.36,0.00016,0.0958,0.761,103.314,4
spotify:track:6ADSaE87h8Y3lccZlBJdXH,GBUM70709792,With Or Without You,The Joshua Tree (Super Deluxe),U2,1987-03-03,295515,78,false,dy3capua3h7iz6vjq1bo02tbz,2023-09-15T20:54:58Z,rock,UMC (Universal Music Catalogue),0.54,0.429,2,-11.822,1,0.0285,0.000202,0.355,0.141,0.113,110.171,4
spotify:track:1CtAzw53AIXKjAemxy4b1j,AUBM00700707,Beds Are Burning - Remastered,Diesel And Dust,Midnight Oil,1987-10-02,255680,71,false,dy3capua3h7iz6vjq1bo02tbz,2023-09-15T20:56:44Z,surf rock,Columbia,0.753,0.427,0,-11.112,1,0.0387,0.00787,0.00065,0.058,0.295,119.18,4
spotify:track:6mYrhCAGWzTdF8QnKuchXM,USGF18923901,If I Could Turn Back Time,Heart Of Stone,Cher,1989-01-01,239826,74,false,dy3capua3h7iz6vjq1bo02tbz,2023-09-15T20:57:05Z,,Geffen,0.658,0.575,11,-10.365,1,0.0267,0.243,0,0.122,0.504,108.329,4
spotify:track:1jDJFeK9x3OZboIAHsY9k2,GBALX8300190,I'm Still Standing,Too Low For Zero,Elton John,1983-05-30,183440,87,false,dy3capua3h7iz6vjq1bo02tbz,2023-09-15T20:58:20Z,,EMI,0.505,0.904,6,-6.863,1,0.179,0.355,0.118,0.14,0.773,176.811,4
spotify:track:1OOtq8tRnDM8kG2gqUPjAj,USSM19902990,Beat It,Thriller 25 Super Deluxe Edition,Michael Jackson,2008-02-08,258040,78,false,dy3capua3h7iz6vjq1bo02tbz,2023-09-15T20:58:50Z,,Epic/Legacy,0.776,0.867,3,-3.704,0,0.0479,0.0495,0.00000792,0.197,0.918,138.827,4
spotify:track:4kOfxxnW1ukZdsNbCKY9br,USCA28400002,What's Love Got to Do with It,What's Love Got to Do with It?,Tina Turner,1993,226880,70,false,dy3capua3h7iz6vjq1bo02tbz,2023-09-15T20:58:57Z,,Parlophone UK,0.851,0.406,1,-11.631,1,0.0661,0.219,0.00000641,0.0853,0.792,97.84,4
spotify:track:1ChulFMnwxoD74Me8eX2TU,GBBBM8400015,You Spin Me Round (Like a Record),Evolution: The Hits,Dead Or Alive,2003-05-19,195146,72,false,dy3capua3h7iz6vjq1bo02tbz,2023-09-15T20:59:04Z,"hi-nrg,synthpop",Epic,0.554,0.963,6,-3.762,0,0.035,0.000244,0.0702,0.431,0.918,128.175,4
spotify:track:2wSAWEYUHkt92X4SBAPqZE,GBAAA0201011,Karma Chameleon - Remastered 2002,Colour By Numbers (Remastered / Expanded Edition),Culture Club,1983-10-01,252773,79,false,dy3capua3h7iz6vjq1bo02tbz,2023-09-15T20:59:11Z,,EMI Marketing,0.668,0.73,10,-7.182,1,0.0366,0.225,0,0.188,0.894,92.049,4
spotify:track:3L7RtEcu1Hw3OXrpnthngx,GBAAA0200924,Don't You Want Me,Dare!,The Human League,1981,236920,77,false,dy3capua3h7iz6vjq1bo02tbz,2023-09-15T20:59:25Z,"new wave,synthpop",Virgin Records,0.731,0.738,9,-8.125,0,0.0377,0.184,0,0.214,0.958,117.656,4
spotify:track:4d6eqRtpDX7tydHJGDZUBQ,USRH10901907,She Drives Me Crazy,The Raw & The Cooked,Fine Young Cannibals,1988-01-01,215773,79,false,dy3capua3h7iz6vjq1bo02tbz,2023-09-15T20:59:46Z,,London Records (Because Ltd),0.799,0.687,2,-5.682,1,0.0431,0.193,0.000188,0.0307,0.965,108.804,4
spotify:track:0wQy2OO7jKjm0OOmA7gv3f,USSM10313532,Thriller - 2003 Edit,Number Ones,Michael Jackson,2003-11-17,312794,61,false,dy3capua3h7iz6vjq1bo02tbz,2023-09-15T21:00:06Z,,Epic,0.775,0.852,11,-4.813,1,0.0528,0.0892,0.0000235,0.823,0.836,118.561,4
spotify:track:1YGZyfvdgZxzipWoWYVKxi,GBAYE8100054,Kids In America,Kim Wilde,Kim Wilde,1981,205533,5,false,dy3capua3h7iz6vjq1bo02tbz,2023-09-15T21:00:18Z,,Cherry Red Records,0.557,0.782,4,-3.899,1,0.0475,0.0953,0.00000675,0.118,0.305,159.621,4
spotify:track:1QRvbZIBvpQmoCyGNyaIwq,GBAJH0900811,A Little Respect - 2009 - Remaster,The Innocents (21st Anniversary Edition) [Remastered],Erasure,1988-04-18,213986,3,false,dy3capua3h7iz6vjq1bo02tbz,2023-09-15T21:00:33Z,"synthpop,new wave","Mute, a BMG Company",0.605,0.785,0,-7.961,1,0.0257,0.0303,0.00000414,0.288,0.628,113.803,4
spotify:track:4UDmDIqJIbrW0hMBQMFOsM,GBA077700130,Stayin' Alive,Staying Alive (Original Motion Picture Soundtrack),Bee Gees,1977-12-13,92866,75,false,dy3capua3h7iz6vjq1bo02tbz,2023-09-15T21:01:06Z,disco,Bee Gees Catalog,0.707,0.535,10,-19.793,0,0.0436,0.113,0.00615,0.0884,0.641,103.644,4
spotify:track:2RlgNHKcydI9sayD2Df2xp,USSM17200399,Mr. Blue Sky,Out of the Blue,Electric Light Orchestra,1977,303820,85,false,dy3capua3h7iz6vjq1bo02tbz,2023-09-15T21:01:10Z,"art rock,soft rock",Epic/Legacy,0.388,0.338,10,-10.054,1,0.0329,0.652,0.00000373,0.248,0.478,177.765,4
spotify:track:1QbOvACeYanja5pbnJbAmk,USA370529726,"Take Me Home, Country Roads","The John Denver Collection, Vol 1: Take Me Home Country Roads",John Denver,1997-06-17,197813,78,false,dy3capua3h7iz6vjq1bo02tbz,2023-09-15T21:01:15Z,folk,Windstar Records,0.38,0.43,9,-12.564,1,0.0288,0.546,0.0000171,0.188,0.547,82.204,4
spotify:track:3wpLkju0bJy89kjgdRys0j,USSM17800845,September,"The Essential Earth, Wind & Fire","Earth, Wind & Fire",2014-03-25,215080,64,false,dy3capua3h7iz6vjq1bo02tbz,2023-09-15T21:01:26Z,"funk,disco",Columbia/Legacy,0.694,0.831,9,-7.288,1,0.0301,0.165,0.000892,0.25,0.98,125.901,4
spotify:track:2SpEHTbUuebeLkgs9QB7Ue,USRN19600096,Jolene,Jolene,Dolly Parton,1974-02-04,163275,81,false,dy3capua3h7iz6vjq1bo02tbz,2023-09-15T21:01:51Z,"country,classic country",RLG/Legacy,0.674,0.537,1,-10.971,0,0.0363,0.566,0,0.131,0.809,110.578,4
spotify:track:1bp2IO61zbQrbWNmKKxg3f,USCA29100532,The Joker,The Joker,Steve Miller Band,1973-01-01,264503,79,false,dy3capua3h7iz6vjq1bo02tbz,2023-09-15T21:01:57Z,classic rock,CAPITOL CATALOG MKT (C92),0.596,0.448,5,-9.616,1,0.0396,0.365,0.0000053,0.206,0.796,83.293,4
spotify:track:38zsOOcu31XbbYj9BIPUF1,GBAMB9500072,Your Song,Elton John,Elton John,1970-04-10,241786,81,false,dy3capua3h7iz6vjq1bo02tbz,2023-09-15T21:02:41Z,,UMC (Universal Music Catalogue),0.552,0.315,3,-11.028,1,0.0299,0.828,0.00000552,0.101,0.324,128.187,4
spotify:track:3EYOJ48Et32uATr9ZmLnAo,GBAAM0201086,Roxanne,Outlandos D'Amour (Remastered 2003),The Police,1978-11-02,191946,82,false,dy3capua3h7iz6vjq1bo02tbz,2023-09-15T21:02:51Z,,Polydor Records,0.618,0.748,0,-8.905,1,0.358,0.0384,0.0000041,0.0473,0.663,134.114,4
spotify:track:2ccUQnjjNWT0rsNnsBpsCA,USSM19802566,Surrender,Heaven Tonight,Cheap Trick,1978-04,255968,70,false,dy3capua3h7iz6vjq1bo02tbz,2023-09-15T21:03:05Z,"power pop,aor,classic rock,glam rock",Epic/Legacy,0.524,0.955,0,-7.081,1,0.0411,0.00717,0.00000877,0.659,0.869,133.849,4
spotify:track:4mhJ5UY7hlpFZm6RtELDm1,GBAJE7400014,Kung Fu Fighting,Kung Fu Fighter,Carl Douglas,1974-01-01,197935,0,false,dy3capua3h7iz6vjq1bo02tbz,2023-09-15T21:03:49Z,,Sanctuary Records,0.621,0.764,2,-8.702,1,0.0578,0.146,0.0000497,0.161,0.745,102.288,4
spotify:track:78lgmZwycJ3nzsdgmPPGNx,USAT21300934,Immigrant Song - Remaster,Led Zeppelin III (Remaster),Led Zeppelin,1970,146250,82,false,dy3capua3h7iz6vjq1bo02tbz,2023-09-15T21:04:53Z,"classic rock,rock,hard rock,rock and roll",Atlantic Records,0.564,0.932,11,-10.068,1,0.0554,0.013,0.169,0.349,0.619,112.937,4
spotify:track:7cdnq45E9aP2XDStHg5vd7,USIR20200576,Cherry Bomb,The Runaways,The Runaways,1976,138706,71,false,dy3capua3h7iz6vjq1bo02tbz,2023-09-15T21:05:14Z,"riot grrrl,proto-punk",Island Def Jam,0.501,0.813,11,-8.192,1,0.0639,0.0455,0.0000475,0.131,0.495,136.59,4
spotify:track:7HKxTNVlkHsfMLhigmhC0I,USCH39800016,Call Me,Call Me,Blondie,2004-01-01,212226,73,false,dy3capua3h7iz6vjq1bo02tbz,2023-09-15T21:06:37Z,,Chrysalis\EMI Records (USA),0.553,0.833,2,-6.667,0,0.0347,0.000646,0.00246,0.0737,0.773,142.663,4
spotify:track:5FKkbyGm42hw1y08l2knlO,USA176510160,(I Can't Get No) Satisfaction - Mono,Hot Rocks 1964-1971,The Rolling Stones,1971-12-20,222746,55,false,dy3capua3h7iz6vjq1bo02tbz,2023-09-15T21:08:04Z,"classic rock,rock","ABKCO Music and Records, Inc.",0.731,0.837,9,-8.673,1,0.0477,0.000287,0.15,0.0978,0.832,135.603,4
spotify:track:3yrSvpt2l1xhsV9Em88Pul,USSM16700357,Brown Eyed Girl,Blowin' Your Mind!,Van Morrison,1967-09,183306,15,false,dy3capua3h7iz6vjq1bo02tbz,2023-09-15T21:08:56Z,,Columbia/Legacy,0.491,0.583,7,-10.964,1,0.0376,0.185,0,0.406,0.908,150.566,4
spotify:track:4TBBPZks71c60whhq0PgdP,USBWC0110047,(Your Love Keeps Lifting Me) Higher & Higher,The Ultimate Jackie Wilson,Jackie Wilson,2006,181066,58,false,dy3capua3h7iz6vjq1bo02tbz,2023-09-15T21:09:04Z,"motown,northern soul,classic soul,soul,doo-wop",Brunswick Records,0.631,0.69,2,-6.676,1,0.0531,0.176,0,0.121,0.938,94.574,4
spotify:track:74ohdXevc7VsXl96ofi3Kn,USRH10284728,Crimson and Clover - Single Version,Celebration: The Complete Roulette Recordings 1966-1973,Tommy James & The Shondells,2021-02-05,208666,51,false,dy3capua3h7iz6vjq1bo02tbz,2023-09-15T21:09:28Z,,Warner Music Group - X5 Music Group,0.404,0.591,11,-12.277,1,0.0724,0.256,0.0346,0.177,0.654,82.44,4
spotify:track:7FYH5AW3bVfZHJIQpq3UOA,USUM71414033,I Don't Fuck With You,Dark Sky Paradise,Big Sean;E-40,2015-02-23,284386,77,true,dy3capua3h7iz6vjq1bo02tbz,2023-09-19T12:40:06Z,"hyphy,west coast hip hop,old school hip hop,g-funk",Getting Out Our Dreams Inc. (G.O.O.D.) Music / IDJ,0.824,0.733,1,-5.474,1,0.0614,0.0362,0,0.325,0.395,97.971,4
spotify:track:63hcZI0I4dinNwIevUADXm,QZES72075124,Love No One,Love No One,Chri$tian Gate$,2020-05-07,113502,46,false,dy3capua3h7iz6vjq1bo02tbz,2023-09-19T19:52:12Z,,XTC,0.776,0.3,1,-9.614,0,0.0641,0.845,0,0.168,0.719,128.817,4
spotify:track:4Xn89qH8uKOumgvAGSvY3U,QM4DW1881220,Stay,Solace,iamjakehill,2018-04-15,185070,56,true,dy3capua3h7iz6vjq1bo02tbz,2023-09-19T19:55:28Z,emo rap,Create Capital,0.634,0.658,7,-8.537,0,0.314,0.814,0,0.134,0.86,166.05,4
spotify:track:6mhMFztI38c0CZr8CEnPrD,QZ4JJ1838768,Walk Away,Natsukashii,SadBoyProlific;Aiko;Teqkoi,2018-12-24,120189,0,true,dy3capua3h7iz6vjq1bo02tbz,2023-09-19T19:55:28Z,,FRTYFVE,0.641,0.373,1,-14.13,1,0.44,0.761,0,0.0993,0.282,100.268,4
spotify:track:1O28T70fY6eyL9vygOqCQi,QZES81818377,Midnight Thoughts,Midnight Thoughts,SadBoyProlific,2018-11-27,124865,0,true,dy3capua3h7iz6vjq1bo02tbz,2023-09-19T19:55:28Z,,FRTYFVE,0.543,0.387,11,-15.932,0,0.472,0.428,0,0.126,0.577,79.569,4
spotify:track:0j2BydmlwcMqffV08hFDyI,QZDA51829483,Rip X,Rip X,iamjakehill,2018-06-21,159466,54,true,dy3capua3h7iz6vjq1bo02tbz,2023-09-19T19:55:28Z,emo rap,Create Capital,0.67,0.366,1,-12.021,1,0.229,0.415,0,0.337,0.649,63.116,4
spotify:track:5WPbkilyXspX1yiKAiR1oO,QZHN42082395,We Did Not Make Sense,We Did Not Make Sense,Presence,2020-06-12,188541,53,false,dy3capua3h7iz6vjq1bo02tbz,2023-09-19T19:55:28Z,,presence,0.552,0.418,2,-4.587,1,0.0345,0.0544,0.45,0.0923,0.298,71.997,4
spotify:track:2kHrlDvECzPyjcbmSQNusl,USUG12102351,F*ck Love,F*ck Love,Lund,2021-06-04,197368,60,true,dy3capua3h7iz6vjq1bo02tbz,2023-09-19T19:55:28Z,emo rap,Republic Records,0.639,0.446,6,-10.489,1,0.0378,0.295,0,0.181,0.363,76.004,4
spotify:track:40DD3lGA9Xkp4InlWyqT9z,USSM12004190,TELL ME WHY,F*CK LOVE 3+: OVER YOU,The Kid LAROI,2021-07-27,195268,58,true,dy3capua3h7iz6vjq1bo02tbz,2023-09-19T19:55:28Z,,Columbia,0.6,0.723,6,-4.928,0,0.158,0.109,0,0.167,0.463,149.881,4
spotify:track:5ls62WNKHUUrdF3r1cv83T,QMEU31903781,emotions,nothings ever good enough,iann dior,2019-05-22,131213,1,false,dy3capua3h7iz6vjq1bo02tbz,2023-09-19T19:55:28Z,melodic rap,"TenThousand Projects, LLC",0.63,0.63,9,-6.211,1,0.0395,0.0131,0,0.142,0.163,80.512,4
spotify:track:7u9BIFBgxuqntGW7wO5lMs,USQX92004786,Demons and Monsters,Demons and Monsters,347aidan,2020-09-28,197902,57,false,dy3capua3h7iz6vjq1bo02tbz,2023-09-19T19:55:28Z,,Columbia,0.777,0.32,9,-11.824,0,0.0847,0.927,0.00000245,0.256,0.407,80.992,4
spotify:track:6oXgRfFIvzWe83K5la8oI9,USRC12003850,Sitting In Fire,Sitting In Fire,MASN,2020-12-04,147461,47,false,dy3capua3h7iz6vjq1bo02tbz,2023-09-19T19:55:28Z,,RCA Records Label,0.558,0.625,7,-5.253,1,0.0359,0.0146,0.0000287,0.328,0.293,171.934,4
spotify:track:50OPOdJbRx9iCJXGultmUf,QZES71820402,Alone,Alone,SadBoyProlific;ivri,2018-11-10,160061,0,true,dy3capua3h7iz6vjq1bo02tbz,2023-09-19T19:55:28Z,,FRTYFVE,0.874,0.358,9,-13.642,1,0.459,0.494,0.00196,0.336,0.437,119.091,4
spotify:track:2nblCSS2DxTZ0DwQXzx2G2,USSM12005988,MY HEAD :(,MIXED EMOTIONS,Jack Kays,2021-01-29,92160,41,true,dy3capua3h7iz6vjq1bo02tbz,2023-09-19T19:55:28Z,,Columbia,0.942,0.439,0,-8.519,1,0.0864,0.346,0,0.107,0.231,125.018,4
spotify:track:7m9OqQk4RVRkw9JJdeAw96,USUYG1156892,Jocelyn Flores,17,XXXTENTACION,2017-08-25,119133,78,true,dy3capua3h7iz6vjq1bo02tbz,2023-09-19T19:55:28Z,emo rap,Bad Vibes Forever / EMPIRE,0.872,0.391,0,-9.144,0,0.242,0.469,0.00000413,0.297,0.437,134.021,4
spotify:track:26RjzokCjoe3jMXc3VnJkA,TCAGP2239763,All in My Head,HATH NO FURY,Drex Carter,2022-12-02,119562,43,false,dy3capua3h7iz6vjq1bo02tbz,2023-09-19T19:55:28Z,,Drex Carter,0.855,0.581,7,-8.608,0,0.0572,0.152,0.000058,0.0889,0.66,120.079,4
spotify:track:3C39BgVuWsJCJWOMYIoi9C,QZFZ52018860,Be Happy,Misfit*,347aidan,2020-03-02,202240,47,true,dy3capua3h7iz6vjq1bo02tbz,2023-09-19T19:55:28Z,,347RECORDS,0.692,0.257,11,-17.159,0,0.0924,0.564,0.0435,0.25,0.204,91.983,4
spotify:track:4Rh78ubsarUiuzs60WuaU5,QZES81814311,Scars,Lonely Boy,Kochetkovv,2018-11-23,80718,0,false,dy3capua3h7iz6vjq1bo02tbz,2023-09-19T19:55:28Z,,Kochetkovv under exclusive license to Amuseio AB,0.738,0.517,7,-9.416,0,0.0696,0.72,0.0439,0.168,0.238,119.024,4
spotify:track:2PAwhchKPd8F5FDYXQmZgL,QZDA42174922,Float,Float,Seon;Kado,2021-04-22,162901,43,true,dy3capua3h7iz6vjq1bo02tbz,2023-09-19T19:55:28Z,,"Seon, under exclusive license to Amuseio AB",0.802,0.579,6,-4.12,0,0.0325,0.189,0,0.219,0.647,111.994,4
spotify:track:1eau7EVXGFffQAGYFxIx6w,QZDA62203360,Hiding in the Dark,Hiding in the Dark,iamjakehill,2022-02-28,184141,54,false,dy3capua3h7iz6vjq1bo02tbz,2023-09-19T19:55:28Z,emo rap,dying lately,0.621,0.601,0,-7.601,1,0.124,0.154,0,0.0775,0.418,174.069,4
spotify:track:4ALZ8gmNvmtOVNkZwK19dC,CA5KR1818215,RepeatInfinite,BreathingExercise,surrenderdorothy,2018-06-08,119333,1,true,dy3capua3h7iz6vjq1bo02tbz,2023-09-19T19:55:44Z,"cloud rap,emo rap",SurrenderDorothy,0.6,0.245,1,-15.628,1,0.0342,0.245,0.596,0.117,0.179,80.278,4
spotify:track:3dYEodXyPGo2REX8WIURki,GBHLW1902992,A Swollen Song,A Swollen Song,Jaxxon D. Silva,2019-10-25,130369,2,false,dy3capua3h7iz6vjq1bo02tbz,2023-09-19T19:55:44Z,emo rap,Jaxxon D. Silva,0.721,0.451,2,-7.539,1,0.0465,0.337,0.458,0.118,0.307,162.017,4
spotify:track:0IPppzA0UL3lSUXRyMO0UC,QZDA81949667,insomnia,identity crisis,Paycheck,2019-03-08,204985,42,false,dy3capua3h7iz6vjq1bo02tbz,2023-09-19T19:55:44Z,,Create Capital,0.716,0.471,1,-9.501,0,0.0374,0.756,0,0.0888,0.405,75.011,4
spotify:track:5DkN3wmkzDcodniPqPEMIg,QZ5FN1957141,CRYING(INTHERAIN),Vampire,KEEPMYSECRETS,2019-06-14,173643,34,false,dy3capua3h7iz6vjq1bo02tbz,2023-09-19T19:55:44Z,emo rap,2019 GRXTESQUE,0.527,0.522,9,-9.478,0,0.0319,0.000274,0.284,0.562,0.102,122.803,4
spotify:track:40BPlftv92Ft8ef6hSIQpn,QZMEP2057188,Fall,Fall,Cairn,2020-11-06,125045,39,false,dy3capua3h7iz6vjq1bo02tbz,2023-09-19T19:55:51Z,emo rap,Cairny Lingus,0.395,0.876,10,-5.03,1,0.0393,0.0454,0.00798,0.169,0.728,220.196,4
spotify:track:0mp9nN5CtD1xfDeMoebDPM,QZGWW1998632,To The Souls That Leave Us Too Soon,To The Souls That Leave Us Too Soon,Promoting Sounds;Step Aside,2020-11-09,156428,53,false,dy3capua3h7iz6vjq1bo02tbz,2023-09-19T20:19:39Z,emo rap,Step Aside,0.763,0.35,4,-11.464,0,0.0478,0.774,0.000004,0.258,0.429,140.101,4
spotify:track:1Is8hGpkGMiePASAxBluxM,USSM12106871,16,The Melodic Blue,Baby Keem,2021-09-10,156040,77,true,dy3capua3h7iz6vjq1bo02tbz,2023-09-24T19:58:36Z,,Columbia,0.701,0.782,1,-4.987,1,0.138,0.0918,0.00000231,0.124,0.57,94.03,4
spotify:track:3QFInJAm9eyaho5vBzxInN,USSM12105949,family ties (with Kendrick Lamar),The Melodic Blue,Baby Keem;Kendrick Lamar,2021-09-10,252262,81,true,dy3capua3h7iz6vjq1bo02tbz,2023-09-24T19:58:43Z,"hip hop,west coast hip hop",Columbia,0.711,0.611,1,-5.453,1,0.33,0.00588,0,0.23,0.144,134.093,4
spotify:track:58k32my5lKofeZRtIvBDg9,QM6N21900313,HONEST,DIE FOR MY BITCH,Baby Keem,2019-07-19,172672,76,true,dy3capua3h7iz6vjq1bo02tbz,2023-09-24T19:58:48Z,,Baby Keem LLC,0.676,0.536,2,-8.79,1,0.0432,0.403,0.0000337,0.105,0.373,79.037,4
spotify:track:3eI3GbmhTl5iVqobDHPtBZ,USSM12106870,vent,The Melodic Blue (Deluxe),Baby Keem,2022-10-28,136572,44,true,dy3capua3h7iz6vjq1bo02tbz,2023-09-24T19:59:27Z,,pgLang/Columbia,0.898,0.377,9,-5.491,1,0.0912,0.0134,0.00000224,0.115,0.272,113.881,4
spotify:track:5iyZwawawLjHYpX4MxUKVF,USAT21906991,Salt,Heaven & Hell,Ava Max,2020-09-18,180283,69,false,dy3capua3h7iz6vjq1bo02tbz,2023-10-03T15:39:11Z,,Atlantic Records,0.693,0.835,6,-3.242,1,0.0624,0.131,0,0.073,0.744,128.052,4
spotify:track:2vz1CsL5WBsbpBcwgboTAw,USSM19803320,"Footloose - From ""Footloose"" Soundtrack",Footloose (15th Anniversary Collectors' Edition),Kenny Loggins,1984,226826,73,false,dy3capua3h7iz6vjq1bo02tbz,2023-10-03T19:39:50Z,yacht rock,Columbia/Legacy,0.583,0.905,2,-6.132,1,0.0733,0.0984,0.00019,0.0593,0.646,173.982,4
spotify:track:63OFKbMaZSDZ4wtesuuq6f,USMC16846563,Born To Be Wild,Steppenwolf,Steppenwolf,1968,210373,10,false,dy3capua3h7iz6vjq1bo02tbz,2023-10-04T11:29:43Z,"classic rock,acid rock",Geffen*,0.438,0.71,2,-12.412,1,0.0919,0.262,0.537,0.221,0.53,145.928,4
spotify:track:2LjiPAQOVazT8sRyXL3XRs,USEW19300006,Informer,12 Inches Of Snow,Snow,1993,268910,70,false,dy3capua3h7iz6vjq1bo02tbz,2023-10-14T20:07:12Z,,EastWest,0.763,0.742,6,-10.975,0,0.188,0.0984,0,0.38,0.483,98.145,4
spotify:track:2I84berXa3zYZiWx9gFCJX,QMUY41500013,Powerful,Peace Is The Mission (Extended),Major Lazer;Ellie Goulding;Tarrus Riley,2015-11-27,206327,39,false,dy3capua3h7iz6vjq1bo02tbz,2023-10-17T12:24:14Z,"moombahton,lovers rock,reggae,dancehall,roots reggae,riddim,ragga,soca",Third Pardee Records,0.598,0.792,11,-4.043,0,0.0478,0.121,0,0.158,0.732,97.479,3
spotify:track:7EsjkelQuoUlJXEw7SeVV4,USSM19000733,Black or White,Dangerous,Michael Jackson,1991-11-13,256017,81,false,dy3capua3h7iz6vjq1bo02tbz,2023-10-19T11:10:50Z,,Epic/Legacy,0.518,0.901,9,-3.749,1,0.093,0.174,0.0314,0.0712,0.873,115.026,4
spotify:track:14sOS5L36385FJ3OL8hew4,SEBGA1803418,Happy Now,Happy Now,Kygo;Sandro Cavazza,2018-10-26,211362,67,false,dy3capua3h7iz6vjq1bo02tbz,2023-10-24T21:03:31Z,tropical house,Kygo,0.693,0.575,9,-6.998,1,0.0801,0.374,0,0.252,0.492,117.999,4
spotify:track:0vbtURX4qv1l7besfwmnD8,USUM71509342,I Took A Pill In Ibiza - Seeb Remix,"At Night, Alone.",Mike Posner;Seeb,2016-05-06,197933,85,true,dy3capua3h7iz6vjq1bo02tbz,2023-10-24T21:03:38Z,tropical house,"Monster Mountain, LLC / Island",0.664,0.714,7,-6.645,0,0.111,0.0353,0.00000842,0.0843,0.71,101.969,4
spotify:track:0g5EKLgdKvNlln7TNqBByK,USUM71515784,Middle,Encore,DJ Snake;Bipolar Sunshine,2016-08-05,220573,80,false,dy3capua3h7iz6vjq1bo02tbz,2023-10-24T21:03:57Z,,DJ Snake Def Jam,0.583,0.695,9,-5.336,1,0.0423,0.0138,0,0.0527,0.224,104.879,4
spotify:track:6qUSs4FDzZUdAhY6JDIJfa,FRZID1000700,Who's That Chick? (feat. Rihanna),One More Love,David Guetta;Rihanna,2010-11-22,201040,58,false,dy3capua3h7iz6vjq1bo02tbz,2023-10-24T21:04:35Z,edm,Parlophone (France),0.675,0.602,11,-4.733,0,0.116,0.00377,0,0.0458,0.933,127.938,4
spotify:track:0laYHRpNTS6i8FXdupHkJ4,USHR11132668,Love You Like A Love Song,When The Sun Goes Down,Selena Gomez & The Scene,2011-01-01,188453,87,false,dy3capua3h7iz6vjq1bo02tbz,2023-10-24T21:04:42Z,,Hollywood Records,0.858,0.678,1,-3.87,0,0.0469,0.0761,0,0.0741,0.922,117.009,4
spotify:track:11mwFrKvLXCbcVGNxffGyP,USRC19900032,Genie In a Bottle,Christina Aguilera (Expanded Edition),Christina Aguilera,1999,217573,86,false,dy3capua3h7iz6vjq1bo02tbz,2023-10-24T21:04:50Z,,RCA Records Label,0.633,0.8,1,-6.945,1,0.166,0.209,0.000123,0.137,0.913,175.716,4
spotify:track:6LoQHIo74tOzQ8EsLEkhgF,USHR11334422,Come & Get It,Stars Dance (Bonus Track Version),Selena Gomez,2013-01-01,231986,75,false,dy3capua3h7iz6vjq1bo02tbz,2023-10-24T21:04:53Z,,Hollywood Records,0.545,0.787,7,-4.095,0,0.0521,0.00999,0.000201,0.0809,0.574,80.158,4
spotify:track:76sWab9iC3vvk21aln8G8t,USUM71104906,I'm Into You,Love?,Jennifer Lopez;Lil Wayne,2011-04-29,200133,68,false,dy3capua3h7iz6vjq1bo02tbz,2023-10-24T21:04:59Z,"rap,hip hop",Nuyorican Productions / IDJ,0.592,0.747,8,-4.439,0,0.137,0.0176,0,0.0752,0.697,83.926,4
spotify:track:6zg7B8W7Tu9nO3SLgYhqNO,USCA21002029,Teenage Dream,Teenage Dream - Remix EP,Katy Perry,2010-01-01,234920,56,false,dy3capua3h7iz6vjq1bo02tbz,2023-10-24T21:05:01Z,pop,Capitol Records,0.659,0.916,7,-1.446,0,0.0967,0.281,0,0.101,0.809,128.002,4
spotify:track:29JrmE89KgRyCxBIzq2Ocw,GBUM71701628,Strip That Down (feat. Quavo),LP1,Liam Payne;Quavo,2019-12-06,202061,72,false,dy3capua3h7iz6vjq1bo02tbz,2023-10-24T21:05:19Z,,Capitol Records UK / EMI,0.873,0.495,6,-5.446,1,0.0518,0.199,0,0.0805,0.546,106.033,4
spotify:track:0yvPEnB032fojLfVluFjUv,USUM71707196,Sorry Not Sorry,Tell Me You Love Me,Demi Lovato,2017-09-29,203760,75,true,dy3capua3h7iz6vjq1bo02tbz,2023-10-24T21:05:22Z,,Island Records,0.705,0.643,11,-6.929,0,0.232,0.0242,0,0.262,0.884,143.944,4
spotify:track:7AFASza1mXqntmGtbxXprO,USUG11800211,changes,?,XXXTENTACION,2018-03-16,121886,75,false,dy3capua3h7iz6vjq1bo02tbz,2023-10-24T21:05:29Z,emo rap,"Bad Vibes Forever, LLC",0.669,0.308,11,-10.068,1,0.029,0.883,0,0.0984,0.52,64.934,4
spotify:track:1KVczjazCcCCgM3gXXUl47,USUM71820961,Roses (with Juice WRLD feat. Brendon Urie),FRIENDS KEEP SECRETS,benny blanco;Juice WRLD;Brendon Urie,2018-12-07,223542,64,true,dy3capua3h7iz6vjq1bo02tbz,2023-10-24T21:05:38Z,"melodic rap,emo rap",Friends Keep Secrets/Interscope Records,0.612,0.601,8,-7.089,1,0.164,0.168,0,0.117,0.525,147.018,4
spotify:track:22An65gG31JLf9n18qjdhZ,USUYG1225643,BAD!,SKINS,XXXTENTACION,2018-12-07,94245,72,false,dy3capua3h7iz6vjq1bo02tbz,2023-10-24T21:05:44Z,emo rap,Bad Vibes Forever / EMPIRE,0.78,0.492,5,-3.4,0,0.0671,0.0643,0.0313,0.174,0.374,143.983,4
spotify:track:7AQim7LbvFVZJE3O8TYgf2,USUYG1156898,Fuck Love,17,XXXTENTACION;Trippie Redd,2017-08-25,146520,82,true,dy3capua3h7iz6vjq1bo02tbz,2023-10-24T21:05:48Z,"emo rap,melodic rap",Bad Vibes Forever / EMPIRE,0.797,0.533,0,-9.74,0,0.0412,0.0172,0.000152,0.103,0.329,131.036,4
spotify:track:2dCmGcEOQrMQhMMS8Vj7Ca,USMO18100048,Super Freak,Street Songs (Deluxe Edition),Rick James,1981-04-07,205466,76,false,dy3capua3h7iz6vjq1bo02tbz,2023-11-11T11:13:14Z,"funk,motown",Motown,0.838,0.794,9,-8.245,0,0.0531,0.22,0,0.0575,0.962,132.446,4
spotify:track:4ZrEjG3Vef85NTve8ptC9Q,USJI10600479,What Goes Around.../...Comes Around (Interlude),FutureSex/LoveSounds Deluxe Edition,Justin Timberlake,2006-09-13,448533,59,false,dy3capua3h7iz6vjq1bo02tbz,2023-11-11T11:54:17Z,,Jive,0.685,0.725,7,-4.791,1,0.177,0.13,0.000925,0.592,0.381,75.996,4
spotify:track:6bFsQ6yOp3z5mGNkhWP0P1,GBUM70600967,You Give Me Something,Undiscovered (International Version),James Morrison,2006-01-01,213173,68,false,dy3capua3h7iz6vjq1bo02tbz,2023-11-11T13:10:20Z,,Polydor Records,0.559,0.688,7,-6.496,1,0.114,0.216,0,0.0855,0.578,79.753,4
spotify:track:7nZ0GrW14w0idFefZoK1Pj,USMV20500242,Crazy,Electro Lounge,Alanis Morissette;James Michael,2019-04-19,218760,39,false,dy3capua3h7iz6vjq1bo02tbz,2023-11-14T14:09:54Z,,Warner Music Group - X5 Music Group,0.621,0.899,7,-6.379,1,0.0533,0.0373,0.0033,0.162,0.482,104.995,4
spotify:track:2jm0UrP5A9ccJ3twMI8cVq,UKXN22382205,Solo,Solo,Myles Smith,2023-11-15,199756,1,false,dy3capua3h7iz6vjq1bo02tbz,2023-11-15T04:04:58Z,,Independent,0.427,0.458,0,-7.157,1,0.0355,0.697,0,0.117,0.35,122.828,4
spotify:track:1STAWoWHYJh2UVUx41pYMD,GBAYE0800255,Lost!,Viva La Vida or Death and All His Friends,Coldplay,2008-06-06,236213,56,false,dy3capua3h7iz6vjq1bo02tbz,2023-11-20T12:00:56Z,,Parlophone UK,0.359,0.779,7,-7.52,1,0.0412,0.0057,0.837,0.379,0.582,86.951,4
spotify:track:5uDASfU19gDxSjW8cnCaBp,USRC11601124,Chill Bill (feat. J. Davi$ & Spooks),Chill Bill (feat. J. Davi$ & Spooks),Rob $tone;J. Davi$;J Spooks,2016-06-17,177184,74,true,dy3capua3h7iz6vjq1bo02tbz,2023-11-24T19:28:16Z,,RCA Records Label,0.886,0.427,6,-10.028,1,0.145,0.0312,0.00099,0.0906,0.23,108.034,4
spotify:track:46rZgRYU1H5Xnv0n75OGis,USAT21500666,Deep Down Low,Deep Down Low,Valentino Khan,2015-07-10,190476,0,false,dy3capua3h7iz6vjq1bo02tbz,2023-11-24T19:32:36Z,"bass house,moombahton,g-house",OWSLA,0.794,0.896,5,-1.514,0,0.0677,0.00371,0.615,0.0876,0.5,125.999,4
spotify:track:7GKWxIGWZOgAGyIChY5VS9,QZJ842002727,"Message (feat. TTS Tana, & Teqkoi)","TG THIS, TG THAT",TG Crippy;TTS TANA;Teqkoi,2023-01-31,155000,0,true,dy3capua3h7iz6vjq1bo02tbz,2023-11-24T19:35:53Z,"new york drill,drill,brooklyn drill",TenThousand Projects,0.914,0.505,4,-7.682,0,0.505,0.403,0,0.086,0.53,140.068,4
spotify:track:4N7i6RfJXMWfkx9Zr6pzkJ,USUYG1342164,E-ER (feat. Lil Yachty),FAMILY,DJ Scheme;Ski Mask The Slump God;Danny Towers;Lil Yachty,2020-12-04,163384,62,true,dy3capua3h7iz6vjq1bo02tbz,2023-11-24T19:38:44Z,,Scheme Records / EMPIRE,0.952,0.29,8,-11.459,1,0.428,0.074,0,0.107,0.394,130.083,4
spotify:track:5FkoSXiJPKTNyYgALRJFhD,QM6N21900076,ORANGE SODA,DIE FOR MY BITCH,Baby Keem,2019-07-19,129882,79,true,dy3capua3h7iz6vjq1bo02tbz,2023-11-24T19:39:57Z,,Baby Keem LLC,0.83,0.564,1,-7.822,1,0.235,0.177,0,0.128,0.107,85.042,4
spotify:track:6gi6y1xwmVszDWkUqab1qw,USSM11914988,OUT WEST (feat. Young Thug),JACKBOYS,JACKBOYS;Travis Scott;Young Thug,2019-12-27,157712,78,true,dy3capua3h7iz6vjq1bo02tbz,2023-11-24T19:40:57Z,"rap,melodic rap,trap",Cactus Jack/Epic,0.802,0.591,8,-4.895,1,0.225,0.0104,0,0.196,0.309,139.864,4
spotify:track:1kVYXfxTWSftIZtmYr6yH8,QMTND1101558,Coming In Hot,Coming In Hot,Andy Mineo;Lecrae,2018-07-20,200168,58,false,dy3capua3h7iz6vjq1bo02tbz,2023-11-24T19:45:27Z,"christian hip hop,christian,christian r&b,christian pop,chinese hip hop,rap chrétien",Reach Records,0.889,0.453,8,-8.782,1,0.261,0.0274,0.00000475,0.156,0.428,140.025,4
spotify:track:706ZrLifsm0nwlucKr4kQg,QMCE32000566,Like Me (feat. iann dior),Beautiful Havoc,$NOT;iann dior,2020-10-30,167146,58,true,dy3capua3h7iz6vjq1bo02tbz,2023-11-24T19:46:21Z,melodic rap,300 Entertainment,0.902,0.462,7,-7.945,1,0.0979,0.19,0.00000215,0.094,0.646,103.984,4
spotify:track:158dTAuQmYZXuRQXKixy72,QZJ842002896,Kan't Lack,Kan't Lack,Kenzo Balla;Kaysan,2023-03-31,143200,0,true,dy3capua3h7iz6vjq1bo02tbz,2023-11-24T19:47:10Z,"new york drill,drill,brooklyn drill,uk drill",10K Projects,0.722,0.813,11,-7.331,0,0.335,0.0388,0,0.161,0.723,150.039,4
spotify:track:4IoYz8XqqdowINzfRrFnhi,USSM10803009,You Found Me,The Fray,The Fray,2009-02-02,241853,81,false,dy3capua3h7iz6vjq1bo02tbz,2023-11-26T08:04:09Z,,Epic,0.338,0.803,8,-5.412,0,0.0413,0.0187,0,0.136,0.4,151.994,4
spotify:track:6AqUWhHPSR97UPobVOFFOw,QZHZ52223859,You Found Me (Sped Up) - Lost and Insecure,You Found Me (Sped Up) - Lost and Insecure,MADAX,2022-04-26,138202,0,false,dy3capua3h7iz6vjq1bo02tbz,2023-11-26T08:04:14Z,,302 Records,0.611,0.834,0,-7.087,0,0.232,0.172,0,0.177,0.419,90.618,4
spotify:track:1BY1Vd2Bt6JPOhMvsIwtVv,USNPD1217889,Dancing With Myself,Vital Idol,Billy Idol,1985,359733,8,false,dy3capua3h7iz6vjq1bo02tbz,2023-11-28T10:53:06Z,,Unknown,0.51,0.696,4,-10.83,1,0.0802,0.0157,0.000104,0.297,0.905,176.568,4
spotify:track:1lEhKudlkpBsh6S7JyvvHs,GBAYK8100135,Dancing with Myself,Kiss Me Deadly,Generation X,1981-01-01,228080,71,false,dy3capua3h7iz6vjq1bo02tbz,2023-11-28T10:53:12Z,,Chrysalis Records,0.387,0.947,4,-3.141,1,0.0697,0.0000465,0.612,0.662,0.834,176.371,4
spotify:track:1fewSx2d5KIZ04wsooEBOz,USUG11802484,Space Cadet (feat. Gunna),NOT ALL HEROES WEAR CAPES (Deluxe),Metro Boomin;Gunna,2018-11-06,203266,77,true,dy3capua3h7iz6vjq1bo02tbz,2023-11-29T16:21:11Z,melodic rap,Republic Records,0.901,0.464,5,-9.789,0,0.0645,0.368,0.0000182,0.238,0.638,109.004,4
spotify:track:0MCvecagH3RN5wpQLbIToC,USLD91752530,APE $H!T,APE $H!T,Clover,2023-11-10,105050,0,true,dy3capua3h7iz6vjq1bo02tbz,2023-11-29T16:21:53Z,,"South Coast Music Group, LLC",0.867,0.319,1,-15.794,0,0.391,0.183,0,0.0935,0.71,120.029,4
spotify:track:5uGXVcOINWmyUzpz0lKq7m,QMRSZ1901643,Home - 2019 Remaster,Up From Below - 10th Anniversary Edition,Edward Sharpe & The Magnetic Zeros,2009-07-07,306373,0,false,dy3capua3h7iz6vjq1bo02tbz,2023-11-30T17:13:10Z,,Vagrant Records,0.53,0.634,2,-5.759,1,0.0311,0.245,0.000601,0.0978,0.105,111.615,4
spotify:track:2eAvDnpXP5W0cVtiI0PUxV,USSM11703468,Dandelions,Safe Haven,Ruth B.,2017-05-05,233720,87,false,dy3capua3h7iz6vjq1bo02tbz,2023-12-03T09:19:48Z,,Columbia,0.609,0.692,1,-2.958,1,0.0259,0.0157,0,0.0864,0.454,116.959,3
spotify:track:23L5CiUhw2jV1OIMwthR3S,NLM5S1600003,In the Name of Love,In the Name of Love,Martin Garrix;Bebe Rexha,2016-07-29,198815,83,false,dy3capua3h7iz6vjq1bo02tbz,2023-12-20T08:32:31Z,"edm,progressive house,electronica",Epic Amsterdam,0.501,0.519,4,-5.88,0,0.0409,0.109,0,0.454,0.168,133.99,4
spotify:track:4S8d14HvHb70ImctNgVzQQ,USUM71814031,I Love It (& Lil Pump),I Love It,Kanye West;Lil Pump,2018-09-07,127946,71,true,dy3capua3h7iz6vjq1bo02tbz,2023-12-20T08:41:14Z,rap,"Getting Out Our Dreams, Inc./Def Jam Recordings",0.901,0.522,2,-8.304,1,0.33,0.0114,0,0.259,0.329,104.053,4
spotify:track:6gBFPUFcJLzWGx4lenP6h2,USSM11607555,goosebumps,Birds In The Trap Sing McKnight,Travis Scott,2016-09-16,243836,87,true,dy3capua3h7iz6vjq1bo02tbz,2023-12-20T08:41:54Z,rap,Cactus Jack / Epic,0.841,0.728,7,-3.37,1,0.0484,0.0847,0,0.149,0.43,130.049,4
spotify:track:40iJIUlhi6renaREYGeIDS,USUG12104402,Fair Trade (with Travis Scott),Certified Lover Boy,Drake;Travis Scott,2021-09-03,291175,82,true,dy3capua3h7iz6vjq1bo02tbz,2023-12-20T08:42:13Z,rap,OVO,0.666,0.465,1,-8.545,1,0.26,0.0503,0,0.215,0.292,167.937,4
spotify:track:2g8HN35AnVGIk7B8yMucww,USBB40580817,Big Poppa - 2005 Remaster,Ready to Die (The Remaster),The Notorious B.I.G.,1994-09-13,252746,84,true,dy3capua3h7iz6vjq1bo02tbz,2023-12-23T12:55:47Z,"old school hip hop,gangster rap,east coast hip hop,hip hop",Bad Boy Records,0.78,0.575,9,-7.247,0,0.273,0.43,0,0.143,0.773,84.492,4
spotify:track:1zi7xx7UVEFkmKfv06H8x0,USCM51600028,One Dance,Views,Drake;Wizkid;Kyla,2016-05-06,173986,92,false,dy3capua3h7iz6vjq1bo02tbz,2023-12-20T09:36:24Z,"rap,afrobeats,afrobeat,afropop,azonto,afroswing,afro r&b,afropiano,jersey club",Cash Money Records/Young Money Ent./Universal Rec.,0.792,0.625,1,-5.609,1,0.0536,0.00776,0.0018,0.329,0.37,103.967,4
spotify:track:6n4U3TlzUGhdSFbUUhTvLP,USUM71800983,Walk It Talk It,Culture II,Migos;Drake,2018-01-26,276147,77,true,dy3capua3h7iz6vjq1bo02tbz,2023-12-20T09:55:19Z,"trap,rap","Quality Control Music, LLC",0.908,0.633,2,-5.145,1,0.183,0.0859,0.00000231,0.106,0.395,145.914,4
spotify:track:3CA9pLiwRIGtUBiMjbZmRw,USCM51800077,Nice For What,Scorpion,Drake,2018-06-29,210746,80,true,dy3capua3h7iz6vjq1bo02tbz,2023-12-22T21:47:12Z,rap,Cash Money/Drake LP6,0.585,0.909,8,-6.474,1,0.0707,0.0891,0.000097,0.119,0.758,93.372,4
spotify:track:4rXLjWdF2ZZpXCVTfWcshS,USAT22306575,fukumean,a Gift & a Curse,Gunna,2023-06-16,125040,80,true,dy3capua3h7iz6vjq1bo02tbz,2023-12-22T23:38:07Z,melodic rap,300 Entertainment,0.847,0.622,1,-6.747,0,0.0903,0.119,0,0.285,0.22,130.001,4
spotify:track:0axBgt9y0GvMCLuRl2xBKG,QMEU31819746,1400 / 999 Freestyle (feat. Juice WRLD),A Love Letter To You 3,Trippie Redd;Juice WRLD,2018-11-09,175954,72,true,dy3capua3h7iz6vjq1bo02tbz,2023-12-23T12:56:11Z,"melodic rap,emo rap","TenThousand Projects, LLC",0.823,0.572,6,-6.067,0,0.0865,0.0079,0,0.113,0.568,141.996,4
spotify:track:1Jo0Zg7XlrA6z0mFTZVdkn,USUM70734700,Don't Stop The Music,Good Girl Gone Bad,Rihanna,2007-01-01,267080,81,false,dy3capua3h7iz6vjq1bo02tbz,2023-12-23T12:56:22Z,,Def Jam Recordings,0.834,0.669,6,-5.582,0,0.0637,0.0341,0.0000718,0.0535,0.547,122.669,4
spotify:track:4MjDJD8cW7iVeWInc2Bdyj,QMFME2364182,MONACO,nadie sabe lo que va a pasar mañana,Bad Bunny,2023-10-13,267194,84,true,dy3capua3h7iz6vjq1bo02tbz,2023-12-23T17:07:19Z,"reggaeton,trap latino,latin,urbano latino",Rimas Entertainment LLC.,0.787,0.621,4,-5.009,0,0.068,0.15,0.000402,0.58,0.13,139.056,4
spotify:track:6iY6AZY7FTpXYDjneY9TMS,DGA0L2303147,VVV,VVV,mikeeysmind;Sanikwave,2023-10-21,227612,1,true,dy3capua3h7iz6vjq1bo02tbz,2023-12-23T17:53:35Z,afro soul,RECORDS,0.599,0.907,1,-2.332,1,0.153,0.0027,0,0.396,0.259,154.986,4
spotify:track:5NQbUaeTEOGdD6hHcre0dZ,QMCE31500250,679 (feat. Remy Boyz),679 (feat. Remy Boyz),Fetty Wap;Remy Boyz,2015-06-29,196693,81,true,dy3capua3h7iz6vjq1bo02tbz,2023-12-24T21:25:14Z,,300 Entertainment/RGF Productions,0.618,0.717,7,-5.738,1,0.318,0.00256,0,0.625,0.603,190.05,4
spotify:track:6xbraxG0bSBOuAr5IUXmtM,USAT21700378,iSpy (feat. Lil Yachty),Light of Mine,KYLE;Lil Yachty,2018-05-18,252240,70,true,dy3capua3h7iz6vjq1bo02tbz,2023-12-24T21:25:42Z,,independently popular.,0.723,0.654,0,-6.82,1,0.298,0.384,0,0.384,0.675,149.949,4
spotify:track:4N9QsmvQJcGwJHAmDmBttU,USAT21811265,Climax (feat. 6lack),On the Run,Young Thug;6LACK,2018-09-24,189093,56,true,dy3capua3h7iz6vjq1bo02tbz,2023-12-24T21:25:53Z,"rap,melodic rap,trap",300 Entertainment/Atl,0.829,0.362,0,-11.546,0,0.231,0.0608,0,0.135,0.369,122.912,4
spotify:track:4kTLpAbhuEGHAAdDjOIWaa,USUM70981907,Pursuit Of Happiness (Nightmare),Man On The Moon: The End Of Day (Int'l Version),Kid Cudi;MGMT;Ratatat,2009-01-01,295293,75,true,dy3capua3h7iz6vjq1bo02tbz,2023-12-24T21:25:56Z,indie,Kid Cudi/Universal Records,0.627,0.591,0,-9.056,1,0.0408,0.494,0.0000649,0.324,0.247,115.286,4
spotify:track:6ZRuF2n1CQxyxxAAWsKJOy,USAT21813049,Nights Like This (feat. Ty Dolla $ign),While We Wait,Kehlani;Ty Dolla $ign,2019-02-22,201787,78,true,dy3capua3h7iz6vjq1bo02tbz,2023-12-24T21:29:29Z,trap soul,TSNMI / Atlantic,0.61,0.725,8,-5.131,1,0.15,0.367,0,0.154,0.291,146.163,4
spotify:track:3XqM8hLCEYlbnFjoWwqtFv,USRC12302900,Angel Numbers / Ten Toes,11:11,Chris Brown,2023-11-10,306847,77,true,dy3capua3h7iz6vjq1bo02tbz,2023-12-24T21:29:50Z,r&b,Chris Brown Entertainment/RCA Records,0.406,0.5,4,-8.452,0,0.0501,0.192,0,0.175,0.0905,157.984,4
spotify:track:07FkzikE6FuHIa8Ma7zJGc,USUM71708227,Lie,Perception,NF,2017-10-06,209213,75,false,dy3capua3h7iz6vjq1bo02tbz,2023-12-24T21:44:28Z,christian hip hop,NF Real Music,0.749,0.659,5,-6.419,1,0.167,0.161,0,0.246,0.185,95.008,4
spotify:track:1oew3nFNY3vMacJAsvry0S,USUM71401800,Me And My Broken Heart,Let The Road,Rixton,2014-01-01,193733,78,false,dy3capua3h7iz6vjq1bo02tbz,2023-12-24T21:44:30Z,,Silent Records/Giant Little Man,0.545,0.783,5,-4.261,0,0.0345,0.00489,0,0.132,0.551,174.084,4
spotify:track:3JA9Jsuxr4xgHXEawAdCp4,USUM71026671,Just Can’t Get Enough,The Beginning,Black Eyed Peas,2010-01-01,219426,85,false,dy3capua3h7iz6vjq1bo02tbz,2023-12-24T21:44:45Z,,A&M,0.659,0.629,0,-8.685,0,0.18,0.19,0,0.105,0.262,94.049,4
spotify:track:2aI21FnmY7TJVKeMaoQZ0t,USUM70603368,Say It Right,Loose,Nelly Furtado,2006-01-01,223080,86,false,dy3capua3h7iz6vjq1bo02tbz,2023-12-24T21:44:49Z,,Mosley / Geffen,0.871,0.871,1,-6.328,1,0.139,0.0469,0.00114,0.0543,0.811,116.946,4
spotify:track:55n9yjI6qqXh5F2mYvUc2y,USQ4E1602586,I Don’t Wanna Live Forever (Fifty Shades Darker),reputation Stadium Tour Surprise Song Playlist,ZAYN;Taylor Swift,2017-11-09,247160,83,false,dy3capua3h7iz6vjq1bo02tbz,2023-12-24T21:44:57Z,,Taylor Swift,0.73,0.444,0,-8.418,1,0.0538,0.059,0.000018,0.14,0.106,117.979,4
spotify:track:22B7h4f8syXX5T0WIPWcoQ,GX5MY2340716,angel numbers / ten toes - sped up,angel numbers / ten toes (sped up),badkarma,2023-11-01,281561,28,true,dy3capua3h7iz6vjq1bo02tbz,2023-12-24T21:45:06Z,,badkarma,0.349,0.475,6,-13.235,0,0.0459,0.0155,0.000462,0.179,0.166,173.859,4
spotify:track:19m3E0nMZobyA93AxMXC32,USUG11800956,I'm Still,Goodbye & Good Riddance,Juice WRLD,2018-12-10,192859,69,true,dy3capua3h7iz6vjq1bo02tbz,2023-12-24T21:45:13Z,"melodic rap,emo rap",Juice WRLD Mixtape / ISR P&D,0.631,0.672,11,-4.583,1,0.0347,0.0811,0,0.154,0.282,119.948,4
spotify:track:5STdMlrBf6pqWiNE7WqxSi,USIR10300018,Many Men (Wish Death),Get Rich Or Die Tryin',50 Cent,2003-02-06,256240,81,true,dy3capua3h7iz6vjq1bo02tbz,2023-12-24T21:47:26Z,"old school hip hop,east coast hip hop",Shady Records,0.589,0.827,11,-2.938,1,0.384,0.0143,0.00151,0.14,0.386,161.978,4
spotify:track:68Dni7IE4VyPkTOH9mRWHr,USQX91402598,No Role Modelz,2014 Forest Hills Drive,J. Cole,2014-12-09,292799,88,true,dy3capua3h7iz6vjq1bo02tbz,2023-12-27T18:01:54Z,rap,Roc Nation Records LLC,0.69,0.521,10,-8.492,0,0.339,0.324,0,0.0534,0.494,100.028,4
spotify:track:0nbXyq5TXYPCO7pr3N8S4I,USAT21906978,The Box,Please Excuse Me for Being Antisocial,Roddy Ricch,2019-12-06,196652,85,true,dy3capua3h7iz6vjq1bo02tbz,2023-12-27T18:02:10Z,melodic rap,Atlantic Records,0.896,0.586,10,-6.687,0,0.0559,0.104,0,0.79,0.642,116.971,4
spotify:track:0TlLq3lA83rQOYtrqBqSct,USCM51800191,Nonstop,Scorpion,Drake,2018-06-29,238614,80,true,dy3capua3h7iz6vjq1bo02tbz,2023-12-27T18:02:36Z,rap,Cash Money/Drake LP6,0.912,0.412,7,-8.074,1,0.123,0.0165,0.0126,0.104,0.423,154.983,4
spotify:track:2JvzF1RMd7lE3KmFlsyZD8,QMJMT1902056,MIDDLE CHILD,MIDDLE CHILD,J. Cole,2019-01-23,213593,80,true,dy3capua3h7iz6vjq1bo02tbz,2023-12-27T18:03:05Z,rap,"Dreamville, Inc., Under exclusive license to Roc Nation Records",0.837,0.364,8,-11.713,1,0.276,0.149,0,0.271,0.463,123.984,4
spotify:track:7tDbbfzB1d52lWP8rq8zRZ,USDJ20300553,Pump It Up,Joe Budden,Joe Budden,2003-06-10,251373,66,true,dy3capua3h7iz6vjq1bo02tbz,2023-12-27T18:03:29Z,,Spit Records,0.484,0.847,6,-5.042,1,0.349,0.0373,0,0.118,0.67,105.048,4
spotify:track:17NHXI2CJp7KgdcwcDnRx4,FR9W12333643,Boyz In Paris (with VINAI),Boyz In Paris (with VINAI),Marnik;Naeleck;VINAI,2023-07-28,151589,76,true,dy3capua3h7iz6vjq1bo02tbz,2023-12-27T18:05:39Z,"big room,electro house,melbourne bounce,slap house",Signatune,0.628,0.967,1,-4.068,1,0.0485,0.0398,0.0000467,0.274,0.399,149.036,4
spotify:track:1auxYwYrFRqZP7t3s7w4um,USUM71111621,Ni**as In Paris,Watch The Throne,JAŸ-Z;Kanye West,2011-08-08,219333,85,true,dy3capua3h7iz6vjq1bo02tbz,2023-12-27T18:05:55Z,"hip hop,east coast hip hop,rap",Roc Nation/RocAFella/IDJ,0.789,0.858,1,-5.542,1,0.311,0.127,0,0.349,0.775,140.022,4
spotify:track:18lR4BzEs7e3qzc0KVkTpU,USWB10700721,What I've Done,Minutes to Midnight,Linkin Park,2007-05-14,205226,88,false,dy3capua3h7iz6vjq1bo02tbz,2023-12-30T07:10:08Z,"nu metal,rap metal,rock,alternative metal",Warner Records,0.627,0.935,5,-4.882,1,0.0324,0.0092,0,0.147,0.287,120.092,4
spotify:track:0lodMO0qK83vfPiiD7FMEt,USSM12305013,TOPIA TWINS (feat. Rob49 & 21 Savage),UTOPIA,Travis Scott;Rob49;21 Savage,2023-07-28,223173,73,true,dy3capua3h7iz6vjq1bo02tbz,2023-12-30T14:55:34Z,rap,Cactus Jack/Epic,0.715,0.567,1,-4.481,0,0.0865,0.06,0,0.0655,0.332,160.098,4
spotify:track:6wsqVwoiVH2kde4k4KKAFU,USSM12305012,I KNOW ?,UTOPIA,Travis Scott,2023-07-28,211582,80,true,dy3capua3h7iz6vjq1bo02tbz,2023-12-30T14:58:48Z,rap,Cactus Jack/Epic,0.927,0.619,5,-4.441,0,0.0539,0.0186,0,0.104,0.817,117.995,4
spotify:track:4KW1lqgSr8TKrvBII0Brf8,USUM71603067,Father Stretch My Hands Pt. 1,The Life Of Pablo,Kanye West,2016-06-10,135920,83,true,dy3capua3h7iz6vjq1bo02tbz,2023-12-30T21:42:51Z,rap,Rock The World/IDJ/Kanye LP7,0.724,0.573,7,-4.113,1,0.0549,0.118,0,0.538,0.438,113.088,4
spotify:track:4X70hLzIDfY5T2BcsOcv6Q,USUG11700352,REDMERCEDES,REDMERCEDES,Aminé,2017-03-03,169706,52,true,dy3capua3h7iz6vjq1bo02tbz,2023-12-31T18:59:34Z,,Universal Records,0.816,0.63,1,-5.729,0,0.183,0.00639,0.0304,0.173,0.599,101.997,4
spotify:track:754hhnczVNu3ibRaoAcujX,USSM12210316,killstreaks (with Don Toliver & PinkPantheress),The Melodic Blue (Deluxe),Baby Keem;Don Toliver;PinkPantheress,2022-10-28,215679,56,true,dy3capua3h7iz6vjq1bo02tbz,2023-12-31T19:01:31Z,bedroom pop,pgLang/Columbia,0.777,0.574,4,-5.565,0,0.0386,0.0542,0.0000187,0.155,0.0603,108.003,4
spotify:track:1udwFobQ1JoOdWPQrp2b6u,USUM72123571,Surround Sound (feat. 21 Savage & Baby Tate),The Forever Story (Extended Version),JID;21 Savage;Baby Tate,2022-10-31,229938,78,true,dy3capua3h7iz6vjq1bo02tbz,2023-12-31T19:45:04Z,,Dreamville/Interscope,0.574,0.567,7,-7.126,0,0.465,0.164,0,0.258,0.526,75.965,4
spotify:track:6bnF93Rx87YqUBLSgjiMU8,USUG11904007,Heartless,After Hours,The Weeknd,2020-03-20,198266,81,true,dy3capua3h7iz6vjq1bo02tbz,2023-12-31T20:04:14Z,,Republic Records,0.537,0.746,10,-5.507,0,0.15,0.0236,0.000001,0.156,0.252,170.083,4
spotify:track:7aRCf5cLOFN1U7kvtChY1G,USUG12301601,Search & Rescue,Search & Rescue,Drake,2023-04-07,272112,75,true,dy3capua3h7iz6vjq1bo02tbz,2023-12-31T20:31:37Z,rap,OVO/Republic Records,0.828,0.441,10,-8.562,0,0.0685,0.0757,0.00000868,0.295,0.533,140.009,4
spotify:track:1K5KBOgreBi5fkEHvg5ap3,USSM11914962,Life Is Good (feat. Drake),High Off Life,Future;Drake,2020-05-15,237918,78,true,dy3capua3h7iz6vjq1bo02tbz,2023-12-31T20:51:13Z,"rap,trap",Epic/Freebandz,0.795,0.574,2,-6.903,0,0.487,0.067,0,0.15,0.537,142.053,4
spotify:track:0YFqKxV9uNu6LUeYkLOKRS,USUG12208782,On Time (with John Legend),HEROES & VILLAINS,Metro Boomin;John Legend,2022-12-02,168920,62,true,dy3capua3h7iz6vjq1bo02tbz,2023-12-31T21:24:22Z,"soft pop,neo soul",Republic Records,0.358,0.601,5,-6.7,0,0.048,0.749,0.000407,0.313,0.497,82.513,3
spotify:track:3l3iCfpZsxbxWJhYoiQNkD,USSM12208720,The Feels,Ends & Begins,Labrinth,2023-04-28,197465,65,true,dy3capua3h7iz6vjq1bo02tbz,2024-01-02T15:56:44Z,,Columbia,0.389,0.529,2,-5.763,1,0.0584,0.266,0,0.119,0.424,110.183,4
spotify:track:1ZEOIhSn6BKErV59bIgn76,USMC16532697,California Dreamin',All The Leaves Are Brown The Golden Era Collection,The Mamas & The Papas,2001-08-28,160373,77,false,dy3capua3h7iz6vjq1bo02tbz,2024-01-03T00:25:14Z,folk rock,Geffen,0.548,0.728,1,-6.631,0,0.0367,0.424,0,0.0525,0.649,112.332,4
spotify:track:7v4lL0VxQV8yTv29Tpf2sH,BEHP42300071,Head Down,Head Down,Lost Frequencies;Bastille,2023-12-29,173888,60,false,dy3capua3h7iz6vjq1bo02tbz,2024-01-04T00:54:41Z,tropical house,Epic Amsterdam,0.73,0.845,4,-6.702,0,0.131,0.304,0.0000112,0.206,0.424,123.992,4
spotify:track:4wMRo12qupmGNj0sh341xb,GB-SMU-35-43664,Nova,Nova,Ahrix,2017-03-16,281325,57,false,dy3capua3h7iz6vjq1bo02tbz,2024-01-04T15:10:24Z,,Ahrixx,0.859,0.53,4,-14.865,0,0.0777,0.014,0.818,0.0995,0.349,127.977,4
spotify:track:0tDPDZmGYhi4QGoKOipJU5,GB2LD0902028,Safari Fruits,NCS: Infinity,Vidya Vidya,2015-07-31,225633,0,false,dy3capua3h7iz6vjq1bo02tbz,2024-01-04T15:10:58Z,,NCS,0.695,0.904,0,-5.742,1,0.0662,0.0119,0.756,0.338,0.626,142.033,4
spotify:track:36VGTki6KxMklsVkLG2PpV,GB2LD0901837,Hollah!,NCS: Infinity,Disfigure,2015-07-31,160992,0,false,dy3capua3h7iz6vjq1bo02tbz,2024-01-04T15:10:58Z,,NCS,0.85,0.4,0,-10.027,0,0.0735,0.00352,0.00727,0.113,0.32,140.078,4
spotify:track:1FQGwyDp0SQSZ4AghJa19S,GB2LD0902029,Entropy,NCS: Infinity,Distrion;Alex Skrindo,2015-07-31,204894,0,false,dy3capua3h7iz6vjq1bo02tbz,2024-01-04T15:10:58Z,,NCS,0.723,0.885,9,-4.858,1,0.0387,0.00121,0.387,0.358,0.173,129.971,4
spotify:track:5rGfKSFMJ8ztp0044fppTo,GB2LD0901859,High,NCS: Infinity,JPB,2015-07-31,192000,0,false,dy3capua3h7iz6vjq1bo02tbz,2024-01-04T15:10:58Z,,NCS,0.557,0.699,9,-6.283,1,0.0662,0.0255,0.0223,0.133,0.203,75.012,4
spotify:track:0aGwoW8nbViCz5aUxh2fU5,GB2LD0902030,Nekozilla,NCS: Infinity,Different Heaven,2015-07-31,168759,1,false,dy3capua3h7iz6vjq1bo02tbz,2024-01-04T15:10:58Z,dubstep,NCS,0.745,0.905,6,-5.182,0,0.0473,0.000387,0.148,0.0699,0.378,128.03,4
spotify:track:1Nr2MV6hF4zdI98RLESoE0,GB2LD0902031,Adventures,NCS: Infinity,Alexa Lusader;William Ekh,2015-07-31,208139,0,false,dy3capua3h7iz6vjq1bo02tbz,2024-01-04T15:10:58Z,"dubstep,drumstep,riddim",NCS,0.496,0.59,0,-7.201,1,0.0413,0.116,0.0000122,0.473,0.15,128.054,4
spotify:track:77RB4b4IThraEyPbFpKF0t,GB2LD0902032,Levitate,NCS: Infinity,JPB;Joe Erickson,2015-07-31,196521,0,false,dy3capua3h7iz6vjq1bo02tbz,2024-01-04T15:10:58Z,,NCS,0.622,0.834,1,-4.068,0,0.0473,0.0631,0.000139,0.0988,0.267,138.161,4
spotify:track:3JlirgM4iuxErRPUj2ZF6w,GB2LD0902033,Elysium,NCS: Infinity,Mendum,2015-07-31,294861,0,false,dy3capua3h7iz6vjq1bo02tbz,2024-01-04T15:10:58Z,"drumstep,chillstep,melodic bass",NCS,0.331,0.512,3,-7.398,0,0.0462,0.139,0.00000193,0.391,0.198,139.072,4
spotify:track:5ZtQcqSbPgRozdGbrh9k2d,GB2LD0902108,You,NCS: Infinity,Ash O'Connor,2015-07-31,259405,0,false,dy3capua3h7iz6vjq1bo02tbz,2024-01-04T15:10:58Z,future house,NCS,0.875,0.868,11,-5.163,0,0.0972,0.244,0.67,0.462,0.7,124.014,4
spotify:track:06JvOZ39sK8D8SqiqfaxDU,USQX92202485,True Love,True Love,Kanye West;XXXTENTACION,2022-05-27,148571,73,false,dy3capua3h7iz6vjq1bo02tbz,2024-01-05T13:11:22Z,"rap,emo rap",Columbia,0.712,0.861,5,-5.487,0,0.25,0.0182,0.00000609,0.511,0.388,84.042,4
spotify:track:7wBThXx7BGZHJJ3aN3OPvv,USAR10400973,Confessions Part II,Confessions (Expanded Edition),USHER,2004-03-23,211200,73,false,dy3capua3h7iz6vjq1bo02tbz,2024-01-06T20:24:58Z,r&b,LaFace Records,0.845,0.467,1,-7.674,1,0.138,0.0586,0,0.0694,0.702,138.007,4
spotify:track:1almCHdsfikRPfVB9VrEdT,USSM11404193,Little Do You Know,It's About Us,Alex & Sierra,2014-10-06,185200,72,false,dy3capua3h7iz6vjq1bo02tbz,2024-01-09T08:27:10Z,,Syco Music/Columbia Records,0.5,0.292,0,-8.554,1,0.0323,0.746,0,0.188,0.37,145.879,4
spotify:track:686AkgCXl1Mteuvdf9snKb,DEPI82213624,Little Do You Know,Little Do You Know,Mike Gudmann;Crystal Rock;Rotciv & Revilo,2022-09-09,194091,26,false,dy3capua3h7iz6vjq1bo02tbz,2024-01-09T08:28:45Z,"slap house,melbourne bounce,hypertechno",Beat Dealer Records,0.457,0.747,6,-8.162,0,0.253,0.328,0,0.144,0.182,199.759,4
spotify:track:6wJLo8Wgkkw79qKOCGsZl8,QZNWT2344869,midnight city - M83 Remix,"peace, love & douceur",teasün;M83,2023-07-14,203512,0,false,dy3capua3h7iz6vjq1bo02tbz,2024-01-16T05:28:10Z,,Bloücolorz,0.654,0.543,8,-13.139,1,0.161,0.00382,0.828,0.072,0.201,171.016,4
spotify:track:3scOuQ4mUADCoPv6q5JZP3,QZMEM2162513,Unbreakable (with Sam Gray),Unbreakable (with Sam Gray),TELYKAST;Sam Gray,2021-09-10,183090,50,false,dy3capua3h7iz6vjq1bo02tbz,2024-01-16T05:28:16Z,,Intercord,0.715,0.797,9,-5.477,0,0.0637,0.347,0,0.0756,0.354,123.994,4
spotify:track:7KwZNVEaqikRSBSpyhXK2j,USAT21402725,Hypnotize - 2014 Remaster,Life After Death (2014 Remastered Edition),The Notorious B.I.G.,1997-03-04,229826,85,true,dy3capua3h7iz6vjq1bo02tbz,2024-01-18T11:01:17Z,"old school hip hop,gangster rap,east coast hip hop,hip hop",Rhino Atlantic,0.901,0.697,9,-3.439,1,0.28,0.145,0,0.287,0.67,93.941,4
spotify:track:1au2UduxcvHfa0fZS3Szci,QZTGW2100276,Lavender Sunflower,Alone At Prom,Tory Lanez,2021-12-10,151966,76,false,dy3capua3h7iz6vjq1bo02tbz,2024-01-20T22:28:46Z,,One Umbrella Records,0.607,0.735,4,-6.065,0,0.095,0.253,0,0.11,0.964,88.894,4
spotify:track:6btIpLff2jE56h2N40smAj,QZTGW2100011,Lady Of Namek,Lady Of Namek,Tory Lanez,2021-11-15,193993,51,true,dy3capua3h7iz6vjq1bo02tbz,2024-01-20T22:35:32Z,,One Umbrella Records,0.676,0.659,11,-5.123,0,0.0476,0.194,0,0.283,0.595,134.985,4
spotify:track:2Gyc6e2cLxA5hoX1NOvYnU,USUM71510633,Say It,I Told You,Tory Lanez,2016-08-19,237786,81,true,dy3capua3h7iz6vjq1bo02tbz,2024-01-20T22:35:40Z,,Benny Blanco Major,0.546,0.529,11,-10.511,0,0.0583,0.0869,0.00000637,0.124,0.248,107.333,4
spotify:track:2BcMwX1MPV6ZHP4tUT9uq6,USUG12104409,Knife Talk (with 21 Savage ft. Project Pat),Certified Lover Boy,Drake;21 Savage;Project Pat,2021-09-03,242965,76,true,dy3capua3h7iz6vjq1bo02tbz,2024-01-21T06:14:37Z,"rap,southern hip hop,crunk,gangster rap",OVO,0.849,0.424,5,-9.579,0,0.324,0.0635,0,0.0834,0.153,145.887,4
spotify:track:3F5CgOj3wFlRv51JsHbxhe,USUG12204897,Jimmy Cooks (feat. 21 Savage),"Honestly, Nevermind",Drake;21 Savage,2022-06-17,218364,82,true,dy3capua3h7iz6vjq1bo02tbz,2024-01-21T06:17:57Z,rap,OVO,0.529,0.673,0,-4.711,1,0.175,0.000307,0.00000241,0.093,0.366,165.921,4
spotify:track:2KvHC9z14GSl4YpkNMX384,USCM51700049,Do Not Disturb,More Life,Drake,2017-03-18,283550,79,true,dy3capua3h7iz6vjq1bo02tbz,2024-01-21T06:21:33Z,rap,Cash Money Records/Young Money Ent./Universal Rec.,0.618,0.693,7,-5.943,0,0.45,0.246,0,0.112,0.454,170.982,4
spotify:track:7CyPwkp0oE8Ro9Dd5CUDjW,USUG12303881,"One Of The Girls (with JENNIE, Lily Rose Depp)",The Idol Episode 4 (Music from the HBO Original Series),The Weeknd;JENNIE;Lily-Rose Depp,2023-06-23,244684,92,false,dy3capua3h7iz6vjq1bo02tbz,2024-01-21T06:23:44Z,k-pop,XO / Republic Records,0.264,0.64,8,-6.221,1,0.0442,0.0393,0.00000231,0.151,0.19,84.828,4
spotify:track:5wG3HvLhF6Y5KTGlK0IW3J,USUG12208787,Trance (with Travis Scott & Young Thug),HEROES & VILLAINS,Metro Boomin;Travis Scott;Young Thug,2022-12-02,194786,83,true,dy3capua3h7iz6vjq1bo02tbz,2024-01-21T06:25:30Z,"rap,melodic rap,trap",Republic Records,0.765,0.552,1,-7.524,0,0.309,0.175,0,0.193,0.492,119.476,4
spotify:track:1lAJUXyP5S2dUYHer1xBas,USUM72109088,Drunk And Nasty (feat. Sharc),The Life Of Pi'erre 5,Pi’erre Bourne;Sharc,2021-06-11,299970,67,true,dy3capua3h7iz6vjq1bo02tbz,2024-01-21T06:26:09Z,melodic rap,Interscope Records,0.779,0.487,1,-8.642,1,0.165,0.28,0,0.166,0.0915,127.049,4
spotify:track:2EVPJwUDXYldA6gAv00Tj6,USA2P2352173,No Strings,No Strings,X Ambassadors,2024-01-19,213080,38,false,dy3capua3h7iz6vjq1bo02tbz,2024-01-24T11:07:59Z,,Nyle,0.572,0.78,6,-7.488,0,0.0517,0.12,0.00547,0.0929,0.526,104.015,4
spotify:track:0mEdbdeRFQwBhN4xfyIeUM,USUM70739239,Can't Tell Me Nothing,Graduation,Kanye West,2007-09-11,271600,86,true,dy3capua3h7iz6vjq1bo02tbz,2024-01-25T13:33:34Z,rap,Roc-A-Fella,0.587,0.62,5,-6.133,0,0.042,0.0122,0,0.82,0.106,79.928,4
spotify:track:22L7bfCiAkJo5xGSQgmiIO,USUM71027273,All Of The Lights,My Beautiful Dark Twisted Fantasy,Kanye West,2010-11-22,299613,83,true,dy3capua3h7iz6vjq1bo02tbz,2024-01-25T13:39:01Z,rap,Roc-A-Fella,0.531,0.803,1,-3.284,1,0.0717,0.0796,0.0000171,0.176,0.221,142.113,4
spotify:track:3s7MCdXyWmwjdcWh7GWXas,USUM71807795,Violent Crimes,ye,Kanye West,2018-06-01,215320,81,true,dy3capua3h7iz6vjq1bo02tbz,2024-01-25T13:42:48Z,rap,"Getting Out Our Dreams, Inc./Def Jam Recordings",0.669,0.419,1,-6.724,0,0.522,0.376,0,0.187,0.0397,109.813,4
spotify:track:1PS1QMdUqOal0ai3Gt7sDQ,USUM70500143,Gold Digger,Late Registration,Kanye West;Jamie Foxx,2005-08-30,207626,82,true,dy3capua3h7iz6vjq1bo02tbz,2024-01-25T13:45:35Z,rap,Roc-A-Fella,0.629,0.696,1,-5.572,0,0.348,0.0195,0,0.0554,0.623,93.034,4
spotify:track:2gZUPNdnz5Y45eiGxpHGSc,USUM71018220,POWER,My Beautiful Dark Twisted Fantasy,Kanye West,2010-11-22,292093,83,true,dy3capua3h7iz6vjq1bo02tbz,2024-01-25T13:51:08Z,rap,Roc-A-Fella,0.542,0.914,0,-4.747,0,0.113,0.0161,0,0.744,0.576,153.993,4
spotify:track:0WSEq9Ko4kFPt8yo3ICd6T,USUM72116287,Praise God,Donda,Kanye West,2021-08-29,226652,74,false,dy3capua3h7iz6vjq1bo02tbz,2024-01-25T13:56:00Z,rap,Rock The World/IDJ/Kanye LP7,0.798,0.545,1,-6.466,1,0.168,0.00904,0.0000948,0.258,0.212,118.029,4
spotify:track:1VLtjHwRWOVJiE5Py7JxoQ,USQX92002595,Martin & Gina,THE GOAT,Polo G,2020-05-15,132832,78,true,dy3capua3h7iz6vjq1bo02tbz,2024-01-25T14:06:17Z,,Columbia,0.832,0.534,1,-7.813,0,0.253,0.345,0,0.165,0.116,93.924,4
spotify:track:1Ser4X0TKttOvo8bgdytTP,USUM71417470,Come Get Her,SremmLife,Rae Sremmurd,2015-01-06,212946,76,true,dy3capua3h7iz6vjq1bo02tbz,2024-01-25T14:09:43Z,,Mike WiLL Made-It,0.689,0.564,2,-6.226,1,0.14,0.19,0,0.0721,0.122,185.03,4
spotify:track:0vjeOZ3Ft5jvAi9SBFJm1j,USUG12208783,Superhero (Heroes & Villains) [with Future & Chris Brown],HEROES & VILLAINS,Metro Boomin;Future;Chris Brown,2022-12-02,182666,80,true,dy3capua3h7iz6vjq1bo02tbz,2024-01-25T14:09:57Z,"rap,trap,r&b",Republic Records,0.709,0.583,5,-5.298,0,0.204,0.138,0.00000297,0.195,0.533,116.624,4
spotify:track:66orjI5vOkyxOZLHWrPklh,USDJ20201346,X Gon' Give It To Ya - Int'l Bonus track,Grand Champ,DMX,2003-01-01,219733,71,false,dy3capua3h7iz6vjq1bo02tbz,2024-01-25T14:10:39Z,"east coast hip hop,old school hip hop,hardcore hip hop",RAL (Rush Associated Label),0.754,0.825,10,-5.366,0,0.194,0.039,0,0.0744,0.64,95.073,4
spotify:track:2c5Isyd07hWsl7AQia2Dig,USUM71105406,Fast Lane,Hell: The Sequel (Deluxe),Bad Meets Evil,2011-01-01,249560,73,true,dy3capua3h7iz6vjq1bo02tbz,2024-01-25T14:11:56Z,,Shady Records,0.615,0.871,1,-3.804,1,0.281,0.0388,0,0.246,0.338,119.149,5
spotify:track:7GX5flRQZVHRAGd6B4TmDO,USAT21703440,XO Tour Llif3,Luv Is Rage 2,Lil Uzi Vert,2017-08-25,182706,84,true,dy3capua3h7iz6vjq1bo02tbz,2024-01-25T14:16:58Z,"melodic rap,rage rap",Generation Now/Atlantic,0.732,0.75,11,-6.366,0,0.231,0.00264,0,0.109,0.401,155.096,4
spotify:track:3YqJ0iaDWM0aqEDQExd2j3,USUM71209911,Don't Like.1,G.O.O.D.,Kanye West;Chief Keef;Pusha T;Big Sean;Jadakiss,2022-04-01,283653,66,true,dy3capua3h7iz6vjq1bo02tbz,2024-01-25T14:33:25Z,"rap,chicago drill,drill,east coast hip hop",UME - Global Clearing House,0.657,0.611,6,-5.415,0,0.225,0.00937,0,0.146,0.616,132.062,4
spotify:track:1kxeWHF9PrCVZHvVskv8lg,USUM70837229,Love Lockdown,808s & Heartbreak,Kanye West,2008-11-24,270306,68,false,dy3capua3h7iz6vjq1bo02tbz,2024-01-25T14:43:50Z,rap,Roc-A-Fella,0.76,0.524,1,-7.67,0,0.0323,0.0542,0.5,0.112,0.112,119.603,4
spotify:track:7fPyCCiXVwbzPQ1MtoUChl,QM4ZV1500057,Hide Away,"Sit Still, Look Pretty",Daya,2016-10-07,191368,4,false,dy3capua3h7iz6vjq1bo02tbz,2024-01-27T11:36:39Z,,"Artbeatz LLC, Distributed by Venice Music",0.884,0.826,11,-3.672,0,0.0853,0.222,0.00000229,0.0651,0.465,94.997,4
spotify:track:2NV0mpU5YbyJXydzYPgw5O,USWB12300022,AIN'T GONNA ANSWER,AIN'T GONNA ANSWER,NLE Choppa;Lil Wayne,2023-03-23,187453,54,true,dy3capua3h7iz6vjq1bo02tbz,2024-01-30T06:52:59Z,"rap,hip hop",Warner Records,0.879,0.875,10,-1.868,0,0.18,0.0808,0,0.327,0.763,95.021,4
spotify:track:3j84U36KvLeXNDPv4t5pI8,USUM71823137,Pure Water (with Migos),Perfect Ten,Mustard;Migos,2019-06-28,192470,78,true,dy3capua3h7iz6vjq1bo02tbz,2024-01-31T05:31:23Z,trap,10 Summers Records/Interscope Records,0.68,0.559,0,-5.545,1,0.127,0.177,0,0.344,0.135,202.018,4
spotify:track:3azJifCSqg9fRij2yKIbWz,QZTGW2100275,The Color Violet,Alone At Prom,Tory Lanez,2021-12-10,226466,87,false,dy3capua3h7iz6vjq1bo02tbz,2024-02-01T16:54:10Z,,One Umbrella Records,0.645,0.534,6,-10.8,0,0.0479,0.157,0,0.0863,0.463,105.02,4
spotify:track:6tNQ70jh4OwmPGpYy6R2o9,USWB12307016,Beautiful Things,Beautiful Things,Benson Boone,2024-01-18,180304,85,false,dy3capua3h7iz6vjq1bo02tbz,2024-02-02T23:13:27Z,,"Night Street Records, Inc./Warner Records Inc.",0.472,0.471,10,-5.692,1,0.0603,0.151,0,0.14,0.219,105.029,3
spotify:track:6m0S4wcG6sTCP010ZrgdJI,USSM12307549,Call Me Revenge - Call of Duty: Modern Warfare 3,Call Me Revenge (Call of Duty: Modern Warfare 3),21 Savage;d4vd,2023-10-19,166464,4,true,dy3capua3h7iz6vjq1bo02tbz,2024-02-04T20:56:44Z,,"Slaughter Gang, LLC/Epic Records",0.674,0.751,11,-6.287,1,0.0944,0.0159,0,0.118,0.474,159.017,4
spotify:track:5JCi3pyggvk4B0yd0BK3ow,SEUM71400257,Stay High - Habits Remix,Queen Of The Clouds,Tove Lo;Hippie Sabotage,2014-09-24,258386,70,false,dy3capua3h7iz6vjq1bo02tbz,2024-02-04T21:14:03Z,,Universal Music AB,0.736,0.677,4,-7.036,0,0.0352,0.00114,0.844,0.0949,0.0747,121.01,4
spotify:track:1h6kgem1ai8vUgO1rZOwfB,USUM71207543,I Don't Like,Finally Rich,Chief Keef;Lil Reese,2012-01-01,293840,79,true,dy3capua3h7iz6vjq1bo02tbz,2024-02-05T13:53:22Z,"chicago drill,drill",UMGRI Interscope,0.742,0.844,2,-4.622,1,0.0479,0.000634,0,0.0659,0.416,131.995,4
spotify:track:52eIcoLUM25zbQupAZYoFh,USSM12309164,redrum,american dream,21 Savage,2024-01-12,270697,80,true,dy3capua3h7iz6vjq1bo02tbz,2024-02-05T13:53:46Z,,"Slaughter Gang, LLC/Epic Records",0.625,0.733,2,-8.757,1,0.0488,0.00598,0.000983,0.375,0.244,172.09,4
spotify:track:393MDhe62s8hbH8ETrlxe5,USUM71025042,Mr. Rager,Man On The Moon II: The Legend Of Mr. Rager,Kid Cudi,2010-11-09,294226,76,false,dy3capua3h7iz6vjq1bo02tbz,2024-02-05T13:54:56Z,,Kid Cudi/Universal Records,0.671,0.726,7,-8.689,1,0.0272,0.389,0.882,0.14,0.581,102.002,4
spotify:track:6KfoDhO4XUWSbnyKjNp9c4,USUM71920712,Maniac,Kid Krow,Conan Gray,2020-03-20,185773,76,false,dy3capua3h7iz6vjq1bo02tbz,2024-02-05T13:57:22Z,,Republic Records,0.628,0.639,8,-5.46,1,0.0435,0.00162,0,0.354,0.493,108.045,4
spotify:track:0DHG4WJO9AeenSD1xHNG5J,GBBND9800395,Sing It Back - Herbert's Tasteful Dub,"All Back to the Mine: Vol, 1: A Collection of Remixes",Moloko;Matthew Herbert,2016-11-11,359263,44,false,dy3capua3h7iz6vjq1bo02tbz,2024-02-05T13:57:40Z,trip hop,Echo,0.924,0.772,6,-8.81,1,0.151,0.0609,0.394,0.266,0.904,123.425,4
spotify:track:2RSHsoi04658QL5xgQVov3,USUM71816161,Bad Liar,Origins (Deluxe),Imagine Dragons,2018-11-09,260773,83,false,dy3capua3h7iz6vjq1bo02tbz,2024-02-05T13:57:55Z,,Kid Ina Korner / Interscope,0.307,0.637,3,-6.993,1,0.0569,0.0732,0,0.368,0.0805,88.693,4
spotify:track:4AFsRbaLKRWo3dDtjDFA2V,USYAH1600102,Me and Your Mama,"""Awaken, My Love!""",Childish Gambino,2016-12-02,379226,4,false,dy3capua3h7iz6vjq1bo02tbz,2024-02-05T13:58:12Z,,Glassnote Entertainment Group LLC,0.545,0.442,5,-12.111,1,0.0352,0.0104,0.0271,0.0664,0.242,118.073,3
spotify:track:0e0JshRej2NwT7jahEmv52,QM24S2203182,ROLLING STONE,WASTELAND,Brent Faiyaz,2022-07-08,162006,71,true,dy3capua3h7iz6vjq1bo02tbz,2024-02-05T13:58:31Z,r&b,"Lost Kids LLC., Marketed by Venice / Stem",0.462,0.273,11,-11.768,0,0.0622,0.903,0.0000371,0.101,0.334,141.33,3
spotify:track:526fD9LiAEi3KKvhhYfWmm,USUM72301661,What You Wanna Try,Masego,Masego,2023-03-03,159242,69,false,dy3capua3h7iz6vjq1bo02tbz,2024-02-05T13:58:45Z,,EQT Recordings/Capitol Records,0.842,0.603,2,-5.392,1,0.0993,0.0671,0.0000791,0.0869,0.507,99.035,4
spotify:track:6l8mgVN9Xf1hiDIFGA6CTE,USSM12303495,AMERICA HAS A PROBLEM (feat. Kendrick Lamar),AMERICA HAS A PROBLEM (feat. Kendrick Lamar),Beyoncé;Kendrick Lamar,2023-05-19,260962,62,true,dy3capua3h7iz6vjq1bo02tbz,2024-02-05T13:58:59Z,"hip hop,west coast hip hop",Parkwood Entertainment/Columbia,0.784,0.7,1,-5.289,1,0.0396,0.0112,0.0000176,0.163,0.204,126.015,4
spotify:track:4yVEpUXxYgBwfSOKGTFxv5,USUM71820530,REEL IT IN (feat. Gucci Mane) - Remix,REEL IT IN,Aminé;Gucci Mane,2018-11-20,166960,46,true,dy3capua3h7iz6vjq1bo02tbz,2024-02-05T13:59:12Z,"southern hip hop,rap,trap",Republic Records,0.779,0.355,10,-8.971,0,0.0789,0.0624,0,0.159,0.362,128.805,4
spotify:track:0e8nrvls4Qqv5Rfa2UhqmO,USSM12105732,THATS WHAT I WANT,MONTERO,Lil Nas X,2021-09-17,143901,76,true,dy3capua3h7iz6vjq1bo02tbz,2024-02-05T14:04:46Z,,Columbia,0.737,0.846,1,-4.51,0,0.22,0.00614,0,0.0486,0.546,87.981,4
spotify:track:2DgdHcjWmO3qd50RzuBLgZ,USAT21503701,House of Memories,Death of a Bachelor,Panic! At The Disco,2016-01-15,208706,83,false,dy3capua3h7iz6vjq1bo02tbz,2024-02-06T06:21:04Z,emo,Decaydance/Fueled By Ramen,0.506,0.817,11,-5.051,0,0.0335,0.00272,0,0.0486,0.506,109.952,4
spotify:track:4LPNkxES0zCGn6S2Y1vmJN,USAT22204901,Last Last,"Love, Damini",Burna Boy,2022-07-07,172342,68,false,dy3capua3h7iz6vjq1bo02tbz,2024-02-14T16:55:30Z,"afrobeats,afrobeat,afropop,dancehall,afroswing,afropiano",Spaceship Entertainment Ltd.,0.812,0.563,3,-4.455,0,0.0887,0.143,0,0.0833,0.54,87.979,4
spotify:track:35PKfoynRpVFoAUE3D5Kc6,IEACJ1400146,Work Song,Hozier,Hozier,2014-09-19,229715,76,false,dy3capua3h7iz6vjq1bo02tbz,2024-02-14T17:04:11Z,,Universal-Island Records Ltd.,0.433,0.388,10,-7.687,1,0.0998,0.776,0,0.112,0.262,177.234,3
spotify:track:2e3Ea0o24lReQFR4FA7yXH,USQX91402601,Love Yourz,2014 Forest Hills Drive,J. Cole,2014-12-09,211496,78,true,dy3capua3h7iz6vjq1bo02tbz,2024-02-15T04:50:35Z,rap,Roc Nation Records LLC,0.677,0.638,8,-8.631,1,0.333,0.589,0,0.193,0.435,82.81,4
spotify:track:41rOnZXVg3cLacziEBgkpW,AUDCB1701045,Devil in Me (feat. Joe Killington & Duane Harden),Soulmatic,Purple Disco Machine;Joe Killington;Duane Harden,2017-10-20,199360,56,false,dy3capua3h7iz6vjq1bo02tbz,2024-02-16T13:15:40Z,"disco house,nu disco,funky house,house,future house",Columbia Local,0.808,0.665,9,-6.273,1,0.0523,0.0403,0,0.336,0.633,119.987,4
spotify:track:71MzcOebEC5KoWBbzvFPkj,QZ7XS2400006,HOODRAT,VULTURES 1,Kanye West;Ty Dolla $ign,2024-02-09,222982,0,true,dy3capua3h7iz6vjq1bo02tbz,2024-02-17T05:13:10Z,"rap,trap soul",YZY,0.538,0.514,11,-6.568,0,0.0348,0.0631,0,0.172,0.248,87.719,4
spotify:track:4YSa8VQxjzsski1DOsvkHH,QZ7XS2400007,DO IT,VULTURES 1,Kanye West;Ty Dolla $ign,2024-02-09,225000,1,true,dy3capua3h7iz6vjq1bo02tbz,2024-02-17T05:15:42Z,"rap,trap soul",YZY,0.83,0.69,1,-5.87,1,0.0831,0.188,0,0.0795,0.622,107.016,4
spotify:track:1bFgMkoazsyZGSflpCzYm6,USSD12100745,Pepas - Tiësto Remix,Pepas (Tiësto Remix),Farruko;Tiësto,2021-09-29,223384,67,true,dy3capua3h7iz6vjq1bo02tbz,2024-02-24T17:40:01Z,"reggaeton,trap latino,edm,trance,big room",Sony Music Latin,0.769,0.688,7,-4.378,1,0.0501,0.00215,0.107,0.088,0.387,130.026,4
spotify:track:5fwSHlTEWpluwOM0Sxnh5k,USSD12100307,Pepas,Pepas,Farruko,2021-06-24,287120,80,true,dy3capua3h7iz6vjq1bo02tbz,2024-02-24T17:40:12Z,"reggaeton,trap latino",Sony Music Latin,0.762,0.766,7,-3.955,1,0.0343,0.00776,0.0000698,0.128,0.442,130.001,4
spotify:track:6nYJWAPKIJfXIKtiYc4P4O,DEUM72208091,Big Jet Plane,Big Jet Plane,Restricted,2022-12-09,150000,66,false,dy3capua3h7iz6vjq1bo02tbz,2024-02-24T17:41:10Z,"hard techno,techno,hypertechno,hardcore techno",Island Germany,0.701,0.477,1,-12.008,1,0.0429,0.166,0.554,0.147,0.174,140.05,4
spotify:track:0Fyj9w0HVfjoxm9S8nGClt,GBAHT8802584,Orinoco Flow,"Themes From ""Calmi Cuori Appassionati""",Enya,2001,266226,65,false,dy3capua3h7iz6vjq1bo02tbz,2024-02-25T07:50:18Z,"new age,celtic",WM UK,0.682,0.44,0,-12.117,1,0.028,0.651,0.0439,0.116,0.533,114.985,4
spotify:track:6HgWWaMu31KdOpEG5l28BG,USQX92302957,All My Life (feat. J. Cole),All My Life (feat. J. Cole),Lil Durk;J. Cole,2023-05-12,223878,73,true,dy3capua3h7iz6vjq1bo02tbz,2024-02-29T05:31:05Z,"chicago drill,drill,rap",Alamo,0.787,0.57,3,-5.881,1,0.225,0.0449,0,0.135,0.733,142.974,4
spotify:track:6vyM1yoPhhdezAcW8CmCJq,USQX92305587,All My Life (Burna Boy Remix),All My Life (Remixes) (feat. Burna Boy),Lil Durk;Burna Boy;J. Cole,2023-10-13,264179,53,true,dy3capua3h7iz6vjq1bo02tbz,2024-02-29T05:31:19Z,"chicago drill,drill,afrobeats,afrobeat,afropop,dancehall,afroswing,afropiano,rap",Alamo,0.787,0.601,3,-5.892,1,0.226,0.071,0,0.139,0.698,142.945,4
spotify:track:1VN42HeOD624v0M92a4XvI,ZAZ161300016,Don't Wanna Be (Your Friend),Perspective,Euphonik;Mi Casa,2018-04-20,400544,44,false,dy3capua3h7iz6vjq1bo02tbz,2024-03-02T08:44:02Z,deep house,Eunite Records,0.934,0.486,4,-6.648,0,0.0673,0.0193,0.000517,0.0547,0.732,124.995,4
spotify:track:2dIiGOrFEcADygUXWSsbzb,QMUY41700060,Particula,Major Lazer Presents: Give Me Future (Music From & Inspired by the Film),Major Lazer;DJ Maphorisa;Nasty C;Ice Prince;Patoranking;Jidenna,2017-11-17,204654,51,false,dy3capua3h7iz6vjq1bo02tbz,2024-03-08T06:57:48Z,"moombahton,amapiano,private school piano,gqom,3 step,afropiano,bacardi,afrobeats,afropop,afrobeat,azonto,hiplife,bongo flava,dancehall",Third Pardee Records,0.678,0.735,8,-4.725,1,0.0488,0.0265,0.0000219,0.235,0.386,100.002,4
spotify:track:3pm1X3oQBKQ4vcp3i9PWRg,GBAAA1200932,Things We Lost In The Fire,Bad Blood,Bastille,2013-01-01,240746,62,false,dy3capua3h7iz6vjq1bo02tbz,2024-04-02T04:50:35Z,,Virgin Records,0.587,0.918,4,-4.878,0,0.0581,0.0636,0,0.267,0.629,134.055,4
spotify:track:3ZuiIFm9nRnkRz8AZAekjJ,USUM71022782,Rocketeer,Free Wired,Far East Movement;Ryan Tedder;Ruff Loaderz,2010-01-01,211253,72,false,dy3capua3h7iz6vjq1bo02tbz,2024-04-09T04:07:35Z,,Interscope,0.664,0.845,4,-6.115,0,0.0462,0.181,0,0.267,0.357,96.005,4
spotify:track:5hUYsaOyMY32yjRXeuQwGj,USCM51100327,Mirror,Tha Carter IV (Complete Edition),Lil Wayne;Bruno Mars,2011-08-29,228093,78,true,dy3capua3h7iz6vjq1bo02tbz,2024-04-12T16:38:45Z,"rap,hip hop",CM/Republic,0.328,0.622,5,-7.291,0,0.0866,0.858,0,0.104,0.401,74.267,4
spotify:track:6glsMWIMIxQ4BedzLqGVi4,USLF20000433,"So Fresh, So Clean",Stankonia,Outkast,2000-10-31,240026,79,true,dy3capua3h7iz6vjq1bo02tbz,2024-04-12T19:55:46Z,"southern hip hop,hip hop",Arista/LaFace Records,0.725,0.64,5,-7.905,0,0.332,0.0281,0,0.099,0.915,166.028,3
spotify:track:5iqrbO0fhuLMiy9tYGanv6,USX9P1342803,C'est La Vie,C'est La Vie,Khaled,2012-05-17,225751,12,false,dy3capua3h7iz6vjq1bo02tbz,2024-04-20T23:01:59Z,raï,Cz Sounds Rec.,0.616,0.933,0,-3.762,0,0.0513,0.0259,0,0.359,0.806,129.952,4
spotify:track:2cPgl2d9IPeNB8794NftZT,USWB12401529,savior,savior,sombr,2024-04-19,180626,68,false,dy3capua3h7iz6vjq1bo02tbz,2024-04-21T20:08:48Z,,Warner Records,0.418,0.54,8,-5.713,0,0.0298,0.188,0.000411,0.105,0.219,102.988,4
spotify:track:3pI3nzi2Y0Iyj1nATDOeQV,USUM72306015,Mourning,AUSTIN,Post Malone,2023-07-28,147819,67,true,dy3capua3h7iz6vjq1bo02tbz,2024-04-21T20:20:14Z,,Mercury Records/Republic Records,0.598,0.655,9,-4.568,1,0.0316,0.0849,0,0.284,0.242,74.013,4
spotify:track:6cy83P2limyzaFSl3OoQe0,QM5FT1500001,"Towards The Sun - From The ""Home"" Soundtrack",Home (Original Motion Picture Soundtrack),Rihanna,2015-03-23,273293,68,false,dy3capua3h7iz6vjq1bo02tbz,2024-04-23T21:11:06Z,,"Roc Nation / Home"" Soundtrack""",0.266,0.689,4,-6.207,0,0.0389,0.0531,0,0.152,0.264,170.17,4
spotify:track:6HZILIRieu8S0iqY8kIKhj,USUM71703079,DNA.,DAMN.,Kendrick Lamar,2017-04-14,185946,80,true,dy3capua3h7iz6vjq1bo02tbz,2024-04-29T18:16:16Z,"hip hop,west coast hip hop",Aftermath,0.638,0.523,1,-6.664,1,0.357,0.00454,0,0.0842,0.422,139.913,4
spotify:track:1DoECePnMuLtpLQSCZqwtK,USSM12002275,ill come back to you (feat. Sarcastic Sounds & Rxseboy),poems of the past,Powfu;Sarcastic Sounds;Rxseboy,2020-05-29,134881,54,false,dy3capua3h7iz6vjq1bo02tbz,2024-05-01T18:47:49Z,lo-fi,Columbia,0.652,0.483,8,-9.964,0,0.291,0.658,0,0.393,0.372,75.987,4
spotify:track:0M9ydKzuF3oZTfYYPfaGX1,QMCE31600796,Bad and Boujee (feat. Lil Uzi Vert),Culture,Migos;Lil Uzi Vert,2017-01-27,343150,77,true,dy3capua3h7iz6vjq1bo02tbz,2024-05-04T18:01:54Z,"trap,melodic rap,rage rap",Quality Control Music,0.926,0.666,11,-5.314,1,0.244,0.0611,0,0.123,0.168,127.079,4
spotify:track:3z4CGd63tpUn9a6oQSG0CI,GBUM71900578,Location (feat. Burna Boy),PSYCHODRAMA,Dave;Burna Boy,2019-03-08,241293,10,true,dy3capua3h7iz6vjq1bo02tbz,2024-05-17T22:34:54Z,"grime,uk grime,uk drill,drill,afrobeats,afrobeat,afropop,dancehall,afroswing,afropiano",Neighbourhood [GB] / Dave,0.812,0.496,9,-5.969,0,0.297,0.271,0,0.0955,0.55,109.979,4
spotify:track:6AI3ezQ4o3HUoP6Dhudph3,USUG12400910,Not Like Us,Not Like Us,Kendrick Lamar,2024-05-04,274192,87,true,dy3capua3h7iz6vjq1bo02tbz,2024-05-18T07:40:36Z,"hip hop,west coast hip hop","Kendrick Lamar, under exclusive license to Interscope Records",0.898,0.472,1,-7.001,1,0.0776,0.0107,0,0.141,0.214,101.061,4
spotify:track:6I3mqTwhRpn34SLVafSH7G,USUM72102635,Ghost,Justice,Justin Bieber,2021-03-19,153190,86,false,dy3capua3h7iz6vjq1bo02tbz,2024-05-18T22:04:51Z,,RBMG/Def Jam,0.601,0.741,2,-5.569,1,0.0478,0.185,0.0000291,0.415,0.441,153.96,4
spotify:track:4L7jMAP8UcIe309yQmkdcO,USUM71207186,Lost,channel ORANGE (Explicit Version),Frank Ocean,2012-07-10,234093,2,true,dy3capua3h7iz6vjq1bo02tbz,2024-05-18T22:19:39Z,,Red Zone Entertainment / IDJ,0.913,0.603,8,-4.892,1,0.226,0.0272,0.000503,0.167,0.497,123.061,4
spotify:track:77DRzu7ERs0TX3roZcre7Q,USUG12402839,euphoria,euphoria,Kendrick Lamar,2024-04-30,383639,75,true,dy3capua3h7iz6vjq1bo02tbz,2024-05-20T15:44:15Z,"hip hop,west coast hip hop","Kendrick Lamar, under exclusive license to Interscope Records",0.831,0.643,1,-5.002,1,0.11,0.046,0,0.084,0.142,139.948,4
spotify:track:32OPMmonmxk7lLIvuKXZAz,USAT21810702,The Hype,The Hype (Berlin),Twenty One Pilots,2019-10-16,265374,35,false,dy3capua3h7iz6vjq1bo02tbz,2024-05-21T10:25:46Z,,Fueled By Ramen,0.529,0.808,9,-6.14,1,0.047,0.0114,0.000304,0.37,0.394,87.042,4
spotify:track:7FmYsUZbqvwzmmjhI7jBGf,ZAUM71801343,Waiting,Waiting,Majozi,2018-05-18,223921,13,false,dy3capua3h7iz6vjq1bo02tbz,2024-05-21T10:25:46Z,folk pop,Universal Music (Pty) Ltd.,0.708,0.718,0,-5.672,1,0.0541,0.0929,0.00000565,0.0936,0.606,94.971,4
spotify:track:40ZN3DCKsiw41kRO7JxoNZ,QMCE31801810,I Love It,I Love It,Cheat Codes;DVBBS,2018-05-18,163000,36,false,dy3capua3h7iz6vjq1bo02tbz,2024-05-21T10:25:46Z,"edm,big room,slap house,electronica",300 Entertainment,0.604,0.748,8,-5.343,1,0.0849,0.0021,0,0.083,0.52,120.178,4
spotify:track:4ZvPr92ZFwGV3NXV0BuN4N,USUM71710835,Paranoid,beerbongs & bentleys,Post Malone,2018-04-27,221786,33,false,dy3capua3h7iz6vjq1bo02tbz,2024-05-21T10:25:46Z,,Republic Records,0.62,0.535,0,-5.428,1,0.0775,0.038,0.0000246,0.167,0.25,159.872,4
spotify:track:55V5hmH3quPDi1RR5A1IkF,USUM71805175,Jonestown (Interlude),beerbongs & bentleys,Post Malone,2018-04-27,112013,25,false,dy3capua3h7iz6vjq1bo02tbz,2024-05-21T10:25:46Z,,Republic Records,0.361,0.454,0,-10.271,1,0.0357,0.755,0.623,0.263,0.294,77.982,4
spotify:track:29zBeRiLVnkDEj7tvmLVOU,USRC11801868,Fall In Line (feat. Demi Lovato),Liberation,Christina Aguilera;Demi Lovato,2018-06-15,246602,49,false,dy3capua3h7iz6vjq1bo02tbz,2024-05-21T10:25:46Z,,RCA Records Label,0.39,0.631,9,-4.701,0,0.0769,0.209,0,0.277,0.197,123.042,3
spotify:track:6dbSBQXCctYSVryynHXaZ4,QMRSZ1800280,Freaky Friday (feat. Chris Brown),Freaky Friday (feat. Chris Brown),Lil Dicky;Chris Brown,2018-03-16,216631,74,true,dy3capua3h7iz6vjq1bo02tbz,2024-05-21T10:25:46Z,r&b,Commission/BMG,0.755,0.599,8,-5.042,1,0.224,0.147,0,0.109,0.755,133.123,4
spotify:track:77UjLW8j5UAGAGVGhR5oUK,USUM71800001,Pray For Me (with Kendrick Lamar),Black Panther The Album Music From And Inspired By,The Weeknd;Kendrick Lamar,2018-02-09,211440,69,true,dy3capua3h7iz6vjq1bo02tbz,2024-05-21T10:25:46Z,"hip hop,west coast hip hop",Black Panther (TDE/DMG) PS,0.735,0.677,2,-4.979,1,0.0932,0.0756,0.0000217,0.111,0.187,100.563,4
spotify:track:2fCUI41zhGk9isZnOMfxSP,NLF711710457,Body,Body,Loud Luxury;Brando,2018-03-02,163216,3,false,dy3capua3h7iz6vjq1bo02tbz,2024-05-21T10:25:46Z,,All Around The World,0.752,0.764,1,-4.399,1,0.0379,0.0476,0.000095,0.0543,0.583,121.958,4
spotify:track:0OlnLZY4cmQzT6ZGttvWBM,NLM5S1600075,So Far Away (feat. Jamie Scott & Romy Dya),So Far Away (feat. Jamie Scott & Romy Dya),Martin Garrix;David Guetta;Jamie Scott;Romy Dya,2017-12-01,183636,64,false,dy3capua3h7iz6vjq1bo02tbz,2024-05-21T10:25:46Z,"edm,progressive house,electronica",Epic Amsterdam,0.526,0.52,6,-7.985,0,0.0569,0.435,0,0.197,0.13,149.119,4
spotify:track:2yUq0wCW8j2JYwkWcd5GyJ,GBAYE1705007,Slow (feat. Noah Cyrus),Slow (feat. Noah Cyrus),Matoma;Noah Cyrus,2017-11-17,200409,31,false,dy3capua3h7iz6vjq1bo02tbz,2024-05-21T10:25:46Z,tropical house,FFRR,0.5,0.639,6,-5.449,1,0.045,0.0435,0.0000692,0.176,0.291,138.435,4
spotify:track:1n2pbq6IAAtM6zfyfUgYg7,AUCN31710251,Been Meaning to Tell You,Been Meaning to Tell You,Starley,2017-10-27,198299,8,false,dy3capua3h7iz6vjq1bo02tbz,2024-05-21T10:25:46Z,,Tinted Records,0.729,0.672,11,-5.378,0,0.0392,0.488,0,0.0929,0.766,117.974,4
spotify:track:4lxlbCDntNIJyZSqgV0mzz,USAT21704829,"Home (with Machine Gun Kelly, X Ambassadors & Bebe Rexha)",Bright: The Album,mgk;X Ambassadors;Bebe Rexha,2017-12-15,202804,38,false,dy3capua3h7iz6vjq1bo02tbz,2024-05-21T10:25:46Z,,Atlantic Records,0.653,0.718,3,-5.232,0,0.213,0.00413,0,0.0537,0.216,82.034,4
spotify:track:3CWuU5kIw8zsWJTcgreUwl,GBUM71705774,Strangers,Sucker Punch,Sigrid,2019-03-08,233725,58,false,dy3capua3h7iz6vjq1bo02tbz,2024-05-21T10:25:46Z,norwegian pop,Universal-Island Records Ltd.,0.758,0.718,4,-6.13,0,0.0385,0.00546,0.00107,0.0781,0.127,115.041,4
spotify:track:2bS6gSbhwU0tQmgGYQVRqG,ZAP541100089,Rising Sun,Late Night People,GoldFish;Pontifexx;Gustavo Breton,2017-10-06,184426,9,false,dy3capua3h7iz6vjq1bo02tbz,2024-05-21T10:25:46Z,"electro swing,brazilian bass",RCA Records Label,0.657,0.684,11,-7.061,0,0.044,0.0394,0,0.148,0.535,121.987,4
spotify:track:5QlzAsY94Z53wi2ygJfB1y,NOUM71700386,Karl Johan,Karl Johan,Morgan Sulele;Antonio D,2017-10-13,196386,26,false,dy3capua3h7iz6vjq1bo02tbz,2024-05-21T10:25:46Z,"norwegian pop,russelåter,reggae",Virgin Music Label And Artist Services,0.736,0.559,4,-6.269,1,0.0348,0.177,0,0.199,0.523,104.997,4
spotify:track:4vWsHFsv47QgBmUv78x2f3,SEWLR1703501,Only Human,Feelings,Joakim Lundell;Sophie Elise,2018-07-06,190335,37,false,dy3capua3h7iz6vjq1bo02tbz,2024-05-21T10:25:46Z,tropical house,Ninetone,0.531,0.538,0,-8.735,1,0.0567,0.244,0,0.108,0.167,81.858,4
spotify:track:1Qj9sq4jRuRRNA5Lyy4QxB,QZ5FN1760005,Forsaken,Forsaken,James Mercy,2017-10-28,238445,10,false,dy3capua3h7iz6vjq1bo02tbz,2024-05-21T10:25:46Z,,James Mercy,0.334,0.795,7,-4.725,0,0.0468,0.00113,0.925,0.31,0.122,149.994,4
spotify:track:33wVdvKfArYe5vHdKI0QKa,QM42K1502962,Scary Hour,Scary Hour,Omar Varela,2017-10-30,144174,17,false,dy3capua3h7iz6vjq1bo02tbz,2024-05-21T10:25:46Z,"argentine trap,rkt,turreo,trap",MUEVA,0.276,0.575,5,-8.363,1,0.0799,0.00295,0.00217,0.216,0.036,219.281,3
spotify:track:2XhPAlsieRfDu4ubphouqj,QZ22B1847494,Voluto 2,Rebirth,AeronMusic,2017-10-24,220044,5,false,dy3capua3h7iz6vjq1bo02tbz,2024-05-21T10:25:46Z,dubstep,AeronMusic,0.397,0.897,8,-4.726,0,0.0612,0.0863,0.0000489,0.0916,0.223,119.86,3
spotify:track:09wVPZpbAn2DT12tfrzk5l,GBKPL1790325,Say That Again,Say That Again,Eden xo;Travis Mills,2017-11-03,193412,2,false,dy3capua3h7iz6vjq1bo02tbz,2024-05-21T10:25:46Z,,drips gold,0.731,0.772,0,-4.218,0,0.0578,0.0331,0,0.251,0.684,96.028,4
spotify:track:0Zbbxnx4SGGHoIow4PpISP,SEBGA1700242,Stargazing,Stargazing - EP,Kygo;Justin Jesso,2017-09-21,236853,65,false,dy3capua3h7iz6vjq1bo02tbz,2024-05-21T10:25:46Z,tropical house,Kygo,0.677,0.497,5,-5.763,1,0.0809,0.152,0,0.0911,0.419,99.137,4
spotify:track:2KwojFDebQV4J2b0JMRR5Q,USWL11700229,Is That For Me,Is That For Me,Alesso;Anitta,2017-10-13,169269,49,false,dy3capua3h7iz6vjq1bo02tbz,2024-05-21T10:25:46Z,"edm,brazilian pop,funk pop,brazilian funk,funk carioca",WEA Latina,0.761,0.784,8,-5.501,1,0.0509,0.229,0.207,0.0573,0.567,104.992,4
spotify:track:3akK9yI6CIMKB2V9eQWRGc,NOUM71700454,Cruel World,Cruel World,Seeb;Skip Marley,2017-11-10,205531,44,false,dy3capua3h7iz6vjq1bo02tbz,2024-05-21T10:25:46Z,"tropical house,reggae",Universal Music AS,0.434,0.854,1,-3.712,0,0.054,0.161,0,0.223,0.442,93.942,4
spotify:track:3Z8MtqXPuviYvYpJHUR3PJ,TCACN1617552,Samurai,Samurai,Deaf Kev,2016-03-25,335662,0,false,dy3capua3h7iz6vjq1bo02tbz,2024-05-21T10:25:46Z,,JompaMusic Records,0.51,0.802,6,-5.28,0,0.249,0.0208,0.000774,0.103,0.164,200.009,4
spotify:track:4mIDiO3YkbRedskD4m0Onl,GBAHS1701011,I Miss You (feat. Julia Michaels),I Miss You (feat. Julia Michaels),Clean Bandit;Julia Michaels,2017-10-27,205747,33,false,dy3capua3h7iz6vjq1bo02tbz,2024-05-21T10:25:46Z,,Atlantic Records UK,0.638,0.658,3,-6.318,1,0.0456,0.245,0.00000377,0.0919,0.33,105.076,4
spotify:track:45HAjqRWiNv6mMPw4NvZrU,USWB11701415,Come Together,Come Together,Gary Clark Jr.;Junkie XL,2017-09-08,193714,62,false,dy3capua3h7iz6vjq1bo02tbz,2024-05-21T10:25:46Z,"modern blues,blues rock,soul blues,big beat,score,soundtrack",Warner Records,0.447,0.788,2,-4.994,0,0.0464,0.00257,0.0000168,0.0744,0.505,80.04,4
spotify:track:16QN8cBubEq706vNtPpOME,USAT21703569,Love So Soft,Meaning of Life,Kelly Clarkson,2017-10-27,172426,54,false,dy3capua3h7iz6vjq1bo02tbz,2024-05-21T10:25:46Z,christmas,Atlantic Records,0.808,0.581,11,-5.43,1,0.07,0.0053,0.0000119,0.0828,0.758,130.012,4
spotify:track:5AqkbQyWOnIEmzRIT2fRu3,ZAUM71701766,Smother,Restless,Craig Lucas,2017-09-27,210946,21,false,dy3capua3h7iz6vjq1bo02tbz,2024-05-21T10:25:46Z,,Universal Music (Pty) Ltd.,0.755,0.47,6,-6.898,0,0.0331,0.336,0,0.0926,0.432,97.489,3
spotify:track:2DGa7iaidT5s0qnINlwMjJ,NOG841713010,The Spectre,The Spectre,Alan Walker,2017-09-15,193787,74,false,dy3capua3h7iz6vjq1bo02tbz,2024-05-21T10:25:46Z,,Kreatell Music,0.654,0.711,1,-7.437,0,0.0383,0.0214,0.00191,0.0903,0.198,127.957,4
spotify:track:1bbTELEiHqZVg0PlgKzaMV,GBUM71704089,Too Good At Goodbyes,The Thrill Of It All,Sam Smith,2017-11-03,201000,36,false,dy3capua3h7iz6vjq1bo02tbz,2024-05-21T10:25:46Z,soft pop,PLG - Capitol,0.715,0.372,5,-8.237,1,0.0443,0.638,0,0.169,0.474,91.931,4
spotify:track:2QWP8NYYplOqEFBYGCcq0S,GBARL1701268,Rain,Freedom Child,The Script,2017-09-01,209346,58,true,dy3capua3h7iz6vjq1bo02tbz,2024-05-21T10:25:46Z,,Columbia,0.689,0.586,6,-7.61,1,0.107,0.241,0,0.356,0.611,93.02,4
spotify:track:0GxQ1A5L9xnMOytbP6eKBG,USUM71709292,What Lovers Do (feat. SZA),Red Pill Blues (Deluxe),Maroon 5;SZA,2018-06-15,199849,75,false,dy3capua3h7iz6vjq1bo02tbz,2024-05-21T10:25:46Z,"pop,r&b",Interscope Records*,0.8,0.598,5,-5.131,0,0.0617,0.0798,0.00000547,0.1,0.422,109.998,4
spotify:track:0DkXTBdQwmNB4vSKy6d2aN,ZA87D1700001,Suited,Suited,Shekhinah,2017-07-14,232862,34,true,dy3capua3h7iz6vjq1bo02tbz,2024-05-21T10:25:46Z,"afropop,afro soul,afro r&b",Columbia,0.582,0.707,4,-4.064,1,0.0923,0.0308,0,0.511,0.206,99.969,4
spotify:track:1DoK3CdipMjplLk5LXUdcp,FR22F1702140,Mi Gente (feat. Beyoncé),Mi Gente (feat. Beyoncé),J Balvin;Willy William;Beyoncé,2017-09-28,209733,62,false,dy3capua3h7iz6vjq1bo02tbz,2024-05-21T10:25:46Z,"reggaeton,latin",Mi Gente Remix,0.759,0.716,11,-6.36,0,0.0818,0.0223,0,0.231,0.469,105.021,4
spotify:track:5X2W9asi3JtrkxAAe3TJhU,ZAUM71701060,I Said This,I Said This,Craig Lucas,2017-07-28,209767,4,false,dy3capua3h7iz6vjq1bo02tbz,2024-05-21T10:25:46Z,,Universal Music (Pty) Ltd.,0.643,0.575,0,-7.127,0,0.0662,0.139,0,0.0731,0.569,89.855,4
spotify:track:2kY1bCxkRIPz3qDgKAbQM6,NOG842211010,Spectre,Origins,Alan Walker,2022-06-03,230634,62,false,dy3capua3h7iz6vjq1bo02tbz,2024-05-21T10:25:46Z,,Kreatell Music,0.805,0.758,4,-4.819,1,0.0483,0.000875,0.335,0.125,0.423,127.95,4
spotify:track:1HqlcFPHc4INT94rVbLIFU,CHAAA1503358,Colorblind,KIKO,Panda Eyes,2015-10-16,289462,23,false,dy3capua3h7iz6vjq1bo02tbz,2024-05-21T10:25:46Z,"dubstep,drumstep,deathstep",Panda Eyes Records,0.42,0.873,5,-1.648,0,0.075,0.000033,0.802,0.133,0.313,112.126,4
spotify:track:781mmxfFlmw3ZRTrui37Ee,GBUM71701777,Mama,Summer Beach Vibes,Jonas Blue;William Singe,2018-05-14,182791,12,false,dy3capua3h7iz6vjq1bo02tbz,2024-05-21T10:25:46Z,tropical house,"UMG Recordings, Inc.",0.736,0.796,11,-4.101,0,0.0418,0.102,0,0.0385,0.54,104.005,4
spotify:track:2d48mamATjby7wgPjdrSOQ,USLXJ1707356,Craving You,Life Changes,Thomas Rhett;Maren Morris,2017-09-08,223626,64,false,dy3capua3h7iz6vjq1bo02tbz,2024-05-21T10:25:46Z,"country,acoustic country,pop country",The Valory Music Co.,0.613,0.84,9,-3.799,0,0.0352,0.00083,0,0.341,0.527,104.975,4
spotify:track:5P0qKugL0MJpmqKGZo6UO7,GBARL1700655,Unpredictable,You Know I Know (Expanded Edition),Olly Murs;Louisa Johnson,2018-11-09,199586,45,false,dy3capua3h7iz6vjq1bo02tbz,2024-05-21T10:25:46Z,,RCA Records Label,0.628,0.746,1,-4.338,1,0.0411,0.0574,0,0.102,0.471,103.959,4
spotify:track:7rBJG1BewE3VE7NRbrOhFj,USHR11637199,yes girl,yes girl,Bea Miller,2016-05-20,231390,46,false,dy3capua3h7iz6vjq1bo02tbz,2024-05-21T10:25:46Z,,Hollywood Records,0.549,0.729,5,-4.997,0,0.0318,0.0618,0,0.193,0.241,98.933,4
spotify:track:1ue7zm5TVVvmoQV8lK6K2H,QMCE31600748,Pretty Girl,Pretty Girl,Maggie Lindemann,2016-09-30,219428,65,true,dy3capua3h7iz6vjq1bo02tbz,2024-05-21T10:25:46Z,,300 Entertainment,0.456,0.764,10,-3.584,1,0.148,0.298,0,0.229,0.383,124.971,5
spotify:track:30TmLgK0ja5O8q9l4BShIX,USUM71602110,Everyday,Dangerous Woman,Ariana Grande;Future,2016-04-01,194840,78,true,dy3capua3h7iz6vjq1bo02tbz,2024-05-21T10:25:46Z,"pop,rap,trap",Universal Records,0.637,0.733,7,-4.413,0,0.0563,0.0149,0,0.162,0.431,131.004,4
spotify:track:1p9mCPuPV9FGa0jnJYk0IA,USUM71703598,Torches,Torches,X Ambassadors,2017-04-28,207373,50,false,dy3capua3h7iz6vjq1bo02tbz,2024-05-21T10:25:46Z,,Kid Ina Korner / Interscope,0.273,0.58,5,-6.015,0,0.0644,0.00633,0,0.165,0.441,181.338,3
spotify:track:0dj1CtyRxZ4bnIT4Q20jNT,USQX91700586,Wake Up Alone,Memories...Do Not Open,The Chainsmokers;Jhené Aiko,2017-04-07,215720,48,false,dy3capua3h7iz6vjq1bo02tbz,2024-05-21T10:25:46Z,r&b,Disruptor Records/Columbia,0.643,0.52,9,-5.968,0,0.0334,0.0102,0,0.11,0.23,75.168,4
spotify:track:1slSN76QEw0w2ZF0ZLDSxn,NOG841710010,Sky,EDC Las Vegas 2017,Alan Walker;Alex Skrindo,2017-06-09,203385,52,false,dy3capua3h7iz6vjq1bo02tbz,2024-05-21T10:25:46Z,,Insomniac Records,0.696,0.84,7,-5.196,0,0.0433,0.000202,0.801,0.159,0.177,130.026,4
spotify:track:32y9LSjv2Q49T3NnkETXCm,DEA621701135,OK,Uncovered,Robin Schulz;James Blunt,2017-09-29,189306,60,false,dy3capua3h7iz6vjq1bo02tbz,2024-05-21T10:25:46Z,tropical house,WM Germany,0.653,0.81,7,-6.032,0,0.0558,0.118,0,0.126,0.583,121.951,4
spotify:track:6jA8HL9i4QGzsj6fjoxp8Y,NLM5S1600060,There for You,There for You,Martin Garrix;Troye Sivan,2017-05-26,221904,67,false,dy3capua3h7iz6vjq1bo02tbz,2024-05-21T10:25:46Z,"edm,progressive house,electronica",Epic Amsterdam,0.611,0.644,6,-7.607,0,0.0553,0.124,0,0.124,0.13,105.969,4
spotify:track:1ZZBpYcE6uw4vsZwhXGv0e,USNLR1700370,To Be Human (feat. Labrinth),Wonder Woman (Original Motion Picture Soundtrack),Sia;Labrinth,2017-06-02,240960,49,false,dy3capua3h7iz6vjq1bo02tbz,2024-05-21T10:25:46Z,,WaterTower Music,0.437,0.562,0,-6.327,0,0.0403,0.162,0.0000164,0.0838,0.23,81.884,4
spotify:track:3b5Li4QKDVBx1x7fQuu54a,NOG841708010,Tired,Tired,Alan Walker;Gavin James,2017-05-19,192111,62,false,dy3capua3h7iz6vjq1bo02tbz,2024-05-21T10:25:46Z,,Kreatell Music,0.69,0.876,2,-4.159,1,0.059,0.0428,0,0.147,0.493,123.994,4
spotify:track:7bn6unu3BYN96dktpUi9ZB,GB2LD0901858,Rubik,Rubik,Electro-Light;Distrion,2015-01-27,213989,0,false,dy3capua3h7iz6vjq1bo02tbz,2024-05-21T10:25:46Z,,NCS,0.754,0.85,8,-4.757,0,0.0326,0.164,0.514,0.102,0.347,128.014,4
spotify:track:6vpge5f6zkcoGyOuTRpbv7,GB2LD0902109,Steeper,You / Steeper,Curbi;Ash O'Connor,2015-06-15,251836,0,false,dy3capua3h7iz6vjq1bo02tbz,2024-05-21T10:25:46Z,"future house,bass house",NCS,0.768,0.87,6,-6.213,0,0.0871,0.165,0.746,0.0547,0.46,123.979,4
spotify:track:0HmONWWIU1FXkwWLDpqrjl,NOG841549020,Faded - Instrumental,Faded,Alan Walker,2015-12-04,214013,52,false,dy3capua3h7iz6vjq1bo02tbz,2024-05-21T10:25:46Z,,Kreatell Music,0.75,0.617,6,-6.725,1,0.0318,0.00073,0.318,0.105,0.108,89.968,4
spotify:track:4jEFJciScnN2AVmUlxuuxW,GB2LD1700136,Link,Link,Jim Yosef,2017-05-20,224412,1,false,dy3capua3h7iz6vjq1bo02tbz,2024-05-21T10:25:46Z,,NCS,0.587,0.943,6,-3.862,1,0.0377,0.0321,0.926,0.267,0.177,99.987,3
spotify:track:5uxYTDNKEOxcrlWyuMNjaM,SEPQA0651310,DotA - Radio Edit,Now You're Gone - The Album,Basshunter,2008-01-15,200560,64,false,dy3capua3h7iz6vjq1bo02tbz,2024-05-21T10:25:46Z,"eurodance,europop",WM Sweden,0.46,0.962,0,-6.447,1,0.112,0.0084,0.00199,0.186,0.532,140.047,4
spotify:track:6ie2Bw3xLj2JcGowOlcMhb,NZUM71700063,Green Light,Melodrama,Lorde,2017-06-16,234652,78,false,dy3capua3h7iz6vjq1bo02tbz,2024-05-21T10:25:46Z,,Universal Music New Zealand Limited,0.594,0.721,2,-7.812,1,0.0957,0.0209,0.00000855,0.0879,0.253,128.942,4
spotify:track:05A853b8Q6k3GERQfQpvwm,USUS11700024,Love Me In The Dark (feat. Kaien Cruz),Unmasked,Sketchy Bongo;Kaien Cruz,2017-02-03,199575,32,false,dy3capua3h7iz6vjq1bo02tbz,2024-05-21T10:25:46Z,afro r&b,"Ultra Records, LLC",0.741,0.75,8,-4.912,1,0.118,0.0633,0.0000107,0.306,0.493,100,4
spotify:track:6uBhi9gBXWjanegOb2Phh0,USUM71700736,Stay,Stay,Zedd;Alessia Cara,2017-02-23,210090,81,false,dy3capua3h7iz6vjq1bo02tbz,2024-05-21T10:25:46Z,edm,UMGRI Interscope,0.69,0.622,5,-5.025,0,0.0622,0.253,0,0.116,0.544,102.04,4
spotify:track:5knuzwU65gJK7IF5yJsuaW,GBAHS1600363,Rockabye (feat. Sean Paul & Anne-Marie),Rockabye (feat. Sean Paul & Anne-Marie),Clean Bandit;Anne-Marie;Sean Paul,2016-10-21,251088,73,false,dy3capua3h7iz6vjq1bo02tbz,2024-05-21T10:25:46Z,dancehall,Atlantic Records UK,0.72,0.763,9,-4.068,0,0.0523,0.406,0,0.18,0.742,101.965,4
spotify:track:0yi180gAOIJhcRo7wY4Htl,USUG11601012,I Feel It Coming (feat. Daft Punk),Starboy (Deluxe),The Weeknd;Daft Punk,2023-03-14,269176,54,false,dy3capua3h7iz6vjq1bo02tbz,2024-05-21T10:25:46Z,"french house,electronic,electro",XO / Republic Records,0.774,0.787,0,-6.999,0,0.128,0.417,0,0.0766,0.568,92.979,4
spotify:track:0JiVRyTJcJnmlwCZ854K4p,NOG841617010,Alone,Alone,Alan Walker,2016-12-02,161200,63,false,dy3capua3h7iz6vjq1bo02tbz,2024-05-21T10:25:46Z,,Kreatell Music,0.676,0.929,10,-3.194,1,0.0458,0.186,0.000405,0.121,0.157,97.019,4
spotify:track:2Fjz5ZC5BvFdCqcnTZ3ilH,NOG841611010,Sing Me to Sleep,Sing Me to Sleep,Alan Walker,2016-06-03,189333,64,false,dy3capua3h7iz6vjq1bo02tbz,2024-05-21T10:25:46Z,,Kreatell Music,0.491,0.607,4,-6.333,0,0.0668,0.0125,0.00000152,0.289,0.166,176.112,4
spotify:track:3EmmCZoqpWOTY1g2GBwJoR,USUS11600503,Just Hold On,Just Hold On,Steve Aoki;Louis Tomlinson,2016-12-10,198774,58,false,dy3capua3h7iz6vjq1bo02tbz,2024-05-21T10:25:46Z,"electro house,edm","Ultra Records, LLC",0.647,0.932,11,-3.515,1,0.0824,0.00383,0.0000015,0.0574,0.374,114.991,4
spotify:track:1cG0umU5TKStygKsPFZ9pY,DEA621602181,Shed a Light,Shed a Light,Robin Schulz;David Guetta;Cheat Codes,2016-11-25,191379,56,false,dy3capua3h7iz6vjq1bo02tbz,2024-05-21T10:25:46Z,"tropical house,edm",Tonspiel,0.483,0.787,8,-5.244,1,0.102,0.112,0,0.257,0.58,122.058,4
spotify:track:1ehPJRt49h6N0LoryqKZXq,USWD11677601,How Far I'll Go - Alessia Cara Version,Moana (Original Motion Picture Soundtrack/Deluxe Edition),Alessia Cara;Disney,2016-11-18,175506,64,false,dy3capua3h7iz6vjq1bo02tbz,2024-05-21T10:25:46Z,,Walt Disney Records,0.31,0.54,9,-9.629,1,0.346,0.163,0.000129,0.0713,0.148,180.994,4
spotify:track:3tIzL415rkOF6K63nzCKcU,ZAI911600114,Your Eyes,Your Eyes,Black Coffee;Shekhinah,2016-09-23,250175,29,false,dy3capua3h7iz6vjq1bo02tbz,2024-05-21T10:25:46Z,"afro house,afro tech,house,afropop,afro soul,afro r&b",Universal Music (Pty) Ltd.,0.587,0.512,5,-9.927,0,0.0356,0.0209,0.00000899,0.112,0.273,101.953,4
spotify:track:46ydq5g3k17iLJs3qMDvO6,NOUM71600843,Hurts So Good,Astrid S,Astrid S,2016-05-20,208728,69,false,dy3capua3h7iz6vjq1bo02tbz,2024-05-21T10:25:46Z,norwegian pop,Universal Music AS,0.675,0.609,7,-5.027,0,0.0586,0.084,0,0.0957,0.378,120.039,4
spotify:track:42ydLwx4i5V49RXHOozJZq,USUM71506811,Scars To Your Beautiful,Know-It-All (Deluxe),Alessia Cara,2016-03-11,230226,73,false,dy3capua3h7iz6vjq1bo02tbz,2024-05-21T10:25:46Z,,"EP Entertainment, LLC / Def Jam",0.319,0.739,0,-5.74,1,0.272,0.0285,0,0.111,0.449,194.169,4
spotify:track:18czA2oW0H8OU4QwqN4ZLO,ZAC581600615,Run,Just Inspired,Matthew Mole,2016-12-02,195250,0,false,dy3capua3h7iz6vjq1bo02tbz,2024-05-21T10:25:46Z,christian folk,Just Music,0.837,0.537,1,-8.156,1,0.0388,0.658,0.0000991,0.398,0.534,107.005,4
spotify:track:4qqArAiTPueDxIp7cf87h7,GBARL1600463,Final Song,Final Song,MØ,2016-05-13,235826,64,false,dy3capua3h7iz6vjq1bo02tbz,2024-05-21T10:25:46Z,,Chess Club/RCA Victor,0.695,0.672,1,-6.109,0,0.0345,0.014,0.0000795,0.0756,0.245,104.988,4
spotify:track:3qaYuV5XZAwiOvGE91HhwS,SE3AA1600012,Inside the Lines (feat. Casso),Inside the Lines (feat. Casso),Mike Perry;Casso,2016-10-21,204503,49,false,dy3capua3h7iz6vjq1bo02tbz,2024-05-21T10:25:46Z,tropical house,DF Records,0.561,0.8,8,-4.576,1,0.0324,0.0709,0.000133,0.0934,0.399,96.989,4
spotify:track:0zMzyHAeMvwq5CRstru1Fp,USSM11506787,Lost Boy,Safe Haven,Ruth B.,2017-05-05,276066,72,false,dy3capua3h7iz6vjq1bo02tbz,2024-05-21T10:25:46Z,,Columbia,0.586,0.128,7,-9.297,1,0.0496,0.963,0,0.0858,0.371,123.498,4
spotify:track:5o3GnrcFtvkdf3zFznuSbA,USUM71609975,Don't Wanna Know (feat. Kendrick Lamar),Red Pill Blues (Deluxe),Maroon 5;Kendrick Lamar,2018-06-15,214265,74,false,dy3capua3h7iz6vjq1bo02tbz,2024-05-21T10:25:46Z,"pop,hip hop,west coast hip hop",Interscope Records*,0.783,0.611,7,-6.124,1,0.0695,0.343,0,0.0983,0.418,100.049,4
spotify:track:0AS63m1wHv9n4VVRizK6Hc,USUM71603531,Mercy,Illuminate (Deluxe),Shawn Mendes,2017-04-20,208733,85,false,dy3capua3h7iz6vjq1bo02tbz,2024-05-21T10:25:46Z,,Island Records,0.554,0.662,11,-4.957,0,0.0821,0.126,0,0.111,0.338,148.122,4
spotify:track:7gZQfdEQpmwAoPHSbEHzms,GBAYE1601052,False Alarm,False Alarm,Matoma;Becky Hill,2016-06-24,224271,51,false,dy3capua3h7iz6vjq1bo02tbz,2024-05-21T10:25:46Z,tropical house,FFRR/Big Beat,0.643,0.732,5,-6.762,0,0.0294,0.00681,0.0000457,0.0606,0.181,102.979,4
spotify:track:1Vb4HQnN2kZ5Y2KgYF5TDV,GBUM71604557,No Lie,No Lie,Sean Paul;Dua Lipa,2016-11-18,221176,60,false,dy3capua3h7iz6vjq1bo02tbz,2024-05-21T10:25:46Z,"dancehall,pop",Universal-Island Records Ltd.,0.742,0.882,7,-2.862,1,0.117,0.0466,0,0.206,0.463,102.04,4
spotify:track:3vZM2544ETmOCCHuBPZRzm,USAT21601930,Heathens,Suicide Squad: The Album,Twenty One Pilots,2016-08-05,195743,61,false,dy3capua3h7iz6vjq1bo02tbz,2024-05-21T10:25:46Z,,Atlantic Records,0.737,0.476,4,-5.825,0,0.0262,0.0908,0.0000539,0.0968,0.555,90.028,4
spotify:track:7qUJQSNX9QNf46CC6FgH66,USAT21601893,"Sucker for Pain (with Wiz Khalifa, Imagine Dragons, Logic & Ty Dolla $ign feat. X Ambassadors)",Suicide Squad: The Album,Lil Wayne;Wiz Khalifa;Imagine Dragons;X Ambassadors;Logic;Ty Dolla $ign,2016-08-05,243490,61,true,dy3capua3h7iz6vjq1bo02tbz,2024-05-21T10:25:46Z,"rap,hip hop,trap soul",Atlantic Records,0.502,0.786,9,-4.378,0,0.317,0.255,0,0.65,0.739,169.021,4
spotify:track:5dufyXMUg0L1B1Jm1236gY,TCACQ1697849,Duck Escape,Duck Escape,DJVI,2016-08-12,195675,13,false,dy3capua3h7iz6vjq1bo02tbz,2024-05-21T10:25:46Z,,Sound Ward,0.649,0.895,3,-7.046,0,0.0794,0.0174,0.608,0.0645,0.445,74.999,4
spotify:track:2BOqDYLOJBiMOXShCV1neZ,UK6KW1500205,Dancing On My Own,Only Human (Deluxe),Calum Scott,2018-03-09,260285,81,false,dy3capua3h7iz6vjq1bo02tbz,2024-05-21T10:25:46Z,soft pop,Capitol Records (US1A),0.681,0.174,1,-8.745,1,0.0315,0.837,0.0000335,0.0983,0.231,112.672,4
spotify:track:1ejq4bPmYNhITVsCGNnVv2,ZA34K1600030,Cold Shoulder,Taste The Weekend,Locnville;Sketchy Bongo,2016-06-17,230475,39,true,dy3capua3h7iz6vjq1bo02tbz,2024-05-21T10:25:46Z,,WM South Africa,0.585,0.756,5,-5.331,0,0.147,0.111,0.00315,0.0464,0.656,199.837,4
spotify:track:3KwwE4sgCzMaKWq6QBebmX,USSM11601177,Me Too,Thank You (Deluxe Version),Meghan Trainor,2017-05-12,181240,76,false,dy3capua3h7iz6vjq1bo02tbz,2024-05-21T10:25:46Z,,Epic,0.934,0.694,11,-5.849,0,0.101,0.0971,0.0000012,0.477,0.833,123.831,4
spotify:track:06KyNuuMOX1ROXRhj787tj,USAT21502909,We Don't Talk Anymore (feat. Selena Gomez),Nine Track Mind,Charlie Puth;Selena Gomez,2016-01-29,217706,81,false,dy3capua3h7iz6vjq1bo02tbz,2024-05-21T10:25:46Z,soft pop,Artist Partner,0.728,0.563,1,-8.053,0,0.134,0.621,0,0.179,0.352,100.017,4
spotify:track:0w75KG0DuLDi6tdHmEMovD,USQX91600011,Don't Let Me Down,Collage EP,The Chainsmokers;Daya,2016-11-04,208658,57,false,dy3capua3h7iz6vjq1bo02tbz,2024-05-21T12:38:06Z,,Disruptor Records/Columbia,0.534,0.868,11,-5.057,1,0.205,0.187,0.0032,0.148,0.406,159.763,4
spotify:track:6b3b7lILUJqXcp6w9wNQSm,USRC11600201,Cheap Thrills (feat. Sean Paul),Cheap Thrills (feat. Sean Paul),Sia;Sean Paul,2016-02-11,224813,72,false,dy3capua3h7iz6vjq1bo02tbz,2024-05-21T12:38:06Z,dancehall,Monkey Puzzle Records/RCA Records,0.592,0.8,6,-4.931,0,0.215,0.0561,0.00000201,0.0775,0.728,89.972,4
spotify:track:0l0CvurVUrr2w3Jj1hOVFc,USSM11600935,NO,Thank You (Deluxe Version),Meghan Trainor,2017-05-12,213506,81,false,dy3capua3h7iz6vjq1bo02tbz,2024-05-21T12:38:06Z,,Epic,0.557,0.803,1,-3.599,0,0.213,0.0124,0.00000161,0.737,0.657,92.134,4
spotify:track:7gHs73wELdeycvS48JfIos,NOG841549010,Faded,Faded,Alan Walker,2015-12-04,212626,76,false,dy3capua3h7iz6vjq1bo02tbz,2024-05-21T12:38:06Z,,Kreatell Music,0.589,0.651,6,-5.097,1,0.0306,0.0291,0.0000032,0.111,0.166,90.011,4
spotify:track:4vbnnHUBXm4VxlMqOtImZT,USUM71412696,Jealous,Nick Jonas,Nick Jonas,2014-11-10,223106,63,false,dy3capua3h7iz6vjq1bo02tbz,2024-05-21T12:38:06Z,,Safehouse Records / Island Records,0.696,0.703,11,-3.834,0,0.163,0.0127,0,0.472,0.347,93.011,4
spotify:track:2mCF8L0brIs88eH6Kf2h9p,GBUM71507621,Fast Car,Fast Car,Jonas Blue;Dakota,2015-12-04,212424,69,false,dy3capua3h7iz6vjq1bo02tbz,2024-05-21T12:38:06Z,tropical house,Positiva,0.644,0.57,9,-6.994,1,0.052,0.484,0,0.299,0.527,113.945,4
spotify:track:5AWaaV0WgLk8NVlxHd54Uw,USUS11600214,Let You Know,Unmasked,Sketchy Bongo;Shekhinah,2017-02-03,224775,45,false,dy3capua3h7iz6vjq1bo02tbz,2024-05-21T12:38:06Z,"afropop,afro soul,afro r&b","Ultra Records, LLC",0.568,0.773,5,-5.084,1,0.224,0.0541,0,0.156,0.347,100.148,4
spotify:track:02fZLz9BmmOKb5wkueM9D4,USUM71406030,If You Ever Want To Be In Love,Chaos And The Calm,James Bay,2015-03-20,238973,56,false,dy3capua3h7iz6vjq1bo02tbz,2024-05-21T12:38:06Z,,Mercury Records/Republic Owned,0.683,0.837,0,-5.46,1,0.0307,0.0276,0.0000298,0.0627,0.565,115.933,4
spotify:track:37R0bQOQj5a7DOqh1TGzvB,USAT21502703,One Call Away,Nine Track Mind,Charlie Puth,2016-01-29,194453,72,false,dy3capua3h7iz6vjq1bo02tbz,2024-05-21T12:38:06Z,soft pop,Artist Partner,0.667,0.613,1,-5.353,1,0.0344,0.403,0,0.115,0.47,91.024,4
spotify:track:6Wytqpe4mfmyeT8s1xbczG,GBUM71505461,Something In The Way You Move,Delirium (Deluxe),Ellie Goulding,2015-11-06,227423,64,false,dy3capua3h7iz6vjq1bo02tbz,2024-05-21T12:38:06Z,,Polydor Records,0.658,0.814,1,-6.157,0,0.0493,0.0398,0,0.114,0.316,109.004,4
spotify:track:7MjKAV0mFiEID9WhDSSzaW,USSM11408374,Like I'm Gonna Lose You (feat. John Legend),Title (Expanded Edition),Meghan Trainor;John Legend,2015-01-09,225053,70,false,dy3capua3h7iz6vjq1bo02tbz,2024-05-21T12:38:06Z,"soft pop,neo soul",Epic,0.63,0.53,0,-7.259,1,0.0434,0.4,0,0.177,0.417,108.038,3
spotify:track:5masKPHeAOVNgxdLebIcK7,SEBGA1500071,Stole the Show,Cloud Nine,Kygo;Parson James,2016-05-13,223182,80,false,dy3capua3h7iz6vjq1bo02tbz,2024-05-21T12:38:06Z,tropical house,Kygo,0.64,0.635,8,-7.565,0,0.226,0.271,0,0.319,0.475,100.034,4
spotify:track:3cpYcOHN2u8IOiop1LGXso,GB2LD0902008,Passion,Passion,Jim Yosef;Alex Skrindo,2015-06-13,240009,0,false,dy3capua3h7iz6vjq1bo02tbz,2024-05-21T12:38:06Z,,NCS,0.614,0.953,7,-3.275,1,0.0818,0.0102,0.00000244,0.854,0.0787,128.012,4
spotify:track:3zHq9ouUJQFQRf3cm1rRLu,GBUM71406823,"Love Me Like You Do - From ""Fifty Shades Of Grey""",Delirium (Deluxe),Ellie Goulding,2015-11-06,252534,82,false,dy3capua3h7iz6vjq1bo02tbz,2024-05-21T12:38:06Z,,Polydor Records,0.262,0.606,8,-6.646,1,0.0484,0.247,0,0.125,0.275,189.857,4
spotify:track:70eDxAyAraNTiD6lx2ZEnH,USRC11401950,Ex's & Oh's,Love Stuff,Elle King,2015-02-13,202177,79,false,dy3capua3h7iz6vjq1bo02tbz,2024-05-21T12:38:06Z,,RCA Records Label,0.612,0.921,7,-2.882,1,0.085,0.0183,0,0.0576,0.446,139.988,4
spotify:track:4U9BkYyIlJLfdTMvrZuvLo,USWB11503046,Want to Want Me,Party Starters,Jason Derulo,2020-10-23,206280,13,true,dy3capua3h7iz6vjq1bo02tbz,2024-05-21T12:38:06Z,,Warner Music Group - X5 Music Group,0.772,0.643,0,-6.24,0,0.063,0.0102,0,0.0705,0.669,114.031,4
spotify:track:67SJAXoPVp6sPUJbfWwHcE,USSM11500753,Fight Song,Sad Songs,Rachel Platten,2018-02-10,202506,17,false,dy3capua3h7iz6vjq1bo02tbz,2024-05-21T12:38:06Z,,Legacy Recordings,0.564,0.698,7,-5.467,1,0.0819,0.0532,0,0.276,0.353,175.943,4
spotify:track:1KZyVnyptQcPzkx7ELCnZC,USUM71413733,Hold Back The River,Chaos And The Calm,James Bay,2015-03-20,238746,71,false,dy3capua3h7iz6vjq1bo02tbz,2024-05-21T12:38:06Z,,Mercury Records/Republic Owned,0.715,0.715,5,-7.364,1,0.0902,0.0526,0,0.0936,0.507,134.922,4
spotify:track:7xoUc6faLbCqZO6fQEYprd,USUM71409723,One Last Time,My Everything (Deluxe),Ariana Grande,2014-08-22,197266,87,false,dy3capua3h7iz6vjq1bo02tbz,2024-05-21T12:38:06Z,pop,Universal Records,0.628,0.593,8,-5.036,1,0.0323,0.093,0.00000165,0.096,0.104,125.025,4
spotify:track:6aaVyAVhe4zB9KkdQo3eJ5,TCACJ1529080,Fade Away (Deaf Kev Remix),Fade Away (Deaf Kev Remix),Jacob Tillberg;Deaf Kev,2015-10-18,307211,0,false,dy3capua3h7iz6vjq1bo02tbz,2024-05-21T12:38:06Z,,JompaMusic Records,0.5,0.929,1,-4.372,1,0.117,0.000498,0.031,0.132,0.313,174.874,4
spotify:track:5nHyjJJ2yyWY1h0hZc0zcW,USUM71417965,Nobody Love,Unbreakable Smile (Deluxe),Tori Kelly,2016-01-29,203453,36,false,dy3capua3h7iz6vjq1bo02tbz,2024-05-21T12:38:06Z,,Tori Kelly,0.756,0.709,1,-5.142,0,0.0335,0.0066,0.00123,0.0929,0.543,99.976,4
spotify:track:26s8iQfPzuHbLwUj9em4Ya,GBARL1401524,Uptown Funk (feat. Bruno Mars),Mother's Day Songs,Mark Ronson;Bruno Mars,2018-03-02,269666,28,false,dy3capua3h7iz6vjq1bo02tbz,2024-05-21T12:38:06Z,,Sony Music CG,0.856,0.609,0,-7.223,1,0.0824,0.00801,0.0000815,0.0344,0.928,114.988,4
spotify:track:2bzNyTh114AvcAzYQlw23f,GBUM71308834,Like I Can,In The Lonely Hour (Drowning Shadows Edition),Sam Smith,2015-11-06,167065,33,false,dy3capua3h7iz6vjq1bo02tbz,2024-05-21T12:38:06Z,soft pop,PLG - Capitol,0.656,0.6,7,-6.705,0,0.0359,0.355,0.000039,0.108,0.539,99.955,4
spotify:track:1FkbBFzuPskyOvIoipKug5,GB28K1400041,Dangerous (feat. Sam Martin) - Robin Schulz Remix; Radio Edit,Listen,David Guetta;Sam Martin;Robin Schulz,2014-11-10,200869,44,false,dy3capua3h7iz6vjq1bo02tbz,2024-05-21T12:38:06Z,"edm,tropical house",Parlophone (France),0.55,0.868,4,-5.776,0,0.0659,0.00711,0.000822,0.263,0.13,115.984,4
spotify:track:4UKJUbcuStnnxLeJmVJsSc,QMUY41500008,Lean On,Peace Is The Mission (Extended),Major Lazer;MØ;DJ Snake,2015-11-27,176561,69,false,dy3capua3h7iz6vjq1bo02tbz,2024-05-21T12:38:06Z,moombahton,Third Pardee Records,0.723,0.809,7,-3.081,0,0.0625,0.00346,0.00123,0.565,0.274,98.007,4
spotify:track:49eplIHvgCLY8HAgcaWrUb,USRC11401783,Fireball (feat. John Ryan),Fireball (feat. John Ryan),Pitbull;John Ryan,2014-07-23,235012,67,false,dy3capua3h7iz6vjq1bo02tbz,2024-05-21T12:38:06Z,,Mr.305/Polo Grounds Music/RCA Records,0.69,0.937,10,-5.393,1,0.0642,0.0894,0.000104,0.0532,0.794,122.951,4
spotify:track:71vsEyBd4X1D5BUmLdFSVH,GBUM71401093,Black Widow,The New Classic,Iggy Azalea;Rita Ora,2014-01-01,209423,71,true,dy3capua3h7iz6vjq1bo02tbz,2024-05-21T12:38:06Z,,EMI,0.74,0.72,3,-3.753,0,0.158,0.188,0.000386,0.109,0.512,164.014,4
spotify:track:5zlC5d5umTrbcX9sLVVxzh,DEA621400286,Prayer in C - Robin Schulz Radio Edit,Prayer in C (Robin Schulz Radio Edit),Lilly Wood and The Prick;Robin Schulz,2014-06-13,189399,67,false,dy3capua3h7iz6vjq1bo02tbz,2024-05-21T12:38:06Z,"french indie pop,tropical house",WM Germany,0.76,0.886,9,-5.356,0,0.0258,0.0219,0.00000743,0.623,0.78,123.002,4
spotify:track:6lfnEJhp07xC3uc2KuHUFv,ZAP541100045,Moonwalk Away - Goldfish Moon Landing Mix,Moonwalk Away,GoldFish,2014-05-19,498640,18,false,dy3capua3h7iz6vjq1bo02tbz,2024-05-21T12:38:06Z,electro swing,RCA Records Label,0.728,0.533,11,-10.264,1,0.0416,0.00228,0.597,0.148,0.611,123.011,4
spotify:track:5i3pIDBLDc1tSCyVxxo151,SEUM71401250,Habits (Stay High) - Hippie Sabotage Remix,Queen Of The Clouds (Blueprint Edition),Tove Lo;Hippie Sabotage,2015-10-30,258933,47,false,dy3capua3h7iz6vjq1bo02tbz,2024-05-21T12:38:06Z,,Universal Music AB,0.735,0.686,4,-7.562,0,0.0366,0.00108,0.871,0.0933,0.0656,121.011,4
spotify:track:11N58AwI4g2GlBaHEiZdmk,USAT21401443,Boom Clap - From the Motion Picture Das Schicksal ist ein mieser Verräter,The Fault In Our Stars: Music From The Motion Picture,Charli xcx,2014-05-19,169293,43,false,dy3capua3h7iz6vjq1bo02tbz,2024-05-21T12:38:06Z,"hyperpop,art pop",Atlantic Records,0.675,0.812,4,-4.309,1,0.0566,0.0688,0.00062,0.336,0.64,92.013,4
spotify:track:12KUFSHFgT0XCoiSlvdQi4,USUM71409719,Break Free,My Everything (Deluxe),Ariana Grande;Zedd,2014-08-22,214840,85,false,dy3capua3h7iz6vjq1bo02tbz,2024-05-21T12:38:06Z,"pop,edm",Universal Records,0.686,0.702,7,-5.325,0,0.0455,0.00637,0.0000446,0.204,0.29,129.948,4
spotify:track:1hwpI7qjJ9XJNP9yqKOjF9,GBHMU1400147,Let It Be,Let It Be - EP,Labrinth,2014-09-28,186253,41,false,dy3capua3h7iz6vjq1bo02tbz,2024-05-21T12:38:06Z,,Syco Music,0.489,0.658,10,-4.521,0,0.065,0.236,0,0.0652,0.667,80.776,4
spotify:track:5vL0yvddknhGj7IrBc6UTj,USUM71311297,This Is How We Do,PRISM (Deluxe),Katy Perry,2013-10-18,204285,60,false,dy3capua3h7iz6vjq1bo02tbz,2024-05-21T12:38:06Z,pop,Capitol Records (CAP),0.69,0.636,9,-6.028,0,0.0457,0.0203,0,0.147,0.799,96.002,4
spotify:track:7CkioiGF7vbqzPEpFmsOSW,USCM51400162,Pills N Potions,The Pinkprint,Nicki Minaj,2014-12-12,268000,55,true,dy3capua3h7iz6vjq1bo02tbz,2024-05-21T12:38:06Z,,Nicki Minaj/Cash Money,0.391,0.604,7,-8.104,1,0.212,0.00812,0.00000491,0.0443,0.168,169.391,4
spotify:track:5MhsZlmKJG6X5kTHkdwC4B,SEYOK1406001,I'm an Albatraoz,I'm an Albatraoz,AronChupa;Little Sis Nora,2014-08-08,166848,74,true,dy3capua3h7iz6vjq1bo02tbz,2024-05-21T12:38:06Z,"electro swing,melbourne bounce",Aron Ekberg,0.883,0.817,0,-5.414,1,0.235,0.601,0.00449,0.11,0.595,128.078,4
spotify:track:6ekvzkGg31TOQhHIFEd55x,CH3131340089,Lay Me Down,True,Avicii,2013-09-16,300120,54,false,dy3capua3h7iz6vjq1bo02tbz,2024-05-21T12:38:06Z,edm,Pophouse Entertainment Group,0.698,0.67,9,-6.855,0,0.0819,0.00128,0.026,0.0596,0.744,124.956,4
spotify:track:0MITF6fx2O1ClZnkC8jSfr,ZAW781300109,Pluto (Remember You) - Radio Edit,Pluto (Remember You),DJ Clock;Beatenberg,2013-01-01,267640,50,false,dy3capua3h7iz6vjq1bo02tbz,2024-05-21T12:38:06Z,"3 step,gqom,amapiano,afro tech",Universal Music (Pty) Ltd.,0.685,0.698,0,-13.79,1,0.0377,0.00432,0.301,0.111,0.523,126.001,4
spotify:track:5HuqzFfq2ulY1iBAW5CxLe,GBAHS1300498,Rather Be (feat. Jess Glynne),I Cry When I Laugh,Clean Bandit;Jess Glynne,2015,227833,49,false,dy3capua3h7iz6vjq1bo02tbz,2024-05-21T12:38:06Z,,Atlantic Records UK,0.799,0.587,11,-6.735,1,0.0378,0.163,0.00000224,0.193,0.55,120.97,4
spotify:track:5rAklqEt9uWTXfj5qvpFCC,GBUM71400370,Anywhere For You,Anywhere For You,John Martin,2014-01-01,213928,55,false,dy3capua3h7iz6vjq1bo02tbz,2024-05-21T12:38:06Z,edm,Universal-Island Records Ltd.,0.533,0.908,3,-4.075,1,0.0623,0.0294,0.00000136,0.105,0.36,128.024,4
spotify:track:3tgZ9vmhuAY9wEoNUJskzV,USRC11301695,Timber,Global Warming: Meltdown (Deluxe Version),Pitbull;Kesha,2012,204134,67,false,dy3capua3h7iz6vjq1bo02tbz,2024-05-21T12:38:06Z,,Mr.305/Polo Grounds Music/RCA Records,0.589,0.966,11,-4.106,1,0.0972,0.03,0,0.147,0.802,129.983,4
spotify:track:1QdpGjYp035BXJB7qPAzl9,USWB11303249,Trumpets,Tattoos (Deluxe Edition),Jason Derulo,2013-09-16,217306,56,false,dy3capua3h7iz6vjq1bo02tbz,2024-05-21T12:38:06Z,,Beluga Heights/Warner Records,0.627,0.703,0,-4.884,1,0.236,0.563,0,0.0962,0.64,81.897,4
spotify:track:4J7CKHCF3mdL4diUsmW8lq,GBARL1301271,Under Control (feat. Hurts),Motion,Calvin Harris;Alesso;Hurts,2014-10-31,184280,79,false,dy3capua3h7iz6vjq1bo02tbz,2024-05-21T12:38:06Z,edm,Columbia,0.544,0.915,8,-3.405,1,0.0841,0.129,0.000914,0.115,0.51,126.094,4
spotify:track:15iosIuxC3C53BgsM5Uggs,SEWEE1300703,All Night,THIS IS... ICONA POP,Icona Pop,2013-08-23,187026,71,false,dy3capua3h7iz6vjq1bo02tbz,2024-05-21T12:38:06Z,,Record Company TEN/Big Beat/ATL,0.6,0.905,1,-3.41,0,0.0357,0.00274,0,0.831,0.636,124.032,4
spotify:track:5aEFRk1RqwJNYa5GfhUBpC,USRC11301214,Wrecking Ball,Bangerz (Deluxe Version),Miley Cyrus,2013-10-04,221531,3,false,dy3capua3h7iz6vjq1bo02tbz,2024-05-21T12:38:06Z,,RCA Records Label,0.565,0.41,5,-6.226,1,0.0337,0.42,0,0.106,0.327,119.873,4
spotify:track:4c3ZblqLbAmXIhlyOopuOu,ZA10I1300005,Don't Let Me Go,Yes / No / Grey.,Gangs of Ballet,2013-08-22,196092,29,false,dy3capua3h7iz6vjq1bo02tbz,2024-05-21T12:38:06Z,,Gangs of Ballet,0.503,0.777,4,-7.294,1,0.0518,0.0468,0.000322,0.374,0.218,115.014,4
spotify:track:2o0V0AATmWmCmMOAFWDuEV,USSM11304489,Let Me Go (feat. Chad Kroeger),Avril Lavigne (Expanded Edition),Avril Lavigne;Chad Kroeger,2013-11-01,267973,59,false,dy3capua3h7iz6vjq1bo02tbz,2024-05-21T12:38:06Z,,Epic,0.385,0.654,4,-6.635,1,0.0342,0.212,0,0.136,0.125,164.196,3
spotify:track:6F5c58TMEs1byxUstkzVeM,USUM71308669,Roar,PRISM (Deluxe),Katy Perry,2013-10-18,223546,76,false,dy3capua3h7iz6vjq1bo02tbz,2024-05-21T12:38:06Z,pop,Capitol Records (CAP),0.671,0.771,7,-4.821,0,0.0316,0.00492,0.00000728,0.354,0.436,90.003,4
spotify:track:1KtD0xaLAikgIt5tPbteZQ,GBARL1201396,Thinking About You (feat. Ayah Marar),18 Months,Calvin Harris;Ayah Marar,2012-10-29,247933,78,false,dy3capua3h7iz6vjq1bo02tbz,2024-05-21T12:38:06Z,edm,Columbia,0.725,0.874,0,-3.715,0,0.0396,0.00262,0.000412,0.0958,0.748,127.985,4
spotify:track:6VlXdBHfzF04bXvDZmg3lQ,TCACA1475398,Where Are You Going?,The Rush,Mathew Gold;The Kiffness,2014-10-14,228717,0,false,dy3capua3h7iz6vjq1bo02tbz,2024-05-21T12:38:06Z,afro house,GoodLuck Music,0.821,0.649,7,-6.542,1,0.075,0.105,0.0000078,0.0596,0.672,124.976,4
spotify:track:0vvG0VEN6l2fbIEUtq3mQD,USSM11303884,American Girl,American Girl,Bonnie McKee,2013-07-23,224106,44,false,dy3capua3h7iz6vjq1bo02tbz,2024-05-21T12:38:06Z,,Kemosabe Records/Epic,0.66,0.816,0,-4.332,0,0.0344,0.00976,0.0000187,0.59,0.66,127.97,4
spotify:track:3UBVRfcLmyHmN6e7gdqlMt,USUM71204774,Love Somebody,Overexposed (Deluxe),Maroon 5,2012-01-01,229813,39,false,dy3capua3h7iz6vjq1bo02tbz,2024-05-21T12:38:06Z,pop,Interscope Records*,0.674,0.792,1,-6.303,1,0.0368,0.145,0,0.12,0.395,120.018,4
spotify:track:55h7vJchibLdUkxdlX3fK7,USAT21206909,Treasure,Unorthodox Jukebox,Bruno Mars,2012-12-07,178560,84,true,dy3capua3h7iz6vjq1bo02tbz,2024-05-21T12:38:06Z,,Atlantic Records,0.874,0.692,5,-5.28,0,0.0431,0.0412,0.0000724,0.324,0.937,116.017,4
spotify:track:6Uy6K3KdmUdAfelUp0SeXn,USSM11301638,Brave,The Blessed Unrest,Sara Bareilles,2013-07-16,220460,70,false,dy3capua3h7iz6vjq1bo02tbz,2024-05-21T12:38:06Z,,Epic,0.551,0.836,10,-3.838,0,0.0524,0.00502,0.000021,0.0425,0.758,185.063,4
spotify:track:5rNiFt4r0JmzUkf4w249vV,USDMG1260803,Submarines,The Lumineers (Deluxe Edition),The Lumineers,2013-08-20,163240,0,false,dy3capua3h7iz6vjq1bo02tbz,2024-05-21T12:38:06Z,"folk pop,indie folk",Dualtone Music Group,0.668,0.521,7,-9.846,1,0.0499,0.914,0.0765,0.303,0.608,190.164,3
spotify:track:7EGi0qRExGCKt76HRmCoBr,ZAUM71300462,Chelsea Blakemore,The Hanging Gardens Of Beatenberg,Beatenberg,2014-01-01,217466,34,false,dy3capua3h7iz6vjq1bo02tbz,2024-05-21T12:38:06Z,,Universal Music (Pty) Ltd.,0.704,0.729,5,-9.56,1,0.0406,0.0298,0.0000177,0.323,0.82,110.017,4
spotify:track:52gvlDnre9craz9dKGObp8,GBAAA1300148,La La La,La La La,Naughty Boy;Sam Smith,2013-01-01,220779,72,false,dy3capua3h7iz6vjq1bo02tbz,2024-05-21T12:38:06Z,soft pop,Virgin Records Ltd,0.754,0.677,6,-4.399,0,0.0316,0.112,0,0.111,0.254,124.988,4
spotify:track:6QiBNpMK7xlZFnnoEdIPCr,GBARL1201151,Millionaires,#3 Deluxe Version,The Script,2012-09-10,189466,50,false,dy3capua3h7iz6vjq1bo02tbz,2024-05-21T12:38:06Z,,Epic/Phonogenic,0.402,0.791,11,-3.804,1,0.0434,0.169,0,0.167,0.493,186.06,4
spotify:track:5aJql3imQZCQbhn4d85jpS,USSM11301128,Chloe (You're the One I Want),Nothing To Lose,Emblem3,2013-07-29,222986,33,false,dy3capua3h7iz6vjq1bo02tbz,2024-05-21T12:38:06Z,,Syco Music/Columbia Records,0.71,0.925,0,-3.329,1,0.0359,0.039,0,0.127,0.93,118.024,4
spotify:track:0yz2J4wsXFCjMjpJ6A74yV,USRC11300305,Fine China,X (Expanded Edition),Chris Brown,2014-09-16,213272,65,false,dy3capua3h7iz6vjq1bo02tbz,2024-05-21T12:38:06Z,r&b,RCA Records Label,0.654,0.731,10,-4.767,0,0.0568,0.0419,0,0.122,0.59,104.002,4
spotify:track:7wMCcgpiZiErlyU0BhmuHp,ZAUM71300536,Girl Saves Boy,Crayon Boxes,Michael Lowman,2013-01-01,190853,20,false,dy3capua3h7iz6vjq1bo02tbz,2024-05-21T12:38:06Z,afrikaans pop,Universal Music (Pty) Ltd.,0.73,0.623,0,-7.526,1,0.0296,0.149,0.000151,0.0426,0.58,104.947,4
spotify:track:62yJjFtgkhUrXktIoSjgP2,USUM71201074,Radioactive,Night Visions,Imagine Dragons,2012-09-04,186813,81,false,dy3capua3h7iz6vjq1bo02tbz,2024-05-21T12:38:06Z,,Kid Ina Korner / Interscope,0.448,0.784,9,-3.686,1,0.0625,0.0999,0.000108,0.668,0.237,136.239,4
spotify:track:3jZomvOBa5qfTo5HkqI1p5,GBHMU1300001,One Way or Another (Teenage Kicks),One Way Or Another (Teenage Kicks),One Direction,2013-02-17,157293,68,false,dy3capua3h7iz6vjq1bo02tbz,2024-05-21T12:38:06Z,,Syco Music,0.489,0.867,4,-3.121,0,0.071,0.025,0,0.586,0.409,162.131,4
spotify:track:4w2sOKmotzKsdGDLHic94B,USUM71208958,Tonight I’m Getting Over You,Kiss,Carly Rae Jepsen,2012-01-01,219213,47,false,dy3capua3h7iz6vjq1bo02tbz,2024-05-21T12:38:06Z,,Silent Records IGA,0.72,0.776,10,-5.331,1,0.043,0.00549,0.000298,0.365,0.135,125.961,4
spotify:track:5rEvuW4YhwobKwGL1HPrXA,GBMQN1100004,Let Her Go,All the Little Lights (Deluxe Version),Passenger,2013-11-29,252733,67,false,dy3capua3h7iz6vjq1bo02tbz,2024-05-21T12:38:06Z,folk pop,Black Crow Records,0.479,0.545,7,-7.346,1,0.0688,0.365,0,0.0963,0.243,74.897,4
spotify:track:53PRe78lhLrZukCVZkOD3A,USRC11300514,Crazy Kids (feat. will.i.am),Crazy Kids,Kesha;will.i.am,2013-04-30,229373,40,false,dy3capua3h7iz6vjq1bo02tbz,2024-05-21T12:38:06Z,,Kemosabe Records/RCA Records,0.718,0.753,0,-3.81,0,0.044,0.0379,0.00011,0.127,0.498,128.002,4
spotify:track:43SZmOrl98D14oIXMk872Q,ZAP541100025,One Million Views (feat. John Mani),Three Second Memory,GoldFish;John Mani,2013-10-28,207160,27,false,dy3capua3h7iz6vjq1bo02tbz,2024-05-21T12:38:06Z,electro swing,RCA Records Label,0.71,0.919,10,-5.122,0,0.0365,0.126,0.000352,0.0911,0.794,125.035,4
spotify:track:21OlSKwKmQXKpQZJwwdqNv,GBARL1201390,I Need Your Love (feat. Ellie Goulding),"Radio adidas Original Presents: Hits & Remixes, Vol. 2",Calvin Harris;Ellie Goulding,2013-06-17,228173,28,false,dy3capua3h7iz6vjq1bo02tbz,2024-05-21T12:38:06Z,edm,Sony Music Media,0.691,0.882,8,-4.847,1,0.0604,0.398,0,0.113,0.529,125.025,4
spotify:track:6O20JhBJPePEkBdrB5sqRx,USUM71211793,Diamonds,Unapologetic (Deluxe),Rihanna,2012-12-11,225146,78,false,dy3capua3h7iz6vjq1bo02tbz,2024-05-21T12:38:06Z,,Def Jam Recordings,0.562,0.709,11,-4.92,0,0.0424,0.00124,0,0.109,0.401,91.958,4
spotify:track:2EcsgXlxz99UMDSPg5T8RF,GBHMU1200008,Beneath Your Beautiful (feat. Emeli Sandé),Electronic Earth (Expanded Edition),Labrinth;Emeli Sandé,2012-04-02,271813,67,false,dy3capua3h7iz6vjq1bo02tbz,2024-05-21T12:38:06Z,,Syco Music UK,0.561,0.522,2,-5.857,1,0.0318,0.227,0,0.104,0.238,83.962,4
spotify:track:1p47IFKi9XyARB0DwPOVfL,ZAP541100020,Take Back Tomorrow,Take Back Tomorrow,GoldFish,2013-02-04,202640,4,false,dy3capua3h7iz6vjq1bo02tbz,2024-05-21T12:38:06Z,electro swing,RCA Records Label,0.613,0.784,6,-6.726,1,0.0511,0.00124,0.258,0.159,0.588,126.983,4
spotify:track:7BSWkkgeeWKrDhiVmXF2Hr,QZK6G2094769,Heartboxing,Subliminal,Jimmy Nevis,2012-07-21,223111,33,false,dy3capua3h7iz6vjq1bo02tbz,2024-05-21T12:38:06Z,"afro tech,afro house",2060746 Records DK,0.649,0.69,3,-3.947,1,0.0641,0.201,0,0.681,0.602,95.087,4
spotify:track:7kAYyzVhWr3nSqAC7CUOWK,GBCTA1200205,Catch My Breath,Catch My Breath,Kelly Clarkson,2012-10-15,251506,57,false,dy3capua3h7iz6vjq1bo02tbz,2024-05-21T12:38:06Z,christmas,RCA Records Label,0.691,0.946,9,-3.221,1,0.0678,0.0259,0,0.0897,0.517,124.021,4
spotify:track:59WSkoYhv5uxsW9HjMOx0z,USUM71204771,Daylight,Overexposed,Maroon 5,2012-01-01,225306,31,false,dy3capua3h7iz6vjq1bo02tbz,2024-05-21T12:38:06Z,pop,Interscope Records*,0.657,0.679,2,-5.511,1,0.0269,0.00246,0,0.211,0.331,120.007,4
spotify:track:6lrXObYHSoKkuNqDnonC5f,ZA10I1300004,Hello Sweet World,Yes / No / Grey.,Gangs of Ballet,2013-08-22,253029,24,false,dy3capua3h7iz6vjq1bo02tbz,2024-05-21T12:38:06Z,,Gangs of Ballet,0.408,0.636,6,-6.232,1,0.0301,0.00398,0.00000556,0.106,0.195,146.047,4
spotify:track:5JLv62qFIS1DR3zGEcApRt,USCA21200932,Wide Awake,Teenage Dream: The Complete Confection,Katy Perry,2012-03-12,220946,79,false,dy3capua3h7iz6vjq1bo02tbz,2024-05-21T12:38:06Z,pop,Capitol Records,0.515,0.683,5,-5.099,1,0.0371,0.0749,0.00000264,0.392,0.572,159.878,4
spotify:track:5sSjntBXVmtJLCcMlJP5Qb,USUM71203514,One More Night,Overexposed (Deluxe),Maroon 5,2012-01-01,219493,54,false,dy3capua3h7iz6vjq1bo02tbz,2024-05-21T12:38:06Z,pop,Interscope Records*,0.714,0.821,5,-3.425,0,0.0315,0.0587,0,0.0798,0.617,93,4
spotify:track:5zBDg6Pp5LFyhaSCqm3p5d,USQX91101879,How We Do (Party),ORA,Rita Ora,2012,247026,61,true,dy3capua3h7iz6vjq1bo02tbz,2024-05-21T12:38:06Z,,"Roc Nation Records, LLC",0.738,0.922,7,-3.94,1,0.0835,0.0034,0,0.0986,0.689,116.024,4
spotify:track:4f3uZW3Wc1uO2cN4WJs5nu,GB28K1100032,I Can Only Imagine (feat. Chris Brown & Lil Wayne),Nothing but the Beat (Ultimate Edition),David Guetta;Chris Brown;Lil Wayne,2012-12-07,209533,56,false,dy3capua3h7iz6vjq1bo02tbz,2024-05-21T12:38:06Z,"edm,r&b,rap,hip hop",Parlophone (France),0.67,0.939,9,-2.06,1,0.0427,0.0463,0.0000011,0.335,0.264,127.946,4
spotify:track:7IohFKIwrb75c4XaqX7WWo,USUM71205053,This Is Love,#willpower (Deluxe),will.i.am;Eva Simons,2013-01-01,279026,64,false,dy3capua3h7iz6vjq1bo02tbz,2024-05-21T12:38:06Z,,Interscope,0.535,0.796,0,-3.446,0,0.0445,0.00473,0,0.145,0.282,128.951,4
spotify:track:1NtnvxJZ1F0ETw1NjOc8uG,USUM71204292,Turn Up The Love,Summer of Pop,Far East Movement;Cover Drive,2022-04-07,196466,20,false,dy3capua3h7iz6vjq1bo02tbz,2024-05-21T12:38:06Z,,UME - Global Clearing House,0.75,0.877,1,-4.203,1,0.121,0.132,0,0.268,0.662,123.87,4
spotify:track:5G2c6FsfTzgYUzageCmfXY,GBHMU1100171,One Thing,Up All Night,One Direction,2012-05-25,197600,78,false,dy3capua3h7iz6vjq1bo02tbz,2024-05-21T12:38:06Z,,Syco Music UK,0.713,0.718,2,-3.806,1,0.0278,0.00233,0,0.0838,0.656,126.999,4
spotify:track:2xnoPV3NLescauc0ZJ1MDZ,USSM11201984,Dance Again,Dance Again...The Hits,Jennifer Lopez;Pitbull,2012-07-24,237266,70,false,dy3capua3h7iz6vjq1bo02tbz,2024-05-21T12:38:06Z,,Epic,0.792,0.856,11,-5.236,0,0.067,0.0159,0.00000288,0.0981,0.714,127.988,4
spotify:track:1UgW0l9aia2l4SjQSGwF2q,USCM51200060,Starships,Pink Friday ... Roman Reloaded (Deluxe Edition),Nicki Minaj,2012-04-03,210613,50,true,dy3capua3h7iz6vjq1bo02tbz,2024-05-21T12:38:06Z,,Nicki Minaj/Cash Money,0.746,0.729,11,-2.454,0,0.0737,0.15,0,0.245,0.718,125.015,4
spotify:track:1nZzRJbFvCEct3uzu04ZoL,USCA21102809,Part Of Me,Teenage Dream: The Complete Confection,Katy Perry,2012-03-12,216160,77,false,dy3capua3h7iz6vjq1bo02tbz,2024-05-21T12:38:06Z,pop,Capitol Records,0.678,0.918,5,-4.63,1,0.0355,0.000417,0,0.0744,0.77,130.03,4
spotify:track:0x34CiUVzmIqav8fqjHokF,USUM71116262,LaserLight,Who You Are (Deluxe Edition),Jessie J;David Guetta,2011-01-01,209800,28,false,dy3capua3h7iz6vjq1bo02tbz,2024-05-21T12:38:06Z,edm,Lava Music/Republic Records,0.798,0.784,11,-3.713,1,0.0605,0.147,0.00000527,0.106,0.818,127.499,4
spotify:track:6XE0T5rJqfWz0rNbZrnQwU,GBCTA1100364,Stronger (What Doesn't Kill You),Greatest Hits - Chapter One,Kelly Clarkson,2012-11-16,221866,35,false,dy3capua3h7iz6vjq1bo02tbz,2024-05-21T12:38:06Z,christmas,RCA Records Label,0.562,0.916,0,-5.872,1,0.0469,0.0424,0,0.112,0.664,116.031,4
spotify:track:6jwheRZLKiHmMCQHmtEtCu,USSM11200212,Brokenhearted,Brokenhearted,Karmin,2012-02-02,228613,25,false,dy3capua3h7iz6vjq1bo02tbz,2024-05-21T12:38:06Z,,Epic,0.771,0.735,6,-3.469,0,0.0563,0.00943,0.0000027,0.0452,0.894,119.992,4
spotify:track:2Uv2z8Rcmh004EPJ0seoLK,GBAYE1102044,Can't Say No,Contrast,Conor Maynard,2012-07-09,194304,41,false,dy3capua3h7iz6vjq1bo02tbz,2024-05-21T12:38:06Z,,WM Indonesia,0.817,0.784,1,-3.96,1,0.11,0.245,0,0.07,0.551,93.997,4
spotify:track:5iXlbg16Fw84K2FwPsokzj,GBAYE1200818,Timebomb,Timebomb,Kylie Minogue,2012-05-25,176240,53,false,dy3capua3h7iz6vjq1bo02tbz,2024-05-21T12:38:06Z,dance pop,Parlophone UK,0.705,0.924,0,-6.297,1,0.0428,0.0161,0.464,0.23,0.951,128.024,4
spotify:track:5SDS4M7APP8MfxtNWbYFvD,USWB11102509,Breathing,Hot Pop Hits,Jason Derulo,2021-07-30,234053,0,false,dy3capua3h7iz6vjq1bo02tbz,2024-05-21T12:38:06Z,,Warner Music Group - X5 Music Group,0.557,0.813,10,-4.469,0,0.0871,0.0114,0.0000765,0.345,0.614,127.97,4
spotify:track:7mitXLIMCflkhZiD34uEQI,USUM71100061,Party Rock Anthem,Sorry For Party Rocking,LMFAO;Lauren Bennett;GoonRock,2011-01-01,262146,79,false,dy3capua3h7iz6vjq1bo02tbz,2024-05-21T12:38:06Z,,Will I Am / A&M,0.75,0.736,5,-4.168,0,0.155,0.0202,0,0.265,0.355,130.011,4
spotify:track:5neWLocoL6bTU2cFi4Z8st,CH3131140002,Fade Into Darkness - Vocal Club Mix,Fade Into Darkness,Avicii,2011-07-22,369640,43,false,dy3capua3h7iz6vjq1bo02tbz,2024-05-21T12:38:06Z,edm,Universal Music AB,0.61,0.848,6,-4.443,1,0.0364,0.00287,0.0147,0.195,0.602,126.02,4
spotify:track:6qn9YLKt13AGvpq9jfO8py,USUM71115507,We Found Love,Talk That Talk,Rihanna;Calvin Harris,2011-11-18,215226,88,false,dy3capua3h7iz6vjq1bo02tbz,2024-05-21T12:38:06Z,edm,Def Jam Recordings,0.735,0.766,1,-4.485,1,0.0384,0.025,0.00141,0.108,0.6,127.975,4
spotify:track:3oL3XRtkP1WVbMxf7dtTdu,USCA21001266,The One That Got Away,Teenage Dream: The Complete Confection,Katy Perry,2012-03-12,227333,86,false,dy3capua3h7iz6vjq1bo02tbz,2024-05-21T12:38:06Z,pop,Capitol Records,0.688,0.792,1,-4.023,0,0.0353,0.000802,0,0.2,0.863,133.958,4
spotify:track:6xhcrb3BSNxqNVXfH6N1Uj,USUM71106431,Marry The Night,BORN THIS WAY THE TENTH ANNIVERSARY,Lady Gaga,2021-06-25,264520,39,false,dy3capua3h7iz6vjq1bo02tbz,2024-05-21T12:38:06Z,"art pop,pop",Interscope Records,0.614,0.878,0,-4.422,1,0.056,0.00103,0.00438,0.41,0.406,131.094,4
spotify:track:70Vdd1gx5tn84jkAU31ASv,USUM71108090,Sexy And I Know It,Sorry For Party Rocking,LMFAO,2011-01-01,199480,75,false,dy3capua3h7iz6vjq1bo02tbz,2024-05-21T12:38:06Z,,Will I Am / A&M,0.708,0.861,7,-4.225,1,0.316,0.1,0,0.191,0.795,130.043,4
spotify:track:17InAOWIOqrwzFNYsu78xg,ZAA012000001,Love is in the Air,Due Drop Deluxe,Toya Delazy,2013-02-25,268893,3,false,dy3capua3h7iz6vjq1bo02tbz,2024-05-21T12:38:06Z,uk funky,Columbia/Epic,0.659,0.942,0,-5.569,1,0.127,0.00152,0.00000536,0.0871,0.516,124.047,4
spotify:track:68vkC7gRYjrh107aC6Gq5V,GBCTA1100219,Mr. Know It All,Greatest Hits - Chapter One,Kelly Clarkson,2012-11-16,232520,28,false,dy3capua3h7iz6vjq1bo02tbz,2024-05-21T12:38:06Z,christmas,RCA Records Label,0.672,0.771,5,-5.929,1,0.0283,0.0315,0,0.0735,0.51,95.958,4
spotify:track:4oTIuUmpE2xdXrpon9lgfJ,GBAAA1100192,Heaven,Our Version Of Events (Special Edition),Emeli Sandé,2012-01-01,251946,44,false,dy3capua3h7iz6vjq1bo02tbz,2024-05-21T12:38:06Z,,Virgin,0.615,0.953,8,-3.103,0,0.129,0.0347,0.0245,0.288,0.282,86.632,5
spotify:track:7x0tj7N10OHekvrkKCCzcI,ZAA041100366,Walking Away,Hungry,ChianoSky,2011-01-01,207906,18,false,dy3capua3h7iz6vjq1bo02tbz,2024-05-21T12:38:06Z,,EMI South Africa,0.689,0.631,6,-5.44,0,0.0374,0.0168,0.0000937,0.0893,0.924,176.61,4
spotify:track:6BDtTzjbJ5kKKSWcJT8MlX,GBCTA1100563,Crawling Back To You,It's Not Over....The Hits So Far,Daughtry,2016-02-12,225814,36,false,dy3capua3h7iz6vjq1bo02tbz,2024-05-21T12:38:06Z,post-grunge,RCA Records Label,0.438,0.919,0,-2.91,0,0.0495,0.00674,0,0.158,0.195,151.026,4
spotify:track:1f8UCzB3RqIgNkW7QIiIeP,GBARL1100728,Heart Skips a Beat (feat. Rizzle Kicks),In Case You Didn't Know,Olly Murs;Rizzle Kicks,2011-11-28,202266,64,false,dy3capua3h7iz6vjq1bo02tbz,2024-05-21T12:38:06Z,,Epic,0.843,0.881,9,-3.951,1,0.0581,0.14,0,0.0765,0.876,110.621,4
spotify:track:4Y2JOKfmSOPG6NwcavNKG0,ZAE121100107,Harlem - Radio Edit,GoodLuck,GoodLuck,2011-11-04,360002,7,false,dy3capua3h7iz6vjq1bo02tbz,2024-05-21T12:38:06Z,tropical house,GoodLuck Music,0.694,0.647,10,-9.139,0,0.0285,0.00167,0.0719,0.119,0.376,124.035,4
spotify:track:3oHNJECGN3bBoGXejlw2b1,USCA21001264,Last Friday Night (T.G.I.F.),Teenage Dream,Katy Perry,2010-08-24,230733,70,false,dy3capua3h7iz6vjq1bo02tbz,2024-05-21T12:38:06Z,pop,Capitol Records,0.652,0.81,3,-3.789,0,0.0406,0.00129,0.0000291,0.667,0.732,126.022,4
spotify:track:5Lm8wha7kmEuqyjJ237HNM,USUM71026595,Cheers (Drink To That),Loud,Rihanna,2010-11-16,261746,56,false,dy3capua3h7iz6vjq1bo02tbz,2024-05-21T12:38:06Z,,Def Jam Recordings,0.572,0.913,9,-3.626,1,0.0425,0.018,0,0.293,0.724,79.986,4
spotify:track:4PV8rkTerovUljIsaoKHIT,USUM71106458,The Edge Of Glory,BORN THIS WAY THE TENTH ANNIVERSARY,Lady Gaga,2021-06-25,320586,38,false,dy3capua3h7iz6vjq1bo02tbz,2024-05-21T12:38:06Z,"art pop,pop",Interscope Records,0.582,0.772,9,-6.544,1,0.0401,0.000343,0.0191,0.11,0.36,127.957,4
spotify:track:3oUphdZVPyrsprZ8FgbmQS,US2S71045001,I Need A Dollar,Good Things,Aloe Blacc,2010-09-28,243053,71,false,dy3capua3h7iz6vjq1bo02tbz,2024-05-21T12:38:06Z,,Stones Throw Records,0.84,0.481,6,-7.123,0,0.0336,0.199,0,0.0873,0.955,95.497,4
spotify:track:2371M3KFIjpbHnVmh4dw85,GBARL1001299,Strip Me,Strip Me Away,Natasha Bedingfield,2008,209200,36,false,dy3capua3h7iz6vjq1bo02tbz,2024-05-21T12:38:06Z,,Phonogenic,0.566,0.783,7,-5.41,1,0.0944,0.241,0,0.46,0.53,159.902,4
spotify:track:30XU4suKzCeoCK9YFzdufg,USUM71100638,Born This Way,Born This Way (International Special Edition Version),Lady Gaga,2011-05-23,260252,76,false,dy3capua3h7iz6vjq1bo02tbz,2024-05-21T12:38:06Z,"art pop,pop",Interscope,0.587,0.828,11,-5.108,1,0.161,0.00327,0,0.331,0.493,123.907,4
spotify:track:2Zb61Z5WIsb7R6CH19mjHm,USUM71029357,Price Tag,Who You Are (Deluxe Edition),Jessie J;B.o.B,2011-01-01,223053,50,false,dy3capua3h7iz6vjq1bo02tbz,2024-05-21T12:38:06Z,,Lava Music/Republic Records,0.636,0.831,5,-3.945,1,0.182,0.0294,0.00000385,0.272,0.668,175.015,4
spotify:track:2zX22RoaGg8KGuNCzSBwBP,USQX91000209,Happiness,Happiness,Alexis Jordan,2010-10-31,242786,1,false,dy3capua3h7iz6vjq1bo02tbz,2024-05-21T12:38:06Z,,Star Roc/Roc Nation/Columbia,0.718,0.768,8,-7.041,1,0.115,0.115,0,0.565,0.483,127.949,4
spotify:track:3pYDZTJM2tVBUhIRifWVzI,USRC11000889,Blow,Cannibal (Expanded Edition),Kesha,2010-11-19,219973,83,false,dy3capua3h7iz6vjq1bo02tbz,2024-05-21T12:38:06Z,,RCA Records Label,0.753,0.729,11,-3.862,0,0.0392,0.00334,0.0000566,0.073,0.812,120.013,4
spotify:track:4lCv7b86sLynZbXhfScfm2,USCA21001262,Firework,Teenage Dream: The Complete Confection,Katy Perry,2012-03-12,227880,74,false,dy3capua3h7iz6vjq1bo02tbz,2024-05-21T12:38:06Z,pop,Capitol Records,0.639,0.826,8,-4.968,1,0.0479,0.139,0,0.0803,0.648,124.075,4
spotify:track:2Adn2LNgkHMH5TelQVAu4n,USUM71025061,Pretty Girl Rock,No Boys Allowed,Keri Hilson,2010-01-01,243920,64,false,dy3capua3h7iz6vjq1bo02tbz,2024-05-21T12:38:06Z,,Mosley / Interscope,0.666,0.87,11,-5.004,0,0.246,0.203,0,0.0851,0.9,160.014,4
spotify:track:78VgnYUleoVu6UuPBEWl30,GBUM71029333,Your Song,Chill Hits,Ellie Goulding,2020-05-08,189746,22,false,dy3capua3h7iz6vjq1bo02tbz,2024-05-21T12:38:06Z,,UME - Global Clearing House,0.54,0.195,10,-11.952,1,0.0307,0.937,0.00079,0.18,0.42,133.967,4
spotify:track:6YMPu36VGIknb8Ey1ohW3j,USSD11000334,Loca (feat. Dizzee Rascal),Sale el Sol,Shakira;Dizzee Rascal,2010-10-19,193160,65,false,dy3capua3h7iz6vjq1bo02tbz,2024-05-21T12:38:06Z,"latin pop,grime,uk grime",Sony Music Latin/Epic,0.8,0.874,4,-3.955,0,0.0667,0.186,0.0000177,0.0877,0.85,112.003,4
spotify:track:6Z43WSns9OZ0SaLGjuAFP7,GBUM71010010,Heartbeat,Euphoria (Intl 14 track version),Enrique Iglesias;Nicole Scherzinger,2010-01-01,256079,0,false,dy3capua3h7iz6vjq1bo02tbz,2024-05-21T12:38:06Z,"latin pop,latin",Universal Music Group International,0.568,0.892,10,-3.205,1,0.101,0.0258,0,0.302,0.39,129.997,4
spotify:track:5UMd8ckqUMxycFX5HRagNA,ZAA011000320,We Come Together (feat. Sakhile Moleshe),Get Busy Living,GoldFish;Sakhile Moleshe,2010-09-20,228586,9,false,dy3capua3h7iz6vjq1bo02tbz,2024-05-21T12:38:06Z,electro swing,Colossal,0.638,0.795,5,-6.253,0,0.153,0.401,0,0.0774,0.967,125.043,4
spotify:track:3lq2aeBHjcMD2ljkHpvZGc,USTCC1083611,Lovesick,Make Believe,The Arrows,2010-01-20,243106,28,false,dy3capua3h7iz6vjq1bo02tbz,2024-05-21T12:38:06Z,Christian jazz,Tydee Publishing,0.765,0.69,0,-5.744,0,0.0619,0.235,0.0000012,0.205,0.632,121.981,4
spotify:track:4YYHgF9dWyVSor0GtrBzdf,USUM70912461,Te Amo,Rated R,Rihanna,2009-11-20,208426,74,true,dy3capua3h7iz6vjq1bo02tbz,2024-05-21T12:38:06Z,,Def Jam Recordings,0.567,0.707,8,-5.455,0,0.0819,0.542,0.000177,0.1,0.751,171.918,4
spotify:track:0daE1Q45mkLZgKQvCQPoGF,USUM71015280,Misery,Singles,Maroon 5,2015-09-25,215213,39,false,dy3capua3h7iz6vjq1bo02tbz,2024-05-21T12:38:06Z,pop,Interscope Records*,0.699,0.816,4,-4.879,0,0.0412,0.000328,0,0.221,0.723,102.979,4
spotify:track:2brBtwnPtObeTv4HR2DAja,ZAC031600458,Stars Fall Down,Stardust Galaxies,The Parlotones,2009-10-26,261600,25,false,dy3capua3h7iz6vjq1bo02tbz,2024-05-21T12:38:06Z,,Sheer Sound,0.54,0.589,9,-9.393,1,0.0299,0.449,0,0.107,0.21,99.945,4
spotify:track:08Ed9YEs5fNyYWVxI5Fcn7,USUM70992538,I Like - Jost & Grubert Radio Mix,This Is The Sound Of...2010,Keri Hilson,2010-01-01,218493,41,false,dy3capua3h7iz6vjq1bo02tbz,2024-05-21T12:38:06Z,,Universal Music,0.762,0.818,11,-4.185,0,0.0561,0.048,0.000154,0.117,0.829,125.021,4
spotify:track:07WEDHF2YwVgYuBugi2ECO,GBCEN1000394,Kickstarts,Won't Go Quietly,Example,2010-06-20,181826,4,false,dy3capua3h7iz6vjq1bo02tbz,2024-05-21T12:38:06Z,,Ministry of Sound Recordings,0.61,0.836,5,-4.455,1,0.0573,0.00374,0,0.358,0.657,126.056,4
spotify:track:7jZJndgtpgzlUvDUZ4avqK,USWB10905329,Ridin' Solo,Ridin' Solo,Jason Derulo,2010-05-28,216000,44,false,dy3capua3h7iz6vjq1bo02tbz,2024-05-21T12:38:06Z,,Warner Records,0.67,0.871,9,-2.362,1,0.117,0.133,0,0.176,0.668,90.02,4
spotify:track:1pU3C7v8zcEEPkdqaKSEi6,USUM70919510,If We Ever Meet Again - International Radio Edit,If We Ever Meet Again (Featuring Katy Perry) [UK Version],Timbaland;Katy Perry,2010-01-01,238720,46,false,dy3capua3h7iz6vjq1bo02tbz,2024-05-21T12:38:06Z,pop,Timbaland,0.639,0.58,8,-7.008,1,0.0302,0.0131,0,0.0811,0.444,126.033,4
spotify:track:7rl7ao5pb9BhvAzPdWStxi,USUM70905541,Telephone,The Fame Monster (Deluxe Edition),Lady Gaga;Beyoncé,2009-08-05,220626,72,false,dy3capua3h7iz6vjq1bo02tbz,2024-05-21T12:38:06Z,"art pop,pop",Interscope,0.825,0.832,5,-5.862,0,0.0403,0.00587,0.000733,0.114,0.713,122.021,4
spotify:track:1FAhgGwWPej4Bl5RTsgBiI,ROCMA0901702,Stereo Love - Extended Mix,Stereo Love,Edward Maya;Vika Jigulina,2009-07-06,321358,59,false,dy3capua3h7iz6vjq1bo02tbz,2024-05-21T12:38:06Z,europop,2009 Cat Music,0.78,0.776,1,-5.46,0,0.0374,0.0278,0.0107,0.0829,0.34,127.017,4
spotify:track:5sJL8yIbZQq4TV8uFmzCT4,USJAY0900254,Try Sleeping with a Broken Heart,Try Sleeping With A Broken Heart - EP,Alicia Keys,2009-11-17,249013,51,false,dy3capua3h7iz6vjq1bo02tbz,2024-05-21T12:38:06Z,"r&b,neo soul",J Records,0.398,0.825,5,-5.113,1,0.192,0.153,0.15,0.129,0.558,78.379,4
spotify:track:2SSraLhgqklJMQBzdo6kbT,USUM70951245,Wavin' Flag,Wavin' Flag (International Version Coca-Cola® Celebration Mix),K'NAAN,2010-01-01,220573,42,false,dy3capua3h7iz6vjq1bo02tbz,2024-05-21T12:38:06Z,,Interscope Records*,0.628,0.702,0,-6.409,1,0.0886,0.128,0,0.253,0.667,75.971,4
spotify:track:3evTG0FJEHFYmgOeFgPo0s,USUM71101059,Meet Me Halfway,The Beginning & The Best Of The E.N.D.,Black Eyed Peas,2011-01-01,284413,49,false,dy3capua3h7iz6vjq1bo02tbz,2024-05-21T12:38:06Z,,A&M,0.8,0.621,11,-6.838,0,0.0651,0.00409,0.0000247,0.131,0.448,130.002,4
spotify:track:3ScZLVIawHHnjwZLDzEsem,USUM70972068,Fireflies,20 #1’s: 00s,Owl City,2016-01-01,228466,21,false,dy3capua3h7iz6vjq1bo02tbz,2024-05-21T12:38:06Z,,Universal Music Enterprises,0.491,0.557,3,-9.681,1,0.0472,0.0274,0,0.117,0.464,180.197,4
spotify:track:15Jl5m40pAkQ32SVtaGBIn,GBUM70911955,Fight For This Love,Vamos de Fiesta: 2000s,Cheryl Cole,2023-08-04,226186,2,false,dy3capua3h7iz6vjq1bo02tbz,2024-05-21T12:38:06Z,,UME - Global Clearing House,0.736,0.74,7,-6.294,1,0.0835,0.0133,0,0.0688,0.711,122.982,4
spotify:track:0qP6SwdJVok2cUAKKMzg3A,USJAY0900211,Doesn't Mean Anything,Doesn't Mean Anything - EP,Alicia Keys,2009-09-22,275040,32,false,dy3capua3h7iz6vjq1bo02tbz,2024-05-21T12:38:06Z,"r&b,neo soul",J Records,0.713,0.382,4,-7.147,0,0.0267,0.0348,0.000218,0.0915,0.176,103.976,4
spotify:track:3mJq2ZlI3ZN8hvmRSdzRy9,USUM70970021,Fallin' For You,Breakthrough (Int'l Deluxe Version),Colbie Caillat,2009-01-01,215320,61,false,dy3capua3h7iz6vjq1bo02tbz,2024-05-21T12:38:06Z,,Universal Records,0.645,0.825,4,-6.473,1,0.0273,0.161,0,0.114,0.641,117.037,4
spotify:track:4kgTdThcDHfuDS2kKxB7Lc,USCJY0803328,You Belong With Me,Fearless (Platinum Edition),Taylor Swift,2008-11-11,231146,74,false,dy3capua3h7iz6vjq1bo02tbz,2024-05-21T12:38:06Z,,Taylor Swift,0.687,0.771,6,-4.424,1,0.0384,0.164,0.0000246,0.112,0.445,129.964,4
spotify:track:7aySoZnwt7c6lA54qVVUOk,NLA320888017,Never Gonna Be Alone,Dark Horse,Nickelback,2008-11-14,227026,66,false,dy3capua3h7iz6vjq1bo02tbz,2024-05-21T12:38:06Z,"post-grunge,rock",Roadrunner Records,0.544,0.802,4,-4.152,1,0.0282,0.00155,0.0000734,0.122,0.59,130.022,4
spotify:track:38sZsDRZtv4LXsFEmxyfLI,QM4TX1501139,Sun in My Pocket,The Hits,Locnville,2015-12-04,209120,20,false,dy3capua3h7iz6vjq1bo02tbz,2024-05-21T12:38:06Z,,Just Music,0.636,0.838,7,-5.076,1,0.0378,0.03,0,0.217,0.457,127.996,4
spotify:track:7M8WfC48qkwOJkKMNHCHb7,USAT20900316,Right Round (feat. Ke$ha),Right Round (feat. Ke$ha),Flo Rida;Kesha,2009-03-20,207426,35,false,dy3capua3h7iz6vjq1bo02tbz,2024-05-21T12:38:06Z,,Atlantic Records,0.702,0.77,7,-4.3,1,0.0611,0.00849,0,0.317,0.719,124.939,4
spotify:track:3z9kU9hSs0fTxPNrBl1Wtj,FRZID0900200,When Love Takes Over (feat. Kelly Rowland),One More Love,David Guetta;Kelly Rowland,2011-08-05,191000,60,false,dy3capua3h7iz6vjq1bo02tbz,2024-05-21T12:38:06Z,edm,Parlophone (France),0.675,0.862,11,-4.614,1,0.0253,0.0165,0.000427,0.169,0.498,129.967,4
spotify:track:32yIEFS62uS5ryhr2Xlooj,USJAY0900063,Hotel Room Service,Hotel Room Service,Pitbull,2009-06-11,238506,62,false,dy3capua3h7iz6vjq1bo02tbz,2024-05-21T12:38:06Z,,Mr.305/Polo Grounds Music/J Records,0.849,0.599,6,-8.164,1,0.227,0.00301,0.000249,0.0763,0.761,126.003,4
spotify:track:17p0pTNCUyPX0u1uadoDRZ,USUM70960761,Outta Here,Hits Of 2009,Esmée Denters,2010-01-01,201266,43,false,dy3capua3h7iz6vjq1bo02tbz,2024-05-21T12:38:06Z,,Universal Music,0.652,0.811,5,-3.685,0,0.0747,0.00669,0.0348,0.301,0.467,125.823,4
spotify:track:0FgwOkBzSxdIB8Q1kknksB,USLF20800184,Funhouse,Greatest Hits...So Far!!!,P!nk,2010-11-12,204186,36,true,dy3capua3h7iz6vjq1bo02tbz,2024-05-21T12:38:06Z,,LaFace Records,0.791,0.867,11,-3.024,0,0.0361,0.00575,0.00000231,0.0441,0.804,103.943,4
spotify:track:6YvqWjhGD8mB5QXcbcUKtx,USUG12100342,Love Story (Taylor’s Version),Fearless (Taylor's Version),Taylor Swift,2021-04-09,235766,78,false,dy3capua3h7iz6vjq1bo02tbz,2024-05-21T12:38:06Z,,Taylor Swift,0.627,0.792,2,-4.311,1,0.031,0.13,0.00000397,0.0845,0.415,119.054,4
spotify:track:4Zfq7r0v4FKeoxwhyLYSyb,DEHK90911301,Evacuate the Dancefloor,Back On the Dancefloor,Cascada,2012-04-27,205884,53,false,dy3capua3h7iz6vjq1bo02tbz,2024-05-21T12:38:06Z,"europop,eurodance,nightcore",Zoo Digital,0.76,0.696,0,-5.811,1,0.0491,0.0195,0,0.278,0.903,127.029,4
spotify:track:0JTzAeAUlzER73R77auERv,GBCTA0800348,My Life Would Suck Without You,Greatest Hits - Chapter One,Kelly Clarkson,2012-11-16,212746,33,false,dy3capua3h7iz6vjq1bo02tbz,2024-05-21T12:38:06Z,christmas,RCA Records Label,0.529,0.859,9,-5.128,1,0.0508,0.00139,0,0.104,0.375,144.985,4
spotify:track:24T5YJYItafNwGJQ9mVy5N,DKBV70806405,Release Me,Release Me (The Remixes),Agnes,2009-01-01,256213,23,false,dy3capua3h7iz6vjq1bo02tbz,2024-05-21T12:38:06Z,swedish pop,Roxy Recordings,0.622,0.923,2,-3.124,0,0.0321,0.00645,0.0000726,0.108,0.716,127.971,4
spotify:track:5ZfkaN2ZtRQLBnftZuGmfw,USLF20800182,Please Don't Leave Me,Funhouse (Deluxe Version),P!nk,2008-10-24,231560,26,false,dy3capua3h7iz6vjq1bo02tbz,2024-05-21T12:38:06Z,,LaFace Records,0.586,0.839,6,-4.493,1,0.0363,0.00985,0,0.289,0.763,138.002,4
spotify:track:7hcM3UWaVkAgpREXw4j9Ou,GBAYE0802261,Not Fair,Not Fair,Lily Allen,2009-05-08,203666,31,true,dy3capua3h7iz6vjq1bo02tbz,2024-05-21T12:38:06Z,,Parlophone UK,0.722,0.862,5,-6.976,1,0.0405,0.0526,0.00768,0.0982,0.924,121.474,4
spotify:track:5ARsDq4FQLwdohCRLTqs22,GBUM70810072,Please Don't Stop The Rain,Please Don't Stop The Rain,James Morrison,2009-01-01,236386,14,false,dy3capua3h7iz6vjq1bo02tbz,2024-05-21T12:38:06Z,,Polydor Records,0.494,0.822,0,-4.53,1,0.0712,0.0595,0,0.0643,0.709,160.24,4
spotify:track:1wMpz6Cnig3SlLGgSOtK4A,USUM70824409,Poker Face,Early Internet Hits,Lady Gaga,2023-07-07,238906,4,true,dy3capua3h7iz6vjq1bo02tbz,2024-05-21T12:38:06Z,"art pop,pop",UME - Global Clearing House,0.851,0.818,4,-4.637,1,0.0789,0.112,0.00000294,0.0945,0.808,119.006,4
spotify:track:22Lg6vvMS2JC07aAjsGvtU,USCA20802544,Hot N Cold,Hot N Cold,Katy Perry,2008-09-09,223226,58,false,dy3capua3h7iz6vjq1bo02tbz,2024-05-21T12:38:06Z,pop,Capitol Records,0.702,0.838,7,-3.992,1,0.0439,0.0000798,0,0.072,0.855,132.007,4
spotify:track:744BIWg7jNhpbCO2dkCwNG,ZAIW31600010,She Always Gets What She Wants,All or Nothing,Prime Circle,2008-06-24,224493,43,false,dy3capua3h7iz6vjq1bo02tbz,2024-05-21T12:38:06Z,,Prime Circle,0.433,0.531,7,-5.93,1,0.0294,0.237,0,0.133,0.546,163.988,4
spotify:track:3ybAc5z5BGzIz7uSt9yds1,USUM70832599,I Hate This Part,Doll Domination,The Pussycat Dolls,2008-09-23,218386,31,false,dy3capua3h7iz6vjq1bo02tbz,2024-05-21T12:38:06Z,,Pussycat Dolls LP2 / Timbaland,0.756,0.619,5,-4.37,1,0.0312,0.0825,0,0.262,0.521,111.572,4
spotify:track:6vkNuVKYJGrZvWwWpXinSq,GBCTA0700276,One Step At a Time,Battlefield,Jordin Sparks,2009,205706,31,false,dy3capua3h7iz6vjq1bo02tbz,2024-05-21T12:38:06Z,,Jive,0.764,0.698,1,-4.658,1,0.0284,0.0656,0,0.0417,0.697,102.024,4
spotify:track:4EvigHSRUMwU3ZBn3YnLPH,USCA20801738,I Kissed A Girl,I Kissed A Girl (3-Track),Katy Perry,2008-01-01,179640,52,false,dy3capua3h7iz6vjq1bo02tbz,2024-05-21T12:38:06Z,pop,Capitol Records,0.702,0.76,5,-3.174,1,0.0684,0.00226,0,0.132,0.696,129.996,4
spotify:track:0GX5oOKtU0nnx5OkhenW2i,USUM70809378,Closer,Year Of The Gentleman,Ne-Yo,2008-01-01,234360,77,false,dy3capua3h7iz6vjq1bo02tbz,2024-05-21T12:38:06Z,,Def Soul,0.709,0.745,4,-6.436,0,0.074,0.0226,0.0000529,0.154,0.569,126.028,4
spotify:track:1LTCbCarP9j2f5GwkORPjM,USUM70813999,When I Grow Up,Doll Domination,The Pussycat Dolls,2008-09-23,245680,39,false,dy3capua3h7iz6vjq1bo02tbz,2024-05-21T12:38:06Z,,Pussycat Dolls LP2 / Timbaland,0.674,0.686,11,-5.745,0,0.0453,0.00156,0,0.382,0.338,118.444,4
spotify:track:02QQXgeAghpU4smdM7l7We,USAR10800074,Spotlight,Jennifer Hudson,Jennifer Hudson,2008-09-30,250106,59,false,dy3capua3h7iz6vjq1bo02tbz,2024-05-21T12:38:06Z,,Arista,0.707,0.724,11,-3.887,0,0.051,0.0448,0,0.072,0.659,108.984,4
spotify:track:0OXbCiI9oH98KZsjQKVpVH,GBCTA0800201,Crush,Crush,David Archuleta,2009-02-23,213520,17,false,dy3capua3h7iz6vjq1bo02tbz,2024-05-21T12:38:06Z,,Jive,0.57,0.664,0,-4.718,0,0.0322,0.00836,0.000012,0.0719,0.487,162.084,4
spotify:track:2OpOcXGfurDBPJE4mgWKDT,ZAA010800228,Wind It,Just Gonna Be Me,Jody,2008-08-11,308293,8,false,dy3capua3h7iz6vjq1bo02tbz,2024-05-21T12:38:06Z,j-rap,Colossal,0.597,0.973,11,-3.83,0,0.0609,0.0187,0.149,0.21,0.974,129.991,4
spotify:track:5iCncPeJkRHg0b3wlBdbTl,USUM70748774,Heartbreaker,Songs About Girls,will.i.am,2007-01-01,327880,48,true,dy3capua3h7iz6vjq1bo02tbz,2024-05-21T12:38:06Z,,Interscope,0.788,0.549,9,-8.793,0,0.0732,0.0352,0.127,0.147,0.449,120.051,4
spotify:track:2fywBLXK9GQi8YR8C8d3c4,USYAH0700007,Fall for You,A Twist in My Story,Secondhand Serenade,2008-05-13,183600,2,false,dy3capua3h7iz6vjq1bo02tbz,2024-05-21T12:38:06Z,emo,Glassnote Entertainment Group LLC,0.396,0.451,0,-7.109,1,0.0362,0.177,0,0.103,0.358,169.518,4
spotify:track:2VnS43QrlU70zieXeCJ087,GBUM71000760,Sweet About Me - Twenty Ten Version,Ten,Gabriella Cilmi,2010-01-01,208333,5,false,dy3capua3h7iz6vjq1bo02tbz,2024-05-21T12:38:06Z,,Universal-Island Records Ltd.,0.488,0.797,6,-4.118,1,0.0873,0.00377,0,0.0783,0.478,132.026,5
spotify:track:1mvZErZBp7WZT3HfGBykao,SEWBD0600812,Cry for You,Dancing Shoes,September,2007-03-08,209800,78,false,dy3capua3h7iz6vjq1bo02tbz,2024-05-21T12:38:06Z,swedish pop,Catchy Tunes,0.768,0.881,9,-3.988,1,0.0301,0.00133,0.000141,0.0551,0.961,130.016,4
spotify:track:2YmNVPnOVy9uWpkJhWmcJ3,GBUM70805117,21st Century Life,Sam Sparro,Sam Sparro,2008-01-01,261786,19,false,dy3capua3h7iz6vjq1bo02tbz,2024-05-21T12:38:06Z,,Universal-Island Records Ltd.,0.694,0.873,5,-4.31,0,0.068,0.00136,0.00988,0.0395,0.848,124.014,4
spotify:track:1Ezl1GVhtJFRvDq3KNaS3u,ZAA040800268,Knowing Me Knowing You,3rd Base,Jamali,2008-01-01,248813,29,false,dy3capua3h7iz6vjq1bo02tbz,2024-05-21T12:38:06Z,"afropop,afro soul",EMI South Africa,0.662,0.896,1,-5.821,0,0.0514,0.0138,0.0243,0.136,0.896,116.029,4
spotify:track:7p23w3JPEZZ8aRm93bf1f7,GBHMU0700056,Damaged,Breathless (Expanded Edition),Shayne Ward,2007-11-26,242666,37,false,dy3capua3h7iz6vjq1bo02tbz,2024-05-21T12:38:06Z,,Syco Music UK,0.655,0.706,0,-4.281,0,0.0342,0.209,0,0.103,0.798,75.984,4
spotify:track:1Ne9ZxBhUGwRVLHxzr7SnD,USUM70818261,Energy,In A Perfect World...,Keri Hilson,2009-01-01,209840,52,false,dy3capua3h7iz6vjq1bo02tbz,2024-05-21T12:38:06Z,,Mosley / Interscope,0.385,0.766,11,-5.783,1,0.17,0.0774,0,0.095,0.648,76.986,4
spotify:track:0P6YJv6QXReDChZBbpvFmF,GBAAA0800519,Love Is Noise,Forth,The Verve,2008-01-01,327747,59,false,dy3capua3h7iz6vjq1bo02tbz,2024-05-21T12:38:06Z,"britpop,shoegaze",Parlophone,0.419,0.863,7,-4.155,1,0.0412,0.000484,0,0.388,0.314,123.009,4
spotify:track:7eXrGBrl1mBKhxlWX0IoOQ,NOBLV0703011,Beggin - Original Version,Beggin,Madcon,2008,218706,71,false,dy3capua3h7iz6vjq1bo02tbz,2024-05-21T12:38:06Z,norwegian hip hop,Cosmos,0.715,0.796,4,-4.889,0,0.0534,0.0284,0,0.0658,0.431,129.041,4
spotify:track:5cxllEuDs5ekHTeO7TBoeC,GBARL0800224,We Cry,The Script,The Script,2008-07-14,223920,47,true,dy3capua3h7iz6vjq1bo02tbz,2024-05-21T12:38:06Z,,Phonogenic,0.556,0.88,7,-4.604,0,0.0645,0.0479,0,0.351,0.663,91.893,4
spotify:track:4RC8ob2ZttuGOXBvTsGWNM,USC7R0600003,"Relax, Take It Easy","Relax, Take It Easy",MIKA,2007-01-01,223453,34,false,dy3capua3h7iz6vjq1bo02tbz,2024-05-21T12:38:06Z,,Casablanca Records/Island UK,0.672,0.781,6,-5.113,0,0.0283,0.0148,0.00362,0.0978,0.845,121.968,4
spotify:track:3u2t4wEL5ilzEhX0arPuW6,USUM70731257,Do You Know? (The Ping Pong Song),Do You Know? (The Ping Pong Song),Enrique Iglesias,2007-01-01,219600,14,false,dy3capua3h7iz6vjq1bo02tbz,2024-05-21T12:38:06Z,"latin pop,latin",Interscope,0.752,0.754,8,-4.781,1,0.0504,0.0564,0,0.0254,0.666,114.982,4
spotify:track:1L5tZi0izXsi5Kk5OJf4W0,GBUM70603730,Rehab,Back To Black,Amy Winehouse,2006-10-27,213760,76,false,dy3capua3h7iz6vjq1bo02tbz,2024-05-21T12:38:06Z,,Universal-Island Records Ltd.,0.434,0.872,0,-2.974,1,0.0702,0.0473,0.00000183,0.396,0.732,71.515,4
spotify:track:5lUTzPuiloBHm1qEaJcJfF,USRC10600413,Candyman,Back To Basics,Christina Aguilera,2006-08-14,194213,67,false,dy3capua3h7iz6vjq1bo02tbz,2024-05-21T12:38:06Z,,RCA Records Label,0.686,0.789,8,-4.713,0,0.23,0.0125,0.0147,0.142,0.72,172.976,4
spotify:track:6PD6DGLa4Vwm6PweC1VXs2,USUM70609117,Fergalicious,The Dutchess Deluxe,Fergie;will.i.am,2007-01-01,292373,48,true,dy3capua3h7iz6vjq1bo02tbz,2024-05-21T12:38:06Z,,Will I Am / Fergie LP1,0.906,0.584,8,-7.722,0,0.316,0.0555,0,0.127,0.833,129.063,4
spotify:track:2NuKEKpF7SeDGmnnNbOzE2,USLF20600021,Who Knew - Edit,Greatest Hits...So Far!!!,P!nk,2010-11-12,207893,43,false,dy3capua3h7iz6vjq1bo02tbz,2024-05-21T12:38:06Z,,LaFace Records,0.689,0.737,9,-4.516,1,0.0268,0.00482,0,0.0777,0.47,140,4
spotify:track:7GX20ymx9qEIHRTxvIgCp3,GBHMU0600016,No Promises,No Promises (slowed),Shayne Ward,2023-10-27,223653,18,false,dy3capua3h7iz6vjq1bo02tbz,2024-05-21T12:38:06Z,,Syco Music UK,0.418,0.547,4,-4.49,1,0.0267,0.517,0,0.126,0.195,79.71,4
spotify:track:5uYvbUO6LIlDgBDf7wMK1G,GBUM70602587,I Don't Feel Like Dancin',Ta-Dah,Scissor Sisters,2006-01-01,288360,45,false,dy3capua3h7iz6vjq1bo02tbz,2024-05-21T12:38:06Z,,Polydor Records,0.71,0.917,7,-3.385,1,0.0287,0.018,0,0.335,0.829,108.029,4
spotify:track:0WUfzubDBLmpnv6sFcBqfC,ZAA010600243,What I Believe,What's That Noise,NKD,2006-10-06,218386,9,false,dy3capua3h7iz6vjq1bo02tbz,2024-05-21T12:38:06Z,,Colossal,0.61,0.709,7,-4.761,1,0.0281,0.0248,0,0.121,0.216,95.972,4
spotify:track:5f5YqZZe34nsabun39eqo8,GBAYE0501671,Put Your Records On,Put Your Records On,Corinne Bailey Rae,2006-01-01,213538,75,false,dy3capua3h7iz6vjq1bo02tbz,2024-05-21T12:38:06Z,,EMI Records,0.738,0.511,9,-7.849,1,0.0388,0.142,0.00000383,0.189,0.578,96.034,4
spotify:track:1WUZN5VGMFvrnE76xeA06K,GBARL0500641,You Raise Me Up,Greatest Hits,Westlife,2011-11-21,241808,45,false,dy3capua3h7iz6vjq1bo02tbz,2024-05-21T12:38:06Z,,RCA Records Label,0.236,0.352,10,-6.51,1,0.0306,0.657,0,0.0849,0.189,116.304,4
spotify:track:5aKfmY5yL6I6scE18C4se6,ZAA040500302,Letters,Mosaic,Watershed,2006-01-01,220453,37,false,dy3capua3h7iz6vjq1bo02tbz,2024-05-21T12:38:06Z,,EMI South Africa,0.515,0.688,0,-4.003,1,0.032,0.387,0.00000299,0.392,0.408,78.934,4
spotify:track:4Yn20PcIohkarnV1HcHY0P,GBARL0500805,Sweet Dreams (Are Made Of This) - Steve Angello Remix Edit,I've Got A Life/Sweet Dreams Remix,Eurythmics;Annie Lennox;Dave Stewart;Steve Angello,2006-02-27,330746,55,false,dy3capua3h7iz6vjq1bo02tbz,2024-05-21T12:38:06Z,"new wave,synthpop,progressive house",RCA Records Label,0.671,0.661,0,-7.441,0,0.208,0.000175,0.0086,0.0362,0.798,126.039,4
spotify:track:6JY1IdkZGeIcPegKxjSKeb,GBCTA0400231,Since U Been Gone,Breakaway,Kelly Clarkson,2004,188960,82,false,dy3capua3h7iz6vjq1bo02tbz,2024-05-21T12:38:06Z,christmas,RCA Records Label,0.662,0.739,9,-5.354,0,0.0322,0.00206,0.0603,0.113,0.382,130.999,4
spotify:track:41QnShDvEi2veXpxyd6AEG,GBAAN0500329,Push The Button,Overloaded: The Singles Collection,Sugababes,2006-01-01,217973,18,false,dy3capua3h7iz6vjq1bo02tbz,2024-05-21T12:38:06Z,,Universal-Island Records Ltd.,0.961,0.651,8,-5.126,1,0.0641,0.0468,0,0.0847,0.815,126.005,4
spotify:track:6tp27J7xy18DQiQXut3GsF,USIR10500766,Don't Lie,Monkey Business,Black Eyed Peas,2005-01-01,219000,69,false,dy3capua3h7iz6vjq1bo02tbz,2024-05-21T12:38:06Z,,Interscope,0.662,0.785,9,-5.299,1,0.186,0.16,0,0.0784,0.604,89.885,4
spotify:track:4TsmezEQVSZNNPv5RJ65Ov,USIR20500331,Pon de Replay,Music Of The Sun,Rihanna,2005-08-29,246960,83,false,dy3capua3h7iz6vjq1bo02tbz,2024-05-21T12:38:06Z,,Def Jam Recordings,0.779,0.64,7,-8.415,1,0.159,0.000155,0.000766,0.101,0.499,99.017,4
spotify:track:0CnD7Hiw6pae6rLsZw5q5W,USJI10500131,Incomplete,Never Gone,Backstreet Boys,2005-06-14,239586,70,false,dy3capua3h7iz6vjq1bo02tbz,2024-05-21T12:38:06Z,,Jive,0.437,0.589,4,-4.834,1,0.0331,0.231,0,0.0768,0.165,133.631,4
spotify:track:0reKGVcWLVvl1FzjZ6TACy,GBF080500011,I Like The Way - Radio Edit,Bodyrockers,Bodyrockers,2005-01-01,200053,58,false,dy3capua3h7iz6vjq1bo02tbz,2024-05-21T12:38:06Z,,EMI,0.642,0.851,6,-3.638,1,0.0431,0.0248,0.0146,0.084,0.777,127.988,4
spotify:track:6qFEkCFsHB8rNerOBfY5Su,USIR20500028,It's Like That,The Emancipation of Mimi,Mariah Carey;Jermaine Dupri;Fatman Scoop,2005,203360,64,false,dy3capua3h7iz6vjq1bo02tbz,2024-05-21T12:38:06Z,"christmas,southern hip hop",Def Jam Recordings,0.801,0.633,8,-4.866,0,0.0593,0.0642,0,0.0356,0.858,95.959,4
spotify:track:0Q6ciDsgGhJp20S2rA7OqV,USJAY0400348,Let Me Love You,Turning Point,Mario,2004-12-13,249120,33,false,dy3capua3h7iz6vjq1bo02tbz,2024-05-21T12:38:06Z,r&b,J Records,0.66,0.387,7,-15.655,0,0.119,0.15,0,0.0859,0.61,94.458,4
spotify:track:4Cv6ongCvJy9JfSkWVnb5D,USDJ20110815,Get Down On It,Something Special,Kool & The Gang,1981,293666,76,false,dy3capua3h7iz6vjq1bo02tbz,2024-05-21T12:38:06Z,"disco,funk",Island Def Jam,0.847,0.389,9,-15.362,0,0.0569,0.0753,0.000012,0.0471,0.968,111.52,4
spotify:track:396WOfbkqKaXYFwx6XjdOF,USAR10400490,Fall To Pieces,Under My Skin,Avril Lavigne,2004,208680,58,false,dy3capua3h7iz6vjq1bo02tbz,2024-05-21T12:38:06Z,,Arista,0.432,0.9,0,-2.832,1,0.0447,0.00248,0,0.631,0.486,178.086,4
spotify:track:2JxftzENN2rhpXxnOmtQBR,USJI10400852,My Prerogative,Greatest Hits: My Prerogative,Britney Spears,2004-11-08,213893,60,false,dy3capua3h7iz6vjq1bo02tbz,2024-05-21T12:38:06Z,pop,Jive,0.749,0.938,10,-4.423,0,0.118,0.0127,0.00000196,0.103,0.619,111.014,4
spotify:track:1WGZjkxK98iupVQ17IBLuA,CAV161800025,These Nights,These Nights,Langston Francis,2018-06-08,211120,14,false,dy3capua3h7iz6vjq1bo02tbz,2024-05-21T12:38:06Z,,Sony Music Canada,0.695,0.716,5,-5.686,0,0.1,0.173,0,0.13,0.513,98.028,4
spotify:track:7nDdxPUC5LbxmspeqkOzt8,USAT21802686,imagine if,we,gnash,2019-01-11,197216,64,true,dy3capua3h7iz6vjq1bo02tbz,2024-05-21T12:38:06Z,,:): / Atlantic,0.907,0.452,8,-6.673,1,0.187,0.568,0,0.244,0.691,92.063,4
spotify:track:4iVVU8DyQvOVsKafv3KWIF,GBARL1701655,Leave a Light On,What a Time To Be Alive,Tom Walker,2019-03-01,185863,70,false,dy3capua3h7iz6vjq1bo02tbz,2024-05-21T12:38:06Z,,Relentless Records,0.585,0.625,5,-5.94,1,0.109,0.0146,0.0000018,0.131,0.28,68.68,4
spotify:track:2HjRQCkENFt3HMJgajsxH5,TCACS1674095,Suppose,A Naked Twist in My Story,Secondhand Serenade,2012,230386,32,false,dy3capua3h7iz6vjq1bo02tbz,2024-05-21T12:38:06Z,emo,Secondhand Serenade Inc,0.334,0.251,11,-8.519,0,0.0369,0.58,0,0.261,0.198,148.729,4
spotify:track:4ut5G4rgB1ClpMTMfjoIuy,NLM5S1800265,High On Life (feat. Bonn),High On Life (feat. Bonn),Martin Garrix;Bonn,2018-07-29,230761,75,false,dy3capua3h7iz6vjq1bo02tbz,2024-05-21T12:38:06Z,"edm,progressive house,electronica",Epic Amsterdam,0.414,0.486,6,-6.431,0,0.0311,0.0129,0,0.111,0.368,128.038,4
spotify:track:1p6Sc7zeA9dMIDT1mIpCJ1,GBAHT1800316,Your Lovin' (feat. MØ & Yxng Bane),Your Lovin' (feat. MØ & Yxng Bane),Steel Banglez;MØ;Yxng Bane,2018-06-14,203972,54,true,dy3capua3h7iz6vjq1bo02tbz,2024-05-21T12:38:06Z,"afroswing,grime,uk grime,uk r&b",Warner Records,0.502,0.873,0,-5.175,0,0.241,0.0712,0,0.0702,0.384,81.282,4
spotify:track:6qcuRcbz8DCLG6nG4or8Uo,USSM11703766,Cherry Hill,There's Really A Wolf,Russ,2017-05-05,222453,68,false,dy3capua3h7iz6vjq1bo02tbz,2024-05-21T12:38:06Z,,Columbia,0.681,0.469,2,-10.803,0,0.0366,0.161,0.403,0.108,0.0373,130.022,4
spotify:track:2f8ay8h3XgAAAj8LuyMe3k,USUM71502643,Renegades,VHS 2.0,X Ambassadors,2016-06-10,195200,37,false,dy3capua3h7iz6vjq1bo02tbz,2024-05-21T12:38:06Z,,Kid Ina Korner / Interscope,0.526,0.862,2,-6.003,1,0.0905,0.0144,0.0597,0.229,0.528,90.052,4
spotify:track:5COKU86j0iPUfZ8IAU8Vqs,USUM71604078,Low Life 2.0,VHS 2.0,X Ambassadors;Jamie N Commons;A$AP Ferg,2016-06-10,206293,29,false,dy3capua3h7iz6vjq1bo02tbz,2024-05-21T12:38:06Z,"southern gothic,rap",Kid Ina Korner / Interscope,0.487,0.645,0,-5.683,1,0.183,0.117,0,0.105,0.202,139.57,4
spotify:track:1XvPsaiVt6sQkFKtJUGDVG,USUM71318256,The Business,The Reason EP,X Ambassadors,2015-08-10,259786,20,false,dy3capua3h7iz6vjq1bo02tbz,2024-05-21T12:38:06Z,,Kid Ina Korner / Interscope,0.524,0.934,1,-6.759,1,0.106,0.0969,0,0.259,0.769,166.599,4
spotify:track:3RCT90rX7F5rSwMwUU4Pz6,USUM71304276,Love Songs Drug Songs,Love Songs Drug Songs,X Ambassadors,2013-01-01,219560,41,false,dy3capua3h7iz6vjq1bo02tbz,2024-05-21T12:38:06Z,,Kid Ina Korner / Interscope,0.616,0.85,5,-5.419,0,0.058,0.00216,0.0667,0.181,0.47,142.841,4
spotify:track:4qwaIFrAbHGLjeqwEO77rG,USUM71310821,Shining,The Reason EP,X Ambassadors,2015-08-10,217853,36,false,dy3capua3h7iz6vjq1bo02tbz,2024-05-21T12:38:06Z,,Kid Ina Korner / Interscope,0.433,0.807,10,-4.601,0,0.115,0.0106,0.0000414,0.065,0.565,79.955,4
spotify:track:1NJAy0SC6DVc7yroWbN1Fs,USUM71604080,Kerosene Dreams,VHS 2.0,X Ambassadors,2016-06-10,233013,42,false,dy3capua3h7iz6vjq1bo02tbz,2024-05-21T12:38:06Z,,Kid Ina Korner / Interscope,0.474,0.692,1,-8.085,1,0.0588,0.145,0.012,0.163,0.192,83.97,4
spotify:track:0jpoRHaMiyKNnCectzcXTv,USUM71304273,Unconsolable,Love Songs Drug Songs,X Ambassadors,2013-01-01,216706,41,false,dy3capua3h7iz6vjq1bo02tbz,2024-05-21T12:38:06Z,,Kid Ina Korner / Interscope,0.671,0.614,6,-7.544,0,0.0362,0.00321,0.0315,0.111,0.344,151.006,4
spotify:track:2CCWQuohzAEhHmahBeknuh,CYA111700144,Carry You Home (feat. StarGate & Aloe Blacc),Carry You Home (feat. StarGate & Aloe Blacc),Tiësto;Stargate;Aloe Blacc,2017-09-29,194720,11,false,dy3capua3h7iz6vjq1bo02tbz,2024-05-21T12:38:06Z,"edm,trance,big room",Musical Freedom,0.492,0.747,8,-5.764,1,0.108,0.0304,0,0.111,0.358,121.75,4
spotify:track:1CkNm4gprWnFCdiHGoql5C,QMCE31801628,Ocean (feat. Jacquees),Ocean (feat. Jacquees),TK Kravitz;Jacquees,2018-02-02,219437,37,true,dy3capua3h7iz6vjq1bo02tbz,2024-05-21T12:38:06Z,"r&b,trap soul",300 Entertainment,0.711,0.264,1,-17.696,0,0.187,0.268,0,0.24,0.341,133.874,4
spotify:track:6zIfdCmmhPCX0cMquBsC37,GBARL8300027,Sweet Dreams (Are Made of This),Greatest Hits,Eurythmics;Annie Lennox;Dave Stewart,1991-02-28,292560,65,false,dy3capua3h7iz6vjq1bo02tbz,2024-05-21T12:38:06Z,"new wave,synthpop",Arista,0.713,0.584,8,-11.811,1,0.0434,0.3,0.00028,0.122,0.857,125.989,4
spotify:track:1DRUwJSt2YOUUEz965OJ66,USUM71704112,Champion,MANIA,Fall Out Boy,2018-01-19,192533,57,false,dy3capua3h7iz6vjq1bo02tbz,2024-05-21T12:38:06Z,"emo,pop punk",Island Records,0.308,0.905,0,-4.109,1,0.254,0.000934,0.0000319,0.431,0.309,187.784,4
spotify:track:0MweslRoB3jPG85kaP9UaF,QM24S1703794,Sleep Talking,Young,Charlotte Lawrence,2018-06-22,224223,14,false,dy3capua3h7iz6vjq1bo02tbz,2024-05-21T12:38:06Z,,Charlotte Lawrence under the exclusive rights Human Re Sources,0.669,0.762,2,-4.307,0,0.0398,0.453,0,0.162,0.582,102.005,4
spotify:track:5ELU5WP9GpuMQ78RAivBjx,NOG842209010,Fade,Origins,Alan Walker,2022-06-03,264048,63,false,dy3capua3h7iz6vjq1bo02tbz,2024-05-21T12:38:06Z,,Kreatell Music,0.789,0.651,6,-4.149,1,0.0423,0.0112,0.0411,0.0792,0.472,179.975,4
spotify:track:34F4GJFUzPvPJmGrTpyqlZ,NOG841602010,Faded (Restrung),Faded,Alan Walker,2015-12-04,217053,52,false,dy3capua3h7iz6vjq1bo02tbz,2024-05-21T12:38:06Z,,Kreatell Music,0.382,0.382,6,-6.635,1,0.0306,0.916,0.000309,0.139,0.293,179.844,4
spotify:track:3gBiC50QtRYGuo9pL4fQfI,USRE10900522,Know Your Enemy,21st Century Breakdown,Green Day,2009-05-09,191786,53,false,dy3capua3h7iz6vjq1bo02tbz,2024-05-21T12:38:06Z,"punk,pop punk",Reprise,0.559,0.955,4,-3.924,1,0.0412,0.00237,0.0000706,0.0566,0.957,129.98,4
spotify:track:19PvplEM1zbbrCahVcyUOj,USSM11300482,"Shooting Star (From ""Escape from Planet Earth"" Soundtrack)",Escape from Planet Earth,Adam Young;Dan Omelio;Matthew Thiessen;Tor Erik Hermansen;Mikkel Storleer Eriksen;Owl City,2013-02-08,246466,26,false,dy3capua3h7iz6vjq1bo02tbz,2024-05-21T12:38:06Z,,Sony Classical,0.518,0.862,0,-5.774,1,0.0512,0.0113,0,0.0966,0.475,124.044,4
spotify:track:0RLjnX1vYWvtdThB8LABwo,NOG841701010,Faded - Piano Version,Faded,Alan Walker,2015-12-04,215080,42,false,dy3capua3h7iz6vjq1bo02tbz,2024-05-21T12:38:06Z,,Kreatell Music,0.46,0.158,6,-12.607,1,0.069,0.992,0.847,0.075,0.382,180.137,4
spotify:track:4YZNILrv7RwA57GHmmvj7o,CAC221300010,Incredible,Loved Me Back to Life,Céline Dion;Ne-Yo,2013-11-01,235226,49,false,dy3capua3h7iz6vjq1bo02tbz,2024-05-21T12:38:06Z,variété française,Columbia,0.533,0.653,2,-5.099,1,0.0277,0.441,0,0.146,0.302,82.048,4
spotify:track:7JRctXaGVSrEG18RjYLbrB,SEVUM1100106,I Follow Rivers - Radio Edit,I Follow Rivers,Lykke Li,2008,200532,52,false,dy3capua3h7iz6vjq1bo02tbz,2024-05-21T12:38:06Z,,Atlantic Records,0.64,0.767,9,-6.988,0,0.0561,0.448,0.0000916,0.217,0.673,122.266,4
spotify:track:4Aep3WGBQlpbKXkW7kfqcU,USAT21500313,See You Again (feat. Charlie Puth),Furious 7: Original Motion Picture Soundtrack,Wiz Khalifa;Charlie Puth,2015-03-17,229525,59,false,dy3capua3h7iz6vjq1bo02tbz,2024-05-21T12:38:06Z,soft pop,Atlantic Records,0.69,0.48,10,-7.503,1,0.0816,0.369,0,0.0649,0.286,80.025,4
spotify:track:0cqRj7pUJDkTCEsJkx8snD,USCJY1431349,Shake It Off,1989 (Deluxe),Taylor Swift,2014-01-01,219200,85,false,dy3capua3h7iz6vjq1bo02tbz,2024-05-21T12:38:06Z,,Taylor Swift,0.647,0.8,7,-5.384,1,0.165,0.0647,0,0.334,0.942,160.078,4
spotify:track:4RL77hMWUq35NYnPLXBpih,GBAHS1100350,Skinny Love,Birdy,Birdy,2011-11-04,201080,73,false,dy3capua3h7iz6vjq1bo02tbz,2024-05-21T12:38:06Z,,Atlantic Records UK,0.379,0.29,4,-8.487,1,0.0513,0.952,0.000996,0.118,0.184,165.997,4
spotify:track:1YgODdB10HrX5KT31UWtO2,USAT20705841,Low (feat. T-Pain),Mail on Sunday,Flo Rida;T-Pain,2008-03-17,230000,32,false,dy3capua3h7iz6vjq1bo02tbz,2024-05-21T12:38:06Z,,Poe Boy/Atlantic,0.87,0.693,10,-4.571,0,0.0593,0.0624,0,0.153,0.37,128.029,4
spotify:track:1VyiUi0mRnSKgtHa5dBoUd,CA6MD1500001,Spirits,Hope,The Strumbellas,2016-04-22,203653,2,false,dy3capua3h7iz6vjq1bo02tbz,2024-05-21T12:38:06Z,folk pop,Glassnote Entertainment Group LLC,0.556,0.657,0,-6.075,1,0.0265,0.17,0,0.113,0.79,80.529,4
spotify:track:3whqdmYRaSMxD5btKCslHx,USSM18600196,The Final Countdown,The Final Countdown: The Best Of Europe,Europe,2009-06-11,310293,29,false,dy3capua3h7iz6vjq1bo02tbz,2024-05-21T12:38:06Z,glam metal,Legacy Recordings,0.517,0.921,6,-5.59,0,0.0635,0.0697,0.000873,0.0769,0.168,117.552,4
spotify:track:5TCkm09syW6eVofZGJ7rgG,GBUM71029625,I Want To Break Free - Remastered 2011,The Platinum Collection (2011 Remaster),Queen,2011-01-01,258000,13,false,dy3capua3h7iz6vjq1bo02tbz,2024-05-21T12:38:06Z,"classic rock,rock,glam rock",EMI,0.796,0.43,4,-8.994,1,0.0325,0.0863,0.000342,0.0775,0.559,108.959,4
spotify:track:21qnJAMtzC6S5SESuqQLEK,BED018901375,Pump Up The Jam,Pump Up The Jam,Technotronic,1989-11-28,320306,77,false,dy3capua3h7iz6vjq1bo02tbz,2024-05-21T12:38:06Z,"eurodance,hip house,dance",Universal Music S.A.,0.885,0.844,10,-9.225,0,0.0733,0.0147,0.00000449,0.0494,0.715,124.602,4
spotify:track:1lkC6oC7SbwgnEBEC05r64,USAR10100717,Get the Party Started,Greatest Hits...So Far!!!,P!nk,2010-11-12,192226,40,false,dy3capua3h7iz6vjq1bo02tbz,2024-05-21T12:38:06Z,,LaFace Records,0.799,0.903,11,-3.366,0,0.0449,0.00106,0,0.166,0.963,128.926,4
spotify:track:7krbSH3rd8lhIZvuzTV3Bl,DEE861702596,Naked,Naked,James Arthur,2017-11-24,234106,63,false,dy3capua3h7iz6vjq1bo02tbz,2024-05-21T12:38:06Z,soft pop,Columbia Local,0.529,0.607,6,-6.781,1,0.0574,0.104,0,0.0631,0.238,101.966,4
spotify:track:3PkvYP6223QO3xlW2THd1x,USCA29200183,Would I Lie To You?,Duophonic,Charles & Eddie,1992-01-01,279600,75,false,dy3capua3h7iz6vjq1bo02tbz,2024-05-21T12:38:06Z,,Capitol Records,0.547,0.538,11,-11.39,0,0.0567,0.473,0,0.0369,0.718,202.408,4
spotify:track:3ZruqOWnlIWnj5zb9VPqsU,GBAHK0400117,The Lion Sleeps Tonight,Reeling In The Decades,Tight Fit,2011-01-01,180400,21,false,dy3capua3h7iz6vjq1bo02tbz,2024-05-21T12:38:06Z,,EMI Ireland,0.668,0.77,5,-7.997,1,0.0385,0.0117,0.0000186,0.0961,0.858,121.345,4
spotify:track:5sA4n1wolLZk2YpBLbsCqj,GBAHS1400082,Sing,x (Wembley Edition),Ed Sheeran,2015-11-13,235382,42,false,dy3capua3h7iz6vjq1bo02tbz,2024-05-21T12:38:06Z,soft pop,Atlantic Records UK,0.818,0.67,8,-4.451,0,0.0472,0.304,0.00000122,0.0601,0.939,119.988,4
spotify:track:34gCuhDGsG4bRPIf9bb02f,GBAHS1400099,Thinking out Loud,x (Deluxe Edition),Ed Sheeran,2014-06-21,281560,86,false,dy3capua3h7iz6vjq1bo02tbz,2024-05-21T12:38:06Z,soft pop,Atlantic Records UK,0.781,0.445,2,-6.061,1,0.0295,0.474,0,0.184,0.591,78.998,4
spotify:track:4CULIE85saoasql7R0oeib,ITC941301276,Fist Pump Jump Jump - A.R. Mix,100 Hits: The Best of 2013,MC Joe;The Vanillas;A.R.,2013-01-01,236535,0,false,dy3capua3h7iz6vjq1bo02tbz,2024-05-21T12:38:06Z,"happy hardcore,gabber",The Saifam Group Digital,0.83,0.749,4,-5.005,1,0.0977,0.102,0,0.199,0.644,127.992,3
spotify:track:0vDX1HflvYzAWsx1sWAMdg,USUM71709091,Tell Me You Love Me,Tell Me You Love Me (Deluxe),Demi Lovato,2017-09-29,236986,40,false,dy3capua3h7iz6vjq1bo02tbz,2024-05-21T12:38:06Z,,Demi LP2 - Island/Hollywood,0.538,0.6,6,-5.463,1,0.0488,0.0273,0,0.147,0.259,81.891,4
spotify:track:7qbRP2jO0Sq3kTYdEW1v00,GBAYE0900590,Day Tripper - Remastered 2009,Past Masters (Vols. 1 & 2 / Remastered),The Beatles,1988-03-07,169146,43,false,dy3capua3h7iz6vjq1bo02tbz,2024-05-21T12:38:06Z,"classic rock,psychedelic rock",EMI Catalogue,0.643,0.723,6,-10.628,0,0.0299,0.104,0.00000123,0.274,0.729,137.698,4
spotify:track:1B74p3VbBJqJb0skYKlyQo,CAB391200848,Too Little Too Late,Lost in Paradise,Faber Drive,2012-08-28,221866,0,false,dy3capua3h7iz6vjq1bo02tbz,2024-05-21T12:38:06Z,,604 Records Inc.,0.619,0.795,2,-4.975,1,0.0344,0.185,0,0.297,0.802,155.912,4
spotify:track:7k7nUZbMwKFWM3HmZmqroX,USCH38400001,We Belong,The Very Best Of Pat Benatar,Pat Benatar,1994-04-11,218706,25,false,dy3capua3h7iz6vjq1bo02tbz,2024-05-21T12:38:06Z,aor,CAPITOL CATALOG MKT (C92),0.715,0.32,5,-14.992,1,0.0485,0.37,0.00000163,0.271,0.27,134.81,4
spotify:track:7lrVEKB5tZdDciy1PZaf4z,GBAAA8500062,"Don't You (Forget About Me) - 12"" Version",Once Upon A Time (Super Deluxe),Simple Minds,1985,396466,61,false,dy3capua3h7iz6vjq1bo02tbz,2024-05-21T12:38:06Z,new wave,UMC (Universal Music Catalogue),0.65,0.832,2,-6.041,1,0.0307,0.124,0.0262,0.0702,0.774,111.343,4
spotify:track:12kD2uTZlOgDvheCRyudHg,USSM18800153,Eternal Flame,Beautiful,The Bangles;Susanna Hoffs,2004-02-24,231426,15,false,dy3capua3h7iz6vjq1bo02tbz,2024-05-21T12:38:06Z,"jangle pop,power pop",BMG Entertainment,0.529,0.368,7,-6.931,1,0.0241,0.294,0,0.169,0.389,78.974,3
spotify:track:6Qm9MaditCcx5V62rVHYqu,USIR10210955,A Thousand Miles,Best Of,Vanessa Carlton,2011-01-01,237440,65,false,dy3capua3h7iz6vjq1bo02tbz,2024-05-21T12:38:06Z,,A&M (UC),0.488,0.832,11,-3.876,1,0.0388,0.273,0,0.192,0.258,94.84,4
spotify:track:3QHONiXGMGU3z68mQInncF,USBB40581044,"I'll Be Missing You (feat. Faith Evans, 112)",Bad Boy's 10th Anniversary- The Hits,Diddy;Faith Evans;112,2004-03-09,301520,74,false,dy3capua3h7iz6vjq1bo02tbz,2024-05-21T12:38:06Z,"hip hop,east coast hip hop,r&b",Bad Boy Records,0.862,0.479,7,-9.199,1,0.0645,0.0523,0.00126,0.589,0.924,109.877,4
spotify:track:7wejhwPWQbu37yEtQHThdp,USRN19400390,Islands In the Stream,80s 100 Hits - Volume 2,Dolly Parton;Kenny Rogers,2011-04-08,249626,24,false,dy3capua3h7iz6vjq1bo02tbz,2024-05-21T12:38:06Z,"country,classic country",Sony Music Entertainment,0.595,0.409,8,-12.551,1,0.0339,0.6,0,0.0681,0.734,203.846,4
spotify:track:72by3Re4C3eVEBXvsUo0zV,USSM10801473,Green Light (feat. André 3000),Evolver,John Legend;André 3000,2008-10-27,284186,61,false,dy3capua3h7iz6vjq1bo02tbz,2024-05-21T12:38:06Z,"soft pop,neo soul,ambient jazz",G.O.O.D. Music/Columbia,0.622,0.882,9,-5.59,0,0.119,0.0912,0,0.216,0.762,77.506,4
spotify:track:5tuBwCbDfEPC4bujZOr1Du,GBARL1400978,Superheroes,Veertig Hits Volume 3,The Script,2017-10-27,241320,0,false,dy3capua3h7iz6vjq1bo02tbz,2024-05-21T12:38:06Z,,Select Musiek,0.493,0.883,3,-4.116,1,0.0425,0.00217,0,0.0773,0.623,166.996,4
spotify:track:3BuLtAmXKy5uQYl4ED1zBT,USKFE1620002,Weak,The Click,AJR,2017-06-30,201159,62,false,dy3capua3h7iz6vjq1bo02tbz,2024-05-21T12:38:06Z,,Black Butter,0.673,0.637,5,-4.518,1,0.0429,0.137,0,0.184,0.678,123.98,4
spotify:track:69kOkLUCkxIZYexIgSG8rq,USQX91300108,Get Lucky (feat. Pharrell Williams and Nile Rodgers),Random Access Memories,Daft Punk;Pharrell Williams;Nile Rodgers,2013-05-20,369626,78,false,dy3capua3h7iz6vjq1bo02tbz,2024-05-21T12:38:06Z,"french house,electronic,electro",Columbia,0.81,0.793,6,-9.404,0,0.0403,0.0378,0.00000177,0.072,0.863,116.05,4
spotify:track:2u6fRGcaBhpI4uNBHpGv0b,USDW10110179,Hallelujah,Vibrate: The Best Of (Deluxe Edition),Rufus Wainwright,2013-01-01,251586,62,false,dy3capua3h7iz6vjq1bo02tbz,2024-05-21T12:38:06Z,singer-songwriter,Geffen,0.367,0.156,9,-10.052,0,0.0314,0.88,0,0.0972,0.44,73.138,4
spotify:track:1lv8jpWm58rEiNUv5miprj,USRH10125749,I'm a Believer,American Classics,The Monkees,2016-04-22,165613,22,false,dy3capua3h7iz6vjq1bo02tbz,2024-05-21T12:38:06Z,,Rhino,0.502,0.772,0,-6.205,1,0.0322,0.595,0.00000247,0.199,0.935,79.463,4
spotify:track:7pqZZcz4K6Oitb9G8hXJUG,TCADH1775164,Start a War,Start a War,Klergy;Valerie Broussard,2017-10-10,214545,58,false,dy3capua3h7iz6vjq1bo02tbz,2024-05-21T12:38:06Z,,Something Sparks,0.472,0.454,4,-9.278,0,0.0584,0.57,0.00186,0.321,0.0391,65.991,4
spotify:track:5k4NKXD8OHloyMBnz239av,USSM11204049,"Fist Pump, Jump Jump (feat. Greg Tecoz)","Fist Pump, Jump Jump (feat. Greg Tecoz)",Ying Yang Twins;Greg Tecoz,2012-07-03,235600,38,false,dy3capua3h7iz6vjq1bo02tbz,2024-05-21T12:38:06Z,"crunk,southern hip hop",Epic,0.743,0.745,11,-5.084,0,0.12,0.0595,0,0.14,0.517,127.981,4
spotify:track:2daIaoy5IUJQcGyvklyIWK,USSM18600734,I'll Be Over You,The Essential Toto,TOTO,2014-06-23,229266,32,false,dy3capua3h7iz6vjq1bo02tbz,2024-05-21T12:38:06Z,"yacht rock,soft rock",Legacy Recordings,0.505,0.478,10,-10.211,1,0.0273,0.0721,0,0.218,0.398,82.172,4
spotify:track:7mNP1trasEDl1YSySrP0GW,ZAA010500101,I'd Like,Nomvula,Freshlyground,2004-09-07,382373,18,false,dy3capua3h7iz6vjq1bo02tbz,2024-05-21T12:38:06Z,"afro soul,afropop,dubstep",Red Ink,0.573,0.194,10,-9.371,1,0.0298,0.814,0.0000661,0.102,0.115,138.133,4
spotify:track:4aLcGMxwFtcZRpl7NDtNW2,DEA619660820,Time To Say Goodbye,The Best of Andrea Bocelli - 'Vivere',Sarah Brightman;Andrea Bocelli,2007-01-01,245893,59,false,dy3capua3h7iz6vjq1bo02tbz,2024-05-21T12:38:06Z,"classical crossover,opera,musicals",Universal Music Group International,0.201,0.435,7,-7.149,1,0.033,0.818,0.00245,0.0985,0.349,156.477,3
spotify:track:1PveHQzLLovSMCvBqqgIFX,FR08F8400540,Chariots of Fire,The Music of Love,Richard Clayderman,1984-01-01,180493,41,false,dy3capua3h7iz6vjq1bo02tbz,2024-05-21T12:38:06Z,easy listening,Union Square Music,0.572,0.266,1,-15.476,1,0.0305,0.0684,0.859,0.0888,0.0595,134.419,4
spotify:track:0ec2YqaLnasKAES0iWMmhy,USMC10000393,It Wasn't Me,The Boombastic Collection - Best Of Shaggy (International Version),Shaggy;Rik Rok,2008-01-01,227546,54,false,dy3capua3h7iz6vjq1bo02tbz,2024-05-21T12:38:06Z,"reggae,riddim,dancehall,ragga,lovers rock",Geffen,0.852,0.605,0,-4.569,1,0.0642,0.0514,0,0.327,0.669,94.762,4
spotify:track:3rvEwBi1mFFHqCnkrGmnWp,DEA621701169,Unforgettable,Uncovered,Robin Schulz;Marc Scibilia,2017-09-29,225960,53,false,dy3capua3h7iz6vjq1bo02tbz,2024-05-21T12:38:06Z,tropical house,WM Germany,0.683,0.538,4,-8.503,0,0.0599,0.138,0.00000128,0.303,0.445,110,4
spotify:track:1KqlVt63Q4bl1VdSlymr5C,USAT21301412,Riptide,Riptide,Vance Joy,2013-05-21,204280,54,false,dy3capua3h7iz6vjq1bo02tbz,2024-05-21T12:38:06Z,folk pop,Atlantic Records,0.484,0.731,1,-6.694,1,0.0379,0.431,0,0.151,0.51,101.654,4
spotify:track:28P5HAF0Kll9Xd9dX4qw7A,USVR19300001,Eye of the Tiger,Eye Of The Tiger,Survivor,1982,243773,61,false,dy3capua3h7iz6vjq1bo02tbz,2024-05-21T12:38:06Z,,Volcano,0.815,0.438,0,-14.522,0,0.0346,0.216,0.000466,0.0787,0.552,108.965,4
spotify:track:0VGyBqMFAJFlSAikuqMUfa,USRH11509315,You Can't Hurry Love - 2016 Remaster,"Hello, I Must Be Going (2016 Remaster)",Phil Collins,1982-11-05,174080,55,false,dy3capua3h7iz6vjq1bo02tbz,2024-05-21T12:38:06Z,soft rock,Rhino,0.62,0.937,7,-4.584,1,0.0312,0.0334,0,0.104,0.75,97.705,4
spotify:track:1gLv6JgxTOZx9lPBBH7wXm,USSB29000129,Ice Ice Baby,TBT Rapero,Vanilla Ice,2023-05-19,270586,0,false,dy3capua3h7iz6vjq1bo02tbz,2024-05-21T12:38:06Z,,UME - Global Clearing House,0.977,0.777,7,-8.409,1,0.0872,0.0395,0.00000184,0.101,0.688,115.755,4
spotify:track:4jUuqKRr1fB4c1RvU6syls,USJI10000100,Oops!...I Did It Again,Greatest Hits: My Prerogative,Britney Spears,2004-11-08,210853,49,false,dy3capua3h7iz6vjq1bo02tbz,2024-05-21T12:38:06Z,pop,Jive,0.755,0.832,11,-4.869,1,0.0462,0.317,0.000019,0.219,0.888,95.044,4
spotify:track:568SEFtDjKr7N2PytpA6D5,USNLR1500393,Over The Rainbow,The Wizard of Oz (Original Motion Picture Soundtrack) [Deluxe Edition],Judy Garland,1939-08-25,165240,58,false,dy3capua3h7iz6vjq1bo02tbz,2024-05-21T12:38:06Z,christmas,WaterTower Music,0.191,0.0461,8,-21.192,1,0.0415,0.907,0.000299,0.151,0.226,84.687,4
spotify:track:6JnqbWl6N8g4Ikw5uZiJY4,GBCTA0900201,No Surprise,Leave This Town,Daughtry,2009-07-14,269693,52,false,dy3capua3h7iz6vjq1bo02tbz,2024-05-21T12:38:06Z,post-grunge,RCA Records Label,0.481,0.779,3,-3.81,1,0.031,0.00853,0,0.0993,0.142,96.029,4
spotify:track:3XKwyJP94OQeJSNuG6VXJd,NLB630100324,"Whenever, Wherever",Pure... Divas,Shakira,2010-12-10,196680,11,false,dy3capua3h7iz6vjq1bo02tbz,2024-05-21T12:38:06Z,latin pop,Sony Music Entertainment,0.792,0.738,1,-8.221,0,0.0431,0.288,0.0000198,0.179,0.888,107.652,4
spotify:track:5dH4ODGDW7OsRdsDCKRs44,USJAY0300082,She Will Be Loved,The Last Song,Maroon 5,2010-01-01,256053,37,false,dy3capua3h7iz6vjq1bo02tbz,2024-05-21T12:38:06Z,pop,Hollywood Records,0.521,0.673,0,-6.568,0,0.0405,0.0567,0,0.148,0.551,203.832,4
spotify:track:2zehfZUrpcqoeaOL3xfecL,USCJY1231018,We Are Never Ever Getting Back Together,"Country Workout, Volume 1",Taylor Swift,2018-05-04,193146,0,false,dy3capua3h7iz6vjq1bo02tbz,2024-05-21T12:38:06Z,,"Big Machine Records, LLC",0.535,0.673,7,-5.899,1,0.17,0.00988,0.000021,0.109,0.713,172.028,4
spotify:track:1bmX1yGa3aJkvfHgpdxwdo,GBAAM8300001,Every Breath You Take,Greatest Hits,The Police,1992-01-01,252706,56,false,dy3capua3h7iz6vjq1bo02tbz,2024-05-21T12:38:06Z,,Polydor Associated Labels,0.813,0.339,1,-14.177,1,0.0361,0.334,0.00375,0.0633,0.749,117.401,4
spotify:track:4y1LsJpmMti1PfRQV9AWWe,USSM18300548,Girls Just Want to Have Fun,She's So Unusual,Cyndi Lauper,1983-10-14,238120,85,false,dy3capua3h7iz6vjq1bo02tbz,2024-05-21T12:38:06Z,,Portrait,0.71,0.799,6,-4.897,1,0.0328,0.22,0.000602,0.349,0.725,120.372,4
spotify:track:5uFYYOyT3EclOVhiFzPJSz,DET189200600,Rhythm Is a Dancer,The Madman's Return,SNAP!,1992-01-01,332229,78,false,dy3capua3h7iz6vjq1bo02tbz,2024-05-21T12:38:06Z,eurodance,BMG Rights Management GmbH,0.757,0.652,9,-14.916,0,0.0333,0.214,0.257,0.0903,0.862,124.369,4
spotify:track:6XQz4HwNIQZ652JFa7putY,USAR11700308,I Will Always Love You - Film Version,I Wish You Love: More From The Bodyguard,Whitney Houston,2017-11-17,274696,59,false,dy3capua3h7iz6vjq1bo02tbz,2024-05-21T12:38:06Z,,Arista/Legacy,0.343,0.281,4,-9.534,1,0.0368,0.605,0.000296,0.0951,0.121,133.454,4
spotify:track:3P2CQ3VbkRJilviCuOGZl4,USTB12000152,Gangsta's Paradise - Remastered,Gangsta's Paradise (Deluxe Edition),Coolio;L.V.,1995-11-07,241013,44,false,dy3capua3h7iz6vjq1bo02tbz,2024-05-21T12:38:06Z,"west coast hip hop,g-funk","Tommy Boy Music, LLC",0.642,0.587,10,-7.517,0,0.0554,0.0672,0,0.428,0.401,79.956,4
spotify:track:1RSf4PIZomN5xGb2Arat9X,USIR29400443,Zombie,Stars: The Best Of The Cranberries 1992-2002,The Cranberries,2002-09-16,306626,51,false,dy3capua3h7iz6vjq1bo02tbz,2024-05-21T12:38:06Z,,Island Records,0.249,0.742,7,-5.319,1,0.0473,0.0131,0.000547,0.372,0.21,166.984,4
spotify:track:6YgV0EF8xJMZz0Zm6BTaT4,USJAY0300080,This Love,Songs About Jane,Maroon 5,2002-06-25,206200,65,false,dy3capua3h7iz6vjq1bo02tbz,2024-05-21T12:38:06Z,pop,Interscope Records*,0.712,0.862,5,-4.612,0,0.0378,0.0519,0,0.093,0.808,95.051,4
spotify:track:0vg4WnUWvze6pBOJDTq99k,USAT20401588,You're Beautiful,Back to Bedlam,James Blunt,2005-08-08,212960,80,true,dy3capua3h7iz6vjq1bo02tbz,2024-05-21T12:38:06Z,,Custard/Atlantic,0.675,0.479,0,-9.87,0,0.0278,0.633,0.0000176,0.088,0.454,81.998,4
spotify:track:2bvtlSnIQOVxWnIZPM3gbJ,DEA349700542,Tubthumping,Massive Hits!: Alternative,Chumbawamba,2013-03-08,234133,17,false,dy3capua3h7iz6vjq1bo02tbz,2024-05-21T12:38:06Z,,Parlophone UK,0.394,0.944,2,-8.082,1,0.181,0.0906,0,0.473,0.616,207.686,4
spotify:track:4L6JuP0u5pYruWojuHk6ls,USCA29100164,Weather With You,The Very Very Best Of Crowded House (Deluxe Edition),Crowded House,2010-10-15,223506,36,false,dy3capua3h7iz6vjq1bo02tbz,2024-05-21T12:38:06Z,,Capitol Records,0.641,0.791,2,-7.51,1,0.0275,0.112,0,0.291,0.879,93.992,4
spotify:track:0t8R66DymqgWq2BjureW9r,ZAA029200012,Weekend Special,Legends,Brenda & The Big Dudes,2008-01-01,279306,46,false,dy3capua3h7iz6vjq1bo02tbz,2024-05-21T12:38:06Z,"afropop,bubblegum pop,afro soul",The CCP Record Company (Pty) Limited,0.733,0.757,7,-6.463,1,0.109,0.159,0.0000188,0.166,0.817,111.414,4
spotify:track:5Ln2Xz1YeO34uWhsjdY7bk,GMM881200005,Same Love (feat. Mary Lambert),The Heist (Deluxe Edition),Macklemore & Ryan Lewis;Macklemore;Ryan Lewis;Mary Lambert,2012-10-09,320034,48,false,dy3capua3h7iz6vjq1bo02tbz,2024-05-21T12:38:06Z,,Macklemore,0.618,0.475,8,-9.05,1,0.165,0.718,0.0000233,0.0994,0.313,84.964,4
spotify:track:22ea9e9wspXjaR7qfqfsdS,USWB10900840,Blitzkrieg Bop,Hey Ho Let's Go,Ramones,2017-04-14,133440,59,false,dy3capua3h7iz6vjq1bo02tbz,2024-05-21T12:38:06Z,"punk,proto-punk",Warner Music Group - X5 Music Group,0.547,0.733,9,-6.558,1,0.0433,0.0103,0.131,0.117,0.962,176.198,4
spotify:track:2nz41ZdIRChn4FggQtwOIg,USAM18490004,Heaven,Anthology,Bryan Adams,2005-01-01,243760,0,false,dy3capua3h7iz6vjq1bo02tbz,2024-05-21T12:38:06Z,,Polydor Records,0.397,0.619,9,-6.068,0,0.0264,0.0599,0.00000135,0.167,0.351,70.079,4
spotify:track:1UcXPJFwm7XRVveqp4BB1q,GBAYE9000089,Unbelievable,Best Of (Epsom Mad Funkers),EMF,2002-04-17,209813,17,true,dy3capua3h7iz6vjq1bo02tbz,2024-05-21T12:38:06Z,,Believe,0.637,0.849,1,-6.855,1,0.0362,0.000341,0.0386,0.141,0.936,104.074,4
spotify:track:5ykFyJhCYzuKkfbttndHbb,GBKPL1791163,Ghetto Style,Ghetto Style,Misunderstood,2017-10-20,206490,18,true,dy3capua3h7iz6vjq1bo02tbz,2024-05-21T12:38:06Z,,8pm Ltd,0.8,0.795,0,-2.86,0,0.0443,0.0847,0,0.121,0.628,105.013,4
spotify:track:6kwH41LJ6hfxlGn2c4oh6Y,TCADR1866827,Together,Joytime II,Marshmello,2018-06-22,246760,44,false,dy3capua3h7iz6vjq1bo02tbz,2024-05-21T12:38:06Z,edm,Marshmello,0.567,0.703,10,-2.08,0,0.0311,0.00114,0.921,0.101,0.309,142.019,4
spotify:track:1FPJZZjcwG2IGF0UVLrmKL,TCADR1824508,Tell Me,Joytime II,Marshmello,2018-06-22,158400,37,false,dy3capua3h7iz6vjq1bo02tbz,2024-05-21T12:38:06Z,edm,Marshmello,0.558,0.919,1,-1.948,1,0.0426,0.00651,0.789,0.196,0.839,150.049,4
spotify:track:7fEfIU4ZVvB5Wb6xg2zcvx,TCADR1866841,Paralyzed,Joytime II,Marshmello,2018-06-22,219718,39,false,dy3capua3h7iz6vjq1bo02tbz,2024-05-21T12:38:06Z,edm,Marshmello,0.5,0.956,9,-1.363,0,0.0468,0.00696,0.00138,0.533,0.123,141.975,4
spotify:track:6KPWUbnWYP8bRRAZHYyi7h,QZES61891564,Down Caves,Down Caves,ColBreakz;Punyaso,2018-11-19,215909,20,false,dy3capua3h7iz6vjq1bo02tbz,2024-05-21T12:38:06Z,"dubstep,drumstep,deathstep",ColBreakz & Punyaso,0.654,0.787,5,-4.07,0,0.107,0.00366,0.00000853,0.114,0.538,110.009,4
spotify:track:1WrwmNLeltkG6BuXv2DEWS,SEAME8878130,Listen To Your Heart,Look Sharp! 30th Anniversary Edition,Roxette,1988-10-22,328093,64,false,dy3capua3h7iz6vjq1bo02tbz,2024-05-21T12:38:06Z,swedish pop,WM Sweden,0.539,0.583,1,-4.935,0,0.0275,0.108,0,0.111,0.337,86.065,4
spotify:track:16LEu1087PatcHCKTkci1C,USAR18000002,All out of Love,Lost in Love,Air Supply,1980-03-03,243600,40,false,dy3capua3h7iz6vjq1bo02tbz,2024-05-21T12:38:06Z,soft rock,"David Gresham Records, under exclusive license from Auric Entertainment (Pty) Ltd",0.516,0.349,0,-12.738,1,0.0267,0.333,0.00000268,0.194,0.378,108.385,4
spotify:track:1EzrEOXmMH3G43AXT1y7pA,USEE10800667,I'm Yours,We Sing. We Dance. We Steal Things.,Jason Mraz,2008-05-01,242946,86,false,dy3capua3h7iz6vjq1bo02tbz,2024-05-21T12:38:06Z,"soft pop,acoustic pop",Atlantic Records/ATG,0.703,0.444,11,-9.331,1,0.0417,0.559,0,0.0973,0.712,150.96,4
spotify:track:2VxeLyX666F8uXCJ0dZF8B,USUM71813192,Shallow,A Star Is Born Soundtrack,Lady Gaga;Bradley Cooper,2018-10-05,215733,85,false,dy3capua3h7iz6vjq1bo02tbz,2024-05-21T12:38:06Z,"art pop,pop",A Star is Born OST,0.577,0.385,7,-6.362,1,0.03,0.371,0,0.231,0.331,95.82,4
spotify:track:6oO10y1h2VyxJQfomG4CtH,GBAHS1500226,Take Me Home,I Cry When I Laugh,Jess Glynne,2015,265381,69,false,dy3capua3h7iz6vjq1bo02tbz,2024-05-21T12:38:06Z,,Atlantic Records UK,0.582,0.451,9,-6.163,1,0.0388,0.292,0,0.101,0.242,75.126,4
spotify:track:1i7tKveM6Wo3dG31c5OwAL,USA370507659,Runnin',Labcabincalifornia,The Pharcyde,1995-11-14,296266,46,true,dy3capua3h7iz6vjq1bo02tbz,2024-05-21T12:38:06Z,"jazz rap,west coast hip hop,old school hip hop,hip hop",The Bicycle Music Company,0.754,0.792,10,-8.21,0,0.156,0.0343,0.00217,0.312,0.843,94.142,4
spotify:track:3KkXRkHbMCARz0aVfEt68P,USUM71814888,Sunflower - Spider-Man: Into the Spider-Verse,Spider-Man: Into the Spider-Verse (Soundtrack From & Inspired by the Motion Picture),Post Malone;Swae Lee,2018-12-14,158040,88,false,dy3capua3h7iz6vjq1bo02tbz,2024-05-21T12:38:06Z,,Universal Records,0.76,0.478,2,-5.574,1,0.0467,0.552,0,0.0703,0.913,89.908,4
spotify:track:18TtVZgD09HpU7lUXR0kPI,USUM70506288,When I'm Gone,Curtain Call: The Hits,Eminem,2005-12-06,281133,49,true,dy3capua3h7iz6vjq1bo02tbz,2024-05-21T12:38:06Z,"rap,hip hop",Eminem Catalog PS,0.619,0.746,10,-5.479,0,0.36,0.0537,0,0.295,0.757,149.944,4
spotify:track:6NVB6W7G3svCKe5zB7kY8q,USCN18100023,Angel Of The Morning,Juice Newton's Greatest Hits,Juice Newton,1988-10-19,254000,61,false,dy3capua3h7iz6vjq1bo02tbz,2024-05-21T12:38:06Z,,Capitol Nashville,0.456,0.233,8,-12.634,1,0.0255,0.433,0.0000642,0.0538,0.424,75.174,4
spotify:track:3dRmLxr7tXNsHWYJubwF6G,GBDDH8300002,Red Red Wine,The Very Best Of UB40,UB40,2000,184093,49,false,dy3capua3h7iz6vjq1bo02tbz,2024-05-21T12:38:06Z,reggae,Virgin Records,0.855,0.464,1,-8.566,1,0.0467,0.0035,0.0000186,0.313,0.783,89.136,4
spotify:track:7nh4vgAMPAETo1QLmeFYrJ,GBAWV9902020,Walking Away,Rewind - The Collection,Craig David,2017-03-03,206800,42,false,dy3capua3h7iz6vjq1bo02tbz,2024-05-21T12:38:06Z,,Sony Music UK,0.642,0.727,9,-5.625,0,0.0342,0.193,0,0.112,0.783,86.398,4
spotify:track:5oHHknbV60X7ezoWXhMeXD,USHR11738178,S.L.U.T.,chapter three: yellow,Bea Miller,2017-10-06,178914,41,false,dy3capua3h7iz6vjq1bo02tbz,2024-05-21T12:38:06Z,,Hollywood Records,0.726,0.763,5,-4.388,0,0.077,0.0607,0,0.161,0.754,95.009,4
spotify:track:5MMu9zi4UrctTCXQqNJUCY,QMCE31701396,Feels Great (feat. Fetty Wap & Sean Jacobs),Feels Great (feat. Fetty Wap & Sean Jacobs),Cheat Codes;Fetty Wap;Sean Jacobs;Max Borghetti,2017-10-13,193568,53,true,dy3capua3h7iz6vjq1bo02tbz,2024-05-21T12:38:06Z,,Parlophone UK,0.522,0.833,0,-3.715,1,0.0575,0.0454,0,0.127,0.296,180.009,4
spotify:track:1oswV3ElkS1NYNsgeXTs9p,GBUM71802410,If You're Over Me - Acoustic,If You're Over Me (Acoustic),Olly Alexander (Years & Years),2018-06-15,189596,31,false,dy3capua3h7iz6vjq1bo02tbz,2024-05-21T12:38:06Z,,Polydor Records,0.671,0.501,3,-3.413,1,0.0331,0.809,0,0.0864,0.537,104.16,4
spotify:track:3nc420PXjTdBV5TN0gCFkS,NLM5S1800214,Ocean (feat. Khalid),Ocean (feat. Khalid),Martin Garrix;Khalid,2018-06-15,216419,67,false,dy3capua3h7iz6vjq1bo02tbz,2024-05-21T12:38:06Z,"edm,progressive house,electronica",Epic Amsterdam,0.506,0.693,0,-7.265,0,0.0412,0.584,0.0000958,0.0891,0.221,139.912,4
spotify:track:7hDVYcQq6MxkdJGweuCtl9,US23A1500056,ocean eyes,dont smile at me,Billie Eilish,2017-12-22,200379,80,false,dy3capua3h7iz6vjq1bo02tbz,2024-05-21T12:38:06Z,,Darkroom,0.511,0.363,4,-7.65,0,0.041,0.816,0.0317,0.084,0.169,144.892,4
spotify:track:3GCdLUSnKSMJhs4Tj6CV3s,USUM71713947,"All The Stars (with SZA) - From ""Black Panther: The Album""",Black Panther The Album Music From And Inspired By,Kendrick Lamar;SZA,2018-02-09,232186,90,true,dy3capua3h7iz6vjq1bo02tbz,2024-05-21T12:38:06Z,"hip hop,west coast hip hop,r&b",Black Panther (TDE/DMG) PS,0.695,0.633,8,-4.946,1,0.0599,0.0612,0.000195,0.0926,0.557,96.782,4
spotify:track:1efcNBcWwR6QFd6WrxMjhq,GBSMU2938653,2011,2011,ColBreakz,2017-04-12,192339,40,false,dy3capua3h7iz6vjq1bo02tbz,2024-05-21T12:38:06Z,"dubstep,drumstep",ColBreakz,0.594,0.743,11,-6.083,0,0.0633,0.00146,0.599,0.186,0.389,102.094,4
spotify:track:3UN3wl7zekoC7HIyLAmTjt,QMPKX1765889,HeartBeat,HeartBeat,ColBreakz,2017-05-10,163956,20,false,dy3capua3h7iz6vjq1bo02tbz,2024-05-21T12:38:06Z,"dubstep,drumstep",ColBreakz,0.636,0.727,2,-4.675,1,0.0882,0.0453,0.013,0.162,0.62,115.031,4
spotify:track:2xw9PXlt8IaCWZjfpJ2HPL,DEA621800797,Oh Child,Oh Child,Robin Schulz;Piso 21,2018-06-22,195261,45,false,dy3capua3h7iz6vjq1bo02tbz,2024-05-21T12:38:06Z,"tropical house,reggaeton,colombian pop,pop urbano",WM Germany,0.716,0.628,5,-6.231,0,0.0473,0.0212,0,0.0617,0.688,97.012,4
spotify:track:7w3rcy1CrATkUgCoItTbId,USRC11703646,Love Lies,"Love, Simon (Original Motion Picture Soundtrack)",Khalid;Normani,2018-03-16,200976,44,true,dy3capua3h7iz6vjq1bo02tbz,2024-05-21T12:38:06Z,,RCA Records Label,0.702,0.573,6,-7.748,1,0.049,0.108,0,0.114,0.394,143.916,4
spotify:track:3WfGR8nldF3gvI6h1hD5dz,GBAAA0100115,All Rise,All Rise,Blue,2001-01-01,225160,27,false,dy3capua3h7iz6vjq1bo02tbz,2024-05-21T12:38:06Z,,Innocent,0.737,0.697,5,-4.34,0,0.0324,0.138,0,0.123,0.95,97.972,4
spotify:track:5ZDWnnvXYNHmAZhlmuWaao,GBUM71802109,Rise,Hit - List Vol 15,Jonas Blue;Jack & Jack,2023-05-29,193773,0,false,dy3capua3h7iz6vjq1bo02tbz,2024-05-21T12:38:06Z,tropical house,UME - Global Clearing House,0.694,0.791,1,-4.679,1,0.0324,0.36,0,0.238,0.628,106.089,4
spotify:track:5Fla3zyOCcIRqrDoKLU0DP,GBAHS1800674,Let You Love Me,Phoenix (Deluxe Edition),Rita Ora,2018-11-23,191120,71,false,dy3capua3h7iz6vjq1bo02tbz,2024-05-21T12:38:06Z,,Atlantic Records UK,0.475,0.846,10,-3.344,1,0.283,0.275,0,0.0824,0.451,96.036,4
spotify:track:58adTUxM5N810ZVYuW9tmW,GB28K1800088,Battle (feat. Faouzia),7,David Guetta;Faouzia,2018-09-14,163866,37,false,dy3capua3h7iz6vjq1bo02tbz,2024-05-21T12:38:06Z,edm,Parlophone (France),0.516,0.691,10,-4.975,1,0.0431,0.0518,0,0.238,0.384,160.086,4
spotify:track:5HeKOKc4phmLn8e4I7EkzD,USAT21810686,My Blood,Trench,Twenty One Pilots,2018-10-05,229120,72,false,dy3capua3h7iz6vjq1bo02tbz,2024-05-21T12:38:06Z,,Fueled By Ramen,0.749,0.723,1,-6.609,1,0.0432,0.0563,0.022,0.0977,0.674,108.999,4
spotify:track:1C7XvLv4Boxi8bNleQRirt,CYA111800123,Jackie Chan,Summer Feelin,Tiësto;Dzeko;Preme;Post Malone,2018-06-15,215760,16,true,dy3capua3h7iz6vjq1bo02tbz,2024-05-21T12:38:06Z,"edm,trance,big room","UMG Recordings, Inc.",0.745,0.838,3,-2.881,0,0.046,0.358,0,0.058,0.714,127.998,4
spotify:track:4NBTZtAt1F13VvlSKe6KTl,USQX91802210,This Feeling,Sick Boy,The Chainsmokers;Kelsea Ballerini,2018-12-14,197946,73,false,dy3capua3h7iz6vjq1bo02tbz,2024-05-21T12:38:06Z,"country,pop country",Disruptor Records/Columbia,0.575,0.571,1,-7.906,1,0.0439,0.0558,0,0.0912,0.449,105.049,4
spotify:track:3riyemwFDYPlrSv78Ch1tA,DEAF71578230,Axel F,Best of Crazy Hits,Crazy Frog,2009-12-11,171739,41,false,dy3capua3h7iz6vjq1bo02tbz,2024-05-21T12:38:06Z,,Mach 1,0.842,0.927,2,-1.496,1,0.0439,0.288,0.653,0.0972,0.866,138.004,4
spotify:track:6Bjtr3tPdto5nyuLYf61sN,QMUY41600027,Cold Water (feat. Justin Bieber & MØ),Cold Water (feat. Justin Bieber & MØ),Major Lazer;Justin Bieber;MØ,2016-07-22,185351,77,false,dy3capua3h7iz6vjq1bo02tbz,2024-05-21T12:38:06Z,moombahton,Third Pardee Records,0.608,0.798,6,-5.092,0,0.0432,0.0736,0,0.156,0.501,92.943,4
spotify:track:2kb6ozvfiUmXd7jHjyiyKb,TCADJ1752312,Amp It Up,Amp It Up,DJVI,2017-12-08,200644,22,false,dy3capua3h7iz6vjq1bo02tbz,2024-05-21T12:38:06Z,,DJVI,0.745,0.897,7,-3.05,0,0.0735,0.058,0.781,0.154,0.226,128.039,4
spotify:track:09yhMTRqQ1I1dniu3PoIQi,USRC11803889,Don't Kill My High,Paper Crowns (Deluxe),Lost Kings;Wiz Khalifa;Social House,2019-01-18,180333,51,true,dy3capua3h7iz6vjq1bo02tbz,2024-05-21T12:38:06Z,,Disruptor Records/RCA Records,0.674,0.932,8,-4.876,1,0.0718,0.0363,0,0.0576,0.826,144.039,4
spotify:track:1Wm8n5eQpDaOk2eQjf8ENd,USHR11838947,home ft. WALK THE MOON,home ft. WALK THE MOON,MORGXN;WALK THE MOON,2018-09-21,205048,45,false,dy3capua3h7iz6vjq1bo02tbz,2024-05-21T12:38:06Z,,wxnderlost records,0.665,0.709,11,-3.643,1,0.037,0.0371,0,0.323,0.841,100.001,4
spotify:track:1m7XbKhOvJst478ms8yUrr,USAT21813024,Spin With You (feat. Jeremy Zucker),Spin With You (feat. Jeremy Zucker),Emma Sameth;WOLFE;Jeremy Zucker,2018-12-19,212154,43,false,dy3capua3h7iz6vjq1bo02tbz,2024-05-21T12:38:06Z,,Parametric,0.818,0.445,5,-7.467,0,0.23,0.718,0.0000388,0.108,0.423,95.944,4
spotify:track:4pEEaVhg7B1JJks7HmBNQI,FR9W11817788,Sail Away,Sail Away,Møme;Ricky Ducati,2018-11-23,227983,51,false,dy3capua3h7iz6vjq1bo02tbz,2024-05-21T12:38:06Z,,Universal Music Division Virgin Records,0.602,0.91,1,-5.125,1,0.0355,0.000504,0.166,0.112,0.476,121.025,4
spotify:track:14mHfNsSHN0FbLftyjrV9g,QMKSC1800039,Leave Me Alone,Leave Me Alone,Flipp Dinero,2018-09-04,195637,69,true,dy3capua3h7iz6vjq1bo02tbz,2024-05-21T12:38:06Z,,Cinematic/Epic/We The Best,0.792,0.743,7,-2.806,1,0.0851,0.107,0,0.183,0.742,150.024,4
spotify:track:4IhKLu7Vk3j2TLmnFPl6To,USAT21811720,Water Fountain,Narrated For You,Alec Benjamin,2018-11-16,218893,73,false,dy3capua3h7iz6vjq1bo02tbz,2024-05-21T12:38:06Z,,2018,0.723,0.504,8,-5.572,1,0.0392,0.388,0.000074,0.087,0.551,133.975,4
spotify:track:0u2A867SnSHy7JOmQtNA3x,USRC11803854,Rad Drugz,Rad Drugz,MISSIO,2019-01-04,229648,24,true,dy3capua3h7iz6vjq1bo02tbz,2024-05-21T12:38:06Z,,RCA Records Label,0.612,0.886,7,-5.078,1,0.0325,0.0197,0.00000273,0.0824,0.579,109.025,4
spotify:track:00f9VGHfQhAHMCQ2bSjg3D,USUM71814735,Soldier,Chapters,James TW,2019-04-26,224720,48,false,dy3capua3h7iz6vjq1bo02tbz,2024-05-21T12:38:06Z,,Island Records,0.52,0.639,6,-6.157,1,0.0551,0.278,0,0.0975,0.301,147.921,4
spotify:track:23Ov2HUf5HK1Q5H3nR7wlz,AUBEC1826597,Waiting,BLISS,KIAN,2019-05-10,215653,44,false,dy3capua3h7iz6vjq1bo02tbz,2024-05-21T12:38:06Z,,KB Recording Pty Ltd,0.786,0.467,4,-7.694,0,0.0446,0.291,0,0.0636,0.46,138.041,4
spotify:track:3F7bhRhNpY4YKrwa4kGeUz,GBKPL1821527,There's No Way (feat. Julia Michaels),There's No Way (feat. Julia Michaels),Lauv;Julia Michaels,2018-09-27,174860,61,false,dy3capua3h7iz6vjq1bo02tbz,2024-05-21T12:38:06Z,,Lauv,0.755,0.625,2,-7.114,1,0.0897,0.49,0,0.157,0.374,147.022,4
spotify:track:53b4d9jHQZq89EtQxwUURr,USUM71821784,Queen,Queen,Loren Gray,2018-12-21,160444,61,false,dy3capua3h7iz6vjq1bo02tbz,2024-05-21T12:38:06Z,,Virgin Records,0.617,0.463,11,-7.978,0,0.0402,0.0186,0,0.187,0.24,83.931,4
spotify:track:2QwG0flKv1wq9fyvfsMD9C,GBUM71028043,Lights - Single Version,Halcyon Days,Ellie Goulding,2014-01-01,210633,39,false,dy3capua3h7iz6vjq1bo02tbz,2024-05-21T12:38:06Z,,Polydor Records,0.68,0.799,8,-5.805,0,0.0347,0.0323,0.0459,0.123,0.744,120.031,4
spotify:track:0x3zIsfR1acfA4JkRqCAXf,GBSMU2659762,5.000,5.000,ColBreakz,2017-04-12,261407,23,false,dy3capua3h7iz6vjq1bo02tbz,2024-05-21T12:38:06Z,"dubstep,drumstep",ColBreakz,0.697,0.762,6,-5.058,1,0.119,0.0391,0.0145,0.283,0.309,104.996,4
spotify:track:19L8E51SOAjb0DdA349YuW,USUM71805945,Three Little Birds,Three Little Birds,Maroon 5,2018-06-09,201167,56,false,dy3capua3h7iz6vjq1bo02tbz,2024-05-21T12:38:06Z,pop,Interscope Records*,0.711,0.653,9,-7.501,1,0.0776,0.0362,0.00482,0.149,0.551,156.051,4
spotify:track:6hDXJbOh3PmAO8d6NSfSEv,USQX91803662,Hanging On,Hanging On,Quinn Lewis,2019-01-18,171108,16,false,dy3capua3h7iz6vjq1bo02tbz,2024-05-21T12:38:06Z,pop singer-songwriter,Arista Records,0.86,0.663,7,-8.413,0,0.141,0.444,0.00731,0.122,0.522,105.993,4
spotify:track:1pfgsjmxVZhoZpeDx6POKv,USAT21900606,Bones (feat. OneRepublic),Bones (feat. OneRepublic),Galantis;OneRepublic,2019-01-31,205813,55,false,dy3capua3h7iz6vjq1bo02tbz,2024-05-21T12:38:06Z,,Big Beat Records,0.658,0.804,0,-5.735,1,0.0377,0.00463,0,0.178,0.508,120.047,4
spotify:track:2VBYFWgwIlJjyzidPTHQqp,GBARL1801816,Gucci Rock N Rolla (feat. Rivers Cuomo & KYLE),Gucci Rock N Rolla (feat. Rivers Cuomo & KYLE),Snakehips;Rivers Cuomo;KYLE,2019-02-01,159587,36,true,dy3capua3h7iz6vjq1bo02tbz,2024-05-21T12:38:06Z,,Hoffman West/Columbia,0.797,0.93,11,-3.37,0,0.0455,0.0636,0.000123,0.951,0.907,123.985,4
spotify:track:4oPWkP9zQ5ANBbfdHGOvKF,QMCE31801829,Woke Up Late (feat. Hailee Steinfeld),Drax Project,Drax Project;Hailee Steinfeld,2019-09-27,181826,58,false,dy3capua3h7iz6vjq1bo02tbz,2024-05-21T12:38:06Z,,300 Entertainment,0.698,0.66,2,-5.429,0,0.083,0.043,0,0.186,0.351,119.214,4
spotify:track:1rBjexQsgqXpsS2BrCxaDX,QZDA51839408,Thotiana,Famous Cryp,Blueface,2018-12-18,129264,68,true,dy3capua3h7iz6vjq1bo02tbz,2024-05-21T12:38:06Z,,Fifth Amendment Entertainment/eOne Music,0.906,0.382,10,-12.89,0,0.269,0.18,0,0.113,0.391,104.025,4
spotify:track:4S1VYqwfkLit9mKVY3MXoo,DEA629260150,Forever Young,Forever Young,Alphaville,1984,226706,86,false,dy3capua3h7iz6vjq1bo02tbz,2024-05-21T12:38:06Z,synthpop,WM Germany,0.489,0.482,9,-9.466,0,0.0275,0.417,0.00227,0.235,0.33,136.803,4
spotify:track:3UVMiGTBgrg6N9slN7hYjO,GBKPL1933763,i'm so tired...,~PARTY VIBES~,Lauv;Troye Sivan,2020-06-04,162586,0,false,dy3capua3h7iz6vjq1bo02tbz,2024-05-21T12:38:06Z,,Lauv,0.576,0.736,11,-7.572,1,0.224,0.178,0,0.238,0.484,101.928,4
spotify:track:4bgLhyOumMVECw62ntWogA,ZAP541100087,Hold Your Kite (feat. Sorana),Late Night People,GoldFish;Sorana,2017-10-06,183440,26,false,dy3capua3h7iz6vjq1bo02tbz,2024-05-21T12:38:06Z,electro swing,RCA Records Label,0.643,0.619,11,-7.312,1,0.0481,0.133,0,0.126,0.324,104.993,4
spotify:track:2F83FxNVkK6PPMHuYnwyVc,GB28K1800102,Let It Be Me (feat. Ava Max),7,David Guetta;Ava Max,2018-09-14,172933,53,false,dy3capua3h7iz6vjq1bo02tbz,2024-05-21T12:38:06Z,edm,Parlophone (France),0.743,0.529,7,-6.187,0,0.0505,0.128,0,0.181,0.438,102.048,4
spotify:track:5o5U2r5F3ojvkhLSqRbY1Y,GBAYK9100001,The One and Only,Buddy's Song,Chesney Hawkes,1991-04-13,223666,61,false,dy3capua3h7iz6vjq1bo02tbz,2024-05-21T12:38:06Z,,Chrysalis Records,0.681,0.697,4,-11.063,1,0.0327,0.357,0,0.388,0.775,119.957,4
spotify:track:3zU9rdflI65tK4dkkNSp77,USUM71411636,Heroes (we could be),Forever,Alesso;Tove Lo,2015-05-22,210013,80,false,dy3capua3h7iz6vjq1bo02tbz,2024-05-21T12:38:06Z,edm,Alesso / Def Jam,0.503,0.748,5,-4.124,1,0.0619,0.0305,0,0.343,0.356,125.896,4
spotify:track:1LhMopPAallLeaeNutqbgS,USRC11703503,Say Something (feat. Chris Stapleton),Man of the Woods,Justin Timberlake;Chris Stapleton,2018-02-02,278895,70,false,dy3capua3h7iz6vjq1bo02tbz,2024-05-21T12:38:06Z,"country,outlaw country",RCA Records Label,0.707,0.632,10,-7.031,1,0.0789,0.103,0.0000109,0.0841,0.372,97.04,4
spotify:track:2W2ieVidLIx9TDvxu0ZT6F,USCA28900113,The Best - Edit,Simply the Best,Tina Turner,1991-01-01,255936,63,false,dy3capua3h7iz6vjq1bo02tbz,2024-05-21T12:38:06Z,,Parlophone UK,0.683,0.81,0,-6.864,1,0.0279,0.0213,0.00145,0.1,0.818,103.789,4
spotify:track:6hDG0PRlivxGPXPsU6sQlA,USRE11300243,Haven't Met You Yet,The Essential Michael Bublé,Michael Bublé,2022-03-25,245114,31,false,dy3capua3h7iz6vjq1bo02tbz,2024-05-21T12:38:06Z,christmas,Reprise,0.597,0.699,8,-6.082,1,0.0317,0.0593,0,0.0943,0.864,122.553,4
spotify:track:4E6cwWJWZw2zWf7VFbH7wf,USSM10700066,Love Song,Little Voice,Sara Bareilles,2007-07-03,258483,74,false,dy3capua3h7iz6vjq1bo02tbz,2024-05-21T12:38:06Z,,Epic,0.583,0.786,2,-3.142,0,0.0301,0.0208,0,0.188,0.573,123.055,4
spotify:track:0MLX5HfrTW59Mau7UZ8wCP,USCM50900094,Down,Down (Int'l 2Trk),Jay Sean;Lil Wayne,2009,212520,56,false,dy3capua3h7iz6vjq1bo02tbz,2024-05-21T12:38:06Z,"rap,hip hop",Cash Money,0.658,0.688,2,-4.506,1,0.0334,0.0106,0,0.0791,0.689,66.001,4
spotify:track:7l3ou1HkN4Z9a1cqNMqMAp,USSM11001353,Waka Waka (This Time for Africa) [The Official 2010 FIFA World Cup (TM) Song] (feat. Freshlyground),Treino Pop 2023,Shakira;Freshlyground,2023-06-12,201773,2,false,dy3capua3h7iz6vjq1bo02tbz,2024-05-21T12:38:06Z,"latin pop,afro soul,afropop,dubstep",Sony Music Entertainment,0.697,0.91,2,-3.92,1,0.247,0.00271,0,0.147,0.623,127.031,4
spotify:track:4imS0B9Ab6awKODlqJfzsd,USSM19804322,Guilty (feat. Barry Gibb),The Ultimate Collection,Barbra Streisand;Barry Gibb,2010-03-29,264000,25,false,dy3capua3h7iz6vjq1bo02tbz,2024-05-21T12:38:06Z,adult standards,Columbia/Legacy,0.631,0.689,0,-6.726,1,0.0322,0.491,0.0000016,0.364,0.923,150.353,4
spotify:track:4lQvkfNNTzhqvXAsf6Tclg,GBHMU0700054,Breathless,LOVE,Shayne Ward,2009-02-09,227146,28,false,dy3capua3h7iz6vjq1bo02tbz,2024-05-21T12:38:06Z,,Sony Music Entertainment,0.505,0.577,2,-5.621,1,0.0397,0.469,0,0.072,0.486,123.932,4
spotify:track:5u5MpBnvJejW9dHPrfWEXZ,GBAYE0202055,Superstar,Thank You,Jamelia,2003-06-30,215480,75,false,dy3capua3h7iz6vjq1bo02tbz,2024-05-21T12:38:06Z,,Roundhill Records,0.801,0.645,1,-6.93,1,0.0356,0.046,0,0.0357,0.824,110.011,4
spotify:track:6DLLEokj9k7d6XRvZkKyFi,NLZ541601380,Believe,Believe,Mida,2017-01-20,204277,50,false,dy3capua3h7iz6vjq1bo02tbz,2024-05-21T12:38:06Z,,SOURCE,0.687,0.863,6,-4.224,1,0.0318,0.00156,0,0.328,0.229,120.037,4
spotify:track:03rhu2vIylSFLUagt7wi5D,USQX91400359,I Will Never Let You Down,I Will Never Let You Down,Rita Ora,2014-03-31,203466,68,false,dy3capua3h7iz6vjq1bo02tbz,2024-05-21T12:38:06Z,,"Roc Nation Records, LLC",0.754,0.801,4,-3.215,1,0.0297,0.404,0,0.128,0.794,128.004,4
spotify:track:04eAo08cCQdg99plz2udM0,USSM11102908,Love On Top,Sunny Days,Beyoncé,2016-07-08,267413,34,false,dy3capua3h7iz6vjq1bo02tbz,2024-05-21T12:38:06Z,,Legacy Recordings,0.652,0.749,0,-5.248,1,0.0886,0.0848,0,0.604,0.651,94.103,4
spotify:track:0UMbjZsS3LXVtlx0lPFs6v,USR3R0700073,I Am A Gummy Bear (The Gummy Bear Song),I Am a Gummy Bear (The Gummy Bear Song),Gummibär,2017-12-01,192226,0,false,dy3capua3h7iz6vjq1bo02tbz,2024-05-21T12:38:06Z,children’s music,"Gummybear International, under exclusive license to David Gresham Records for Africa",0.928,0.892,9,-7.782,0,0.0388,0.0527,0.0000147,0.0911,0.989,128.075,4
spotify:track:36ux3YuUsGTWPT8fXclS45,USCA21100386,E.T.,Teenage Dream: The Complete Confection,Katy Perry;Kanye West,2012-03-12,229573,71,false,dy3capua3h7iz6vjq1bo02tbz,2024-05-21T12:38:06Z,"pop,rap",Capitol Records,0.619,0.869,1,-5.257,1,0.182,0.0178,0,0.369,0.757,151.684,4
spotify:track:0OfOiFFvoNHH0Ph1rRZI8F,GBARL1000855,Faith - Remastered,Ladies & Gentlemen,George Michael,1998-11-09,192360,54,false,dy3capua3h7iz6vjq1bo02tbz,2024-05-21T12:38:06Z,,Epic,0.888,0.492,11,-10.438,1,0.108,0.0103,0.0000179,0.0669,0.616,95.849,4
spotify:track:4R8satc0bUqxMY5t21GwvD,USJI19610437,I Believe I Can Fly,The World's Greatest,R. Kelly,2011-10-24,320706,36,false,dy3capua3h7iz6vjq1bo02tbz,2024-05-21T12:38:06Z,r&b,Jive/Legacy,0.535,0.479,7,-5.818,1,0.0291,0.186,0,0.151,0.0395,120.145,4
spotify:track:3K7Q9PHUWPTaknlbFPThn2,USPR38007190,Celebration,Celebrate!,Kool & The Gang,1980-09-29,298866,75,false,dy3capua3h7iz6vjq1bo02tbz,2024-05-21T12:38:06Z,"disco,funk",Island Mercury,0.886,0.664,1,-11.795,1,0.0524,0.145,0.0483,0.0767,0.906,121.631,4
spotify:track:0R070rLMaQXZiVIi5EQQYs,USRC18702968,Nothing's Gonna Stop Us Now,Hits Again,Starship,2022-04-01,270333,3,false,dy3capua3h7iz6vjq1bo02tbz,2024-05-21T12:38:06Z,,Warner Music Group - X5 Music Group,0.643,0.802,6,-4.92,1,0.0227,0.0299,0,0.0719,0.53,95.99,4
spotify:track:5sZAcPQEriLrwpdIy5B2CH,GBUM71301538,Love Me Again,Love Me Again,John Newman,2013-01-01,240288,57,false,dy3capua3h7iz6vjq1bo02tbz,2024-05-21T12:38:06Z,,Universal-Island Records Ltd.,0.496,0.919,2,-3.452,0,0.0464,0.00424,0.000782,0.0986,0.188,126.029,4
spotify:track:6gFtgkh8ShkrJn52Cbdhxy,USAT21810691,Cut My Lip,Trench,Twenty One Pilots,2018-10-05,282613,63,false,dy3capua3h7iz6vjq1bo02tbz,2024-05-21T12:38:06Z,,Fueled By Ramen,0.641,0.561,4,-5.856,1,0.0355,0.12,0.0021,0.358,0.678,111.938,4
spotify:track:23OXdR7YuUBVWh5hSnYJau,USAT21810687,Chlorine,Trench,Twenty One Pilots,2018-10-05,324466,80,false,dy3capua3h7iz6vjq1bo02tbz,2024-05-21T12:38:06Z,,Fueled By Ramen,0.609,0.674,10,-7.388,0,0.0548,0.0735,0.06,0.345,0.315,90.009,4
spotify:track:36gLitDBLFNBvURuIOL30H,ZAUM71600192,The Tide,Optics,Elvis Blue,2016-06-10,197653,10,false,dy3capua3h7iz6vjq1bo02tbz,2024-05-21T12:38:06Z,afrikaans pop,Universal Music (Pty) Ltd.,0.725,0.837,9,-7.788,0,0.0419,0.376,0.0394,0.088,0.834,120.003,4
spotify:track:4UisKEOzb1R6Yu95k7UF0E,USSM11608983,Express Myself,Express Myself,Ricky Reed,2016-10-28,210079,8,false,dy3capua3h7iz6vjq1bo02tbz,2024-05-21T12:38:06Z,,Epic,0.663,0.871,0,-3.224,0,0.0447,0.0565,0.00000111,0.23,0.776,110.996,4
spotify:track:6Tt1P5CLUrl59oSOTVxON0,GBUM71900904,Joy,Doom Days,Bastille,2019-06-14,192681,56,false,dy3capua3h7iz6vjq1bo02tbz,2024-05-21T12:38:06Z,,EMI (Virgin),0.555,0.923,6,-4.748,0,0.161,0.197,0,0.0778,0.363,118.007,4
spotify:track:0sErKBALuoavumHaOCZTKy,USPR38619998,Livin' On A Prayer,Happy Energy,Bon Jovi,2023-10-19,250626,0,false,dy3capua3h7iz6vjq1bo02tbz,2024-05-21T12:38:06Z,glam metal,UME - Global Clearing House,0.527,0.89,0,-3.335,1,0.0338,0.0678,0.000162,0.222,0.818,122.494,4
spotify:track:5cy3CNTBZbX8vZUIsu4p7K,USUM71203481,Payphone - Edit,Overexposed (Deluxe),Maroon 5;Wiz Khalifa,2012-01-01,231373,57,false,dy3capua3h7iz6vjq1bo02tbz,2024-05-21T12:38:06Z,pop,Interscope Records*,0.741,0.783,4,-4.791,1,0.0415,0.015,0,0.302,0.534,110.002,4
spotify:track:2k3o4jvpcpNw0mVmAh3tSC,GBBBM8301279,Club Tropicana,The Final,Wham!,1986-11-25,268440,42,false,dy3capua3h7iz6vjq1bo02tbz,2024-05-21T12:38:06Z,christmas,Sony Music UK,0.627,0.777,11,-8.813,1,0.0579,0.0936,0.000013,0.292,0.846,116.856,4
spotify:track:7G7tgVYORlDuVprcYHuFJh,USCA28600048,Don't Dream It's Over,Crowded House,Crowded House,1986-01-01,236933,86,false,dy3capua3h7iz6vjq1bo02tbz,2024-05-21T12:38:06Z,,Capitol Records,0.439,0.421,8,-17.227,1,0.0411,0.0148,0.0000488,0.0697,0.551,81.833,4
spotify:track:5wQeCrJTJxGZnILnyCBHjI,GB28K1400016,Lovers on the Sun (feat. Sam Martin),Lovers on the Sun EP,David Guetta;Sam Martin,2014-06-30,203520,51,false,dy3capua3h7iz6vjq1bo02tbz,2024-05-21T12:38:06Z,edm,Parlophone (France),0.645,0.891,6,-2.505,0,0.0387,0.0932,0.00000388,0.379,0.568,124.915,4
spotify:track:1YscJ7yVTlFxW3eF6pv5ba,USUM71915722,Allergic,Hollywood's Bleeding,Post Malone,2019-09-06,156893,60,true,dy3capua3h7iz6vjq1bo02tbz,2024-05-21T12:38:06Z,,Republic Records,0.664,0.741,0,-3.694,1,0.079,0.154,0.0000302,0.345,0.569,144.968,4
spotify:track:05mDaV9Vb3wrzjF6OPZnhq,USUM71915733,Saint-Tropez,Hollywood's Bleeding,Post Malone,2019-09-06,150866,68,true,dy3capua3h7iz6vjq1bo02tbz,2024-05-21T12:38:06Z,,Republic Records,0.617,0.684,0,-3.618,1,0.0439,0.0545,0,0.104,0.295,132.113,4
spotify:track:6KjegbJPzNRetrgFJiHVMp,USUM71915699,Circles,Hollywood's Bleeding,Post Malone,2019-09-06,215280,45,false,dy3capua3h7iz6vjq1bo02tbz,2024-05-21T12:38:06Z,,Republic Records,0.703,0.756,0,-3.407,1,0.0376,0.222,0.00301,0.0829,0.536,119.999,4
spotify:track:4rUTAkOU7OkVGeQuyQCHhF,USSM11406643,Sledgehammer,Reflection (Deluxe),Fifth Harmony,2015-01-30,230909,64,false,dy3capua3h7iz6vjq1bo02tbz,2024-05-21T12:38:06Z,,Syco Music/Epic,0.671,0.777,2,-4.322,1,0.046,0.0057,0.0011,0.0783,0.289,99.98,4
spotify:track:1O01cSag3DaCGneWQgPBL4,USWB11900404,Drop Out,Harverd Dropout,Lil Pump,2019-02-22,121000,38,true,dy3capua3h7iz6vjq1bo02tbz,2024-05-21T12:38:06Z,,Warner Bros.,0.95,0.573,0,-6.31,1,0.138,0.00306,0,0.0887,0.549,120.032,4
spotify:track:2DjWsDGgL1xNbhnr7f6t5F,USEE10180931,Baby Can I Hold You,Tracy Chapman,Tracy Chapman,1988-04-05,193120,79,false,dy3capua3h7iz6vjq1bo02tbz,2024-05-21T12:38:06Z,,Elektra Records,0.692,0.422,2,-10.533,1,0.0333,0.0811,0,0.0848,0.468,74.375,4
spotify:track:0QyBdoz2JktWEo111DBEx9,USIR28300004,Buffalo Soldier,Legend - The Best Of Bob Marley And The Wailers,Bob Marley & The Wailers,2002-01-01,257786,67,false,dy3capua3h7iz6vjq1bo02tbz,2024-05-21T12:38:06Z,"reggae,roots reggae",UMC (Universal Music Catalogue),0.93,0.462,9,-8.643,1,0.277,0.128,0.00000999,0.175,0.777,124.067,4
spotify:track:1ckU1EhAO0Nr73QYw24SWJ,USAR19800140,My Love Is Your Love,My Love Is Your Love,Whitney Houston,1998-11-17,261573,69,false,dy3capua3h7iz6vjq1bo02tbz,2024-05-21T12:38:06Z,,Arista,0.77,0.475,7,-9.512,1,0.159,0.0561,0.00000472,0.0607,0.473,82.511,4
spotify:track:0KDaN0HL3TcJVTbXlQCEsS,GBARL9700412,Torn,Left Of The Middle,Natalie Imbruglia,1998-01-08,244666,62,false,dy3capua3h7iz6vjq1bo02tbz,2024-05-21T12:38:06Z,,RCA Records Label,0.575,0.886,5,-5.182,1,0.034,0.0647,0.000187,0.709,0.609,96.31,4
spotify:track:50qma2LfxTfAILyNlZEnpP,USGF18714809,Sweet Child O' Mine,Appetite For Destruction (Super Deluxe Edition),Guns N' Roses,1987-07-21,356066,56,false,dy3capua3h7iz6vjq1bo02tbz,2024-05-21T12:38:06Z,"rock,glam metal,hard rock,classic rock",Guns N Roses P&D,0.445,0.952,6,-5.321,1,0.0522,0.09,0.0843,0.112,0.624,125.304,4
spotify:track:5zFlxcHRLPw0sqZCJShGSn,USMB51500140,Let's Go,Def Leppard,Def Leppard,2015-10-30,301883,35,false,dy3capua3h7iz6vjq1bo02tbz,2024-05-21T12:38:06Z,"glam metal,glam rock,classic rock",UMC (Universal Music Catalogue),0.449,0.768,1,-6.809,1,0.0364,0.00182,0,0.12,0.362,81.015,4
spotify:track:00qOE7OjRl0BpYiCiweZB2,USAT20803006,Juke Box Hero,4 (Expanded),Foreigner,1981,259799,75,false,dy3capua3h7iz6vjq1bo02tbz,2024-05-21T12:38:06Z,"aor,classic rock",Rhino Atlantic,0.357,0.653,9,-5.554,1,0.0654,0.0828,0,0.0844,0.522,176.647,4
spotify:track:7fLgbqsbl6DpOyIUak0ATf,US23A1501473,Two Commas,Two Commas,Poo Bear,2019-09-04,214208,28,false,dy3capua3h7iz6vjq1bo02tbz,2024-05-21T12:38:06Z,,Happy Congrats,0.55,0.346,10,-4.689,0,0.0602,0.596,0,0.0916,0.809,153.47,5
spotify:track:1pRShUtGOG6ZP5fsnw9G4h,GBUM71903212,This Is Real (ft. Ella Henderson),Snacks (Supersize),Jax Jones;Ella Henderson,2019-09-06,199160,57,false,dy3capua3h7iz6vjq1bo02tbz,2024-05-21T12:38:06Z,,Polydor Records,0.683,0.817,6,-5.071,1,0.0413,0.0262,0.0768,0.0986,0.603,122.008,4
spotify:track:3BaqaNqlr2BAOgtmamDqSV,USQX91902169,Love Me Less (feat. Kim Petras),Love Me Less (feat. Kim Petras),MAX;Kim Petras,2019-09-05,177669,36,false,dy3capua3h7iz6vjq1bo02tbz,2024-05-21T12:38:06Z,,Colour Vision Records/Sony Music Entertainment,0.743,0.847,11,-2.319,0,0.0931,0.0685,0,0.311,0.669,145.043,4
spotify:track:3sORDiSRTAlxecx5xJAqc8,USUM71915731,Take What You Want (feat. Ozzy Osbourne & Travis Scott),Hollywood's Bleeding,Post Malone;Ozzy Osbourne;Travis Scott,2019-09-06,229586,51,false,dy3capua3h7iz6vjq1bo02tbz,2024-05-21T12:38:06Z,"metal,glam metal,heavy metal,hard rock,rap",Republic Records,0.494,0.811,1,-2.649,0,0.057,0.102,0,0.132,0.241,139.921,4
spotify:track:1ckLp8lCl8LipXI0ypX72m,USUM71915727,I'm Gonna Be,Hollywood's Bleeding,Post Malone,2019-09-06,200680,66,true,dy3capua3h7iz6vjq1bo02tbz,2024-05-21T12:38:06Z,,Republic Records,0.746,0.559,5,-4.008,1,0.0316,0.705,0,0.148,0.368,117.938,4
spotify:track:0KAzP1Rbp0Vz5pw8i1KDDI,USUM71915726,Internet,Hollywood's Bleeding,Post Malone,2019-09-06,123386,57,true,dy3capua3h7iz6vjq1bo02tbz,2024-05-21T12:38:06Z,,Republic Records,0.398,0.489,0,-6.071,1,0.0328,0.841,0,0.103,0.196,73.987,4
spotify:track:2cvOfKHOHgwQlLiuLKP2xR,USUM71915734,Myself,Hollywood's Bleeding,Post Malone,2019-09-06,158120,61,true,dy3capua3h7iz6vjq1bo02tbz,2024-05-21T12:38:06Z,,Republic Records,0.549,0.701,0,-4.234,1,0.0299,0.1,0,0.242,0.398,82.023,4
spotify:track:6b2mfHMqWCA74XmUuVJm8r,USUM71915732,I Know,Hollywood's Bleeding,Post Malone,2019-09-06,141413,62,true,dy3capua3h7iz6vjq1bo02tbz,2024-05-21T12:38:06Z,,Republic Records,0.666,0.601,1,-5.671,1,0.0773,0.501,0,0.112,0.262,102.945,4
spotify:track:50VNvhzyaSplJCKWchN7a8,GBHMU1200535,Impossible,Impossible,James Arthur,2012-12-09,209440,61,false,dy3capua3h7iz6vjq1bo02tbz,2024-05-21T12:38:06Z,soft pop,Syco Music UK,0.431,0.671,0,-5.421,0,0.0604,0.238,0,0.0982,0.341,84.71,4
spotify:track:6ZfnaOLNfOYRsGKoS2EWDO,GBF088300067,Photograph,Pyromania (Deluxe),Def Leppard,1983-01-20,247962,41,false,dy3capua3h7iz6vjq1bo02tbz,2024-05-21T12:38:06Z,"glam metal,glam rock,classic rock",UMC (Universal Music Catalogue),0.603,0.877,4,-6.606,1,0.0515,0.000343,0.635,0.0551,0.617,123.679,4
spotify:track:6e13443Ve7RGcAUScTgYtl,USUM71704115,The Last Of The Real Ones,MANIA,Fall Out Boy,2018-01-19,230400,69,false,dy3capua3h7iz6vjq1bo02tbz,2024-05-21T12:38:06Z,"emo,pop punk",Island Records,0.575,0.872,8,-5.293,1,0.0471,0.00599,0,0.188,0.559,115.042,4
spotify:track:4lN5YgMQNBANIKWSl6G54k,USUM71704118,Heaven’s Gate,MANIA,Fall Out Boy,2018-01-19,225706,47,false,dy3capua3h7iz6vjq1bo02tbz,2024-05-21T12:38:06Z,"emo,pop punk",Island Records,0.403,0.586,6,-4.975,0,0.034,0.0166,0,0.334,0.213,176.065,3
spotify:track:6XEPmHllDGDaO4w84Xjtgi,USUM71703363,Young And Menace,MANIA,Fall Out Boy,2018-01-19,223946,49,false,dy3capua3h7iz6vjq1bo02tbz,2024-05-21T12:38:06Z,"emo,pop punk",Island Records,0.646,0.833,11,-5.131,1,0.0571,0.113,0.000493,0.121,0.271,108.004,4
spotify:track:5lKI9qLSJkWWJ6USwMu6jF,USUM71704120,Bishops Knife Trick,MANIA,Fall Out Boy,2018-01-19,263226,47,false,dy3capua3h7iz6vjq1bo02tbz,2024-05-21T12:38:06Z,"emo,pop punk",Island Records,0.442,0.755,9,-4.818,0,0.0356,0.0138,0,0.0903,0.383,139.854,4
spotify:track:4lQsB3ERTWSNaAN1IkuNRl,KRA401800096,DDU-DU DDU-DU,SQUARE UP,BLACKPINK,2018-06-15,211350,74,false,dy3capua3h7iz6vjq1bo02tbz,2024-05-21T12:38:06Z,k-pop,"2018 YG Entertainment, distributed through Interscope Records",0.668,0.828,4,-5.034,0,0.0739,0.036,0,0.0932,0.393,140.042,4
spotify:track:3f9XSxWjCEaeMjGCnbvs9E,USAT21601332,Vor í Vaglaskógi,Vor í Vaglaskógi,KALEO,2015-08-05,277266,29,false,dy3capua3h7iz6vjq1bo02tbz,2024-05-21T12:38:06Z,,Elektra (NEK),0.336,0.345,5,-6.456,0,0.029,0.744,0.00000601,0.182,0.0756,92.502,4
spotify:track:1x5ysNFlcE5RiPiYK4Cjnd,USWB10901504,Whatcha Say,POWER,Jason Derulo,2020-10-09,221253,13,false,dy3capua3h7iz6vjq1bo02tbz,2024-05-21T12:38:06Z,,Warner Music UK,0.615,0.711,11,-5.507,1,0.078,0.0444,0,0.145,0.711,144.034,4
spotify:track:7q115ia4fQn9zonjpexWsY,USWB10002407,In the End,Hybrid Theory,Linkin Park,2000-10-24,216880,56,false,dy3capua3h7iz6vjq1bo02tbz,2024-05-21T12:38:06Z,"nu metal,rap metal,rock,alternative metal",Warner Records,0.556,0.864,3,-5.87,0,0.0584,0.00958,0,0.209,0.4,105.143,4
spotify:track:7iu0WYLdo4yksKf3seaxzI,USUM70734713,Hate That I Love You,Good Girl Gone Bad: Reloaded,Rihanna;Ne-Yo,2008-06-02,218946,75,false,dy3capua3h7iz6vjq1bo02tbz,2024-05-21T12:38:06Z,,Def Jam Recordings,0.637,0.73,5,-5.38,0,0.0877,0.322,0,0.0981,0.731,93.867,4
spotify:track:52mdL9k7mOCbKfL54Bw8Tq,US5260608601,Hey There Delilah,Hey There Delilah,Plain White T's,2006-01-01,232293,62,false,dy3capua3h7iz6vjq1bo02tbz,2024-05-21T12:38:06Z,,Fearless Records,0.512,0.369,2,-11.22,1,0.0308,0.886,0.000128,0.118,0.324,103.979,4
spotify:track:07K4GcCDSTiXUF5ssyTRUM,USUM70618684,The Sweet Escape,The Sweet Escape,Gwen Stefani;Akon,2006-01-01,246466,78,false,dy3capua3h7iz6vjq1bo02tbz,2024-05-21T12:38:06Z,,Interscope,0.756,0.769,1,-3.502,1,0.0344,0.191,0,0.178,0.73,119.961,4
spotify:track:0r7lRIYXdrdvoTWXRwy0rv,ROCRP1002864,Mr. Saxobeat - Radio Edit,Summer Dance Party Hits,Alexandra Stan,2023-06-22,195105,23,false,dy3capua3h7iz6vjq1bo02tbz,2024-05-21T12:38:06Z,europop,UME - Global Clearing House,0.726,0.931,11,-4.152,0,0.0468,0.0218,0.000283,0.143,0.797,126.976,4
spotify:track:2jsmSLoX8y0h6k4YzDCFH1,GBSXS1400074,Nobody To Love - Radio Edit,Nobody To Love,Sigma,2014-01-01,189720,60,false,dy3capua3h7iz6vjq1bo02tbz,2024-05-21T12:38:06Z,drum and bass,Intercord,0.441,0.921,8,-3.32,1,0.0436,0.000526,0.00000634,0.177,0.182,175.001,4
spotify:track:0C4ejWmOTMv8vuYj85mf8m,USUM71026591,S&M,Loud,Rihanna,2010-11-16,243533,76,true,dy3capua3h7iz6vjq1bo02tbz,2024-05-21T12:38:06Z,,Def Jam Recordings,0.767,0.682,1,-5.02,1,0.042,0.0113,0.00016,0.104,0.833,127.975,4
spotify:track:5IaL2LtensPE1x8K4NGaNl,USUM71008138,Like A G6,Like a G6,Far East Movement;The Cataracs;DEV,2010-01-01,218346,49,false,dy3capua3h7iz6vjq1bo02tbz,2024-05-21T12:38:06Z,,Interscope,0.629,0.87,7,-7.013,0,0.317,0.00657,0,0.191,0.715,125.027,4
spotify:track:3RoxWlF0MkDjSxTz2jVcQ5,DEZ921400168,Harlem Shake,Harlem Shake,Harlem Shake,2014-05-12,195428,0,false,dy3capua3h7iz6vjq1bo02tbz,2024-05-21T12:38:06Z,,Rec Records,0.727,0.963,0,-9.088,1,0.381,0.44,0.432,0.52,0.744,139.923,4
spotify:track:6zv3jkW8YsLGePDdL0HcaA,USUM70807646,Just Dance,Femme Power Pop Hits,Lady Gaga;Colby O'Donis,2023-05-25,244055,0,false,dy3capua3h7iz6vjq1bo02tbz,2024-05-21T12:38:06Z,"art pop,pop",UME - Global Clearing House,0.813,0.74,1,-4.668,0,0.0327,0.0318,0.0000143,0.166,0.699,118.976,4
spotify:track:663I8dPCXnYGTW4ksWrFpZ,USAT21101961,Good Feeling,Wild Ones (Deluxe),Flo Rida,2012-06-22,248133,25,false,dy3capua3h7iz6vjq1bo02tbz,2024-05-21T12:38:06Z,,Poe Boy/Atlantic,0.706,0.89,1,-4.444,0,0.0688,0.0588,0.00286,0.306,0.684,128.011,4
spotify:track:28jHD8xBLnN8esbroQ6zz8,USIR10400344,Let's Get It Started,Summer Party,Black Eyed Peas,2007-01-01,227880,59,false,dy3capua3h7iz6vjq1bo02tbz,2024-05-21T12:38:06Z,,Universal Music Group International,0.78,0.723,11,-5.564,0,0.106,0.102,0,0.162,0.764,104.974,4
spotify:track:2WXUcFnJPPATncUkPYC54v,USIR10000449,The Real Slim Shady,Curtain Call: The Hits,Eminem,2005-12-06,283693,60,false,dy3capua3h7iz6vjq1bo02tbz,2024-05-21T12:38:06Z,"rap,hip hop",Eminem Catalog PS,0.937,0.615,5,-6.521,0,0.061,0.0806,0,0.0602,0.771,104.482,4
spotify:track:0DiWol3AO6WpXZgp0goxAV,GBDUW0000053,One More Time,Discovery,Daft Punk,2001-03-12,320357,84,false,dy3capua3h7iz6vjq1bo02tbz,2024-05-21T12:38:06Z,"french house,electronic,electro",Daft Life Ltd./ADA France,0.613,0.697,2,-8.618,1,0.133,0.0194,0,0.332,0.476,122.746,4
spotify:track:58zsLZPvfflaiIbNWoA22O,GBARL1600665,Human,Human (Deluxe),Rag'n'Bone Man,2017-02-10,200192,81,false,dy3capua3h7iz6vjq1bo02tbz,2024-05-21T12:38:06Z,,Best Laid Plans/Columbia,0.602,0.707,9,-4.097,1,0.302,0.393,0,0.165,0.554,75.087,4
spotify:track:3le4ECmJTUNXYLsGjQYSXi,GBDMT1301062,Sunrise,Oak Island,Our Last Night,2013-11-04,229250,1,false,dy3capua3h7iz6vjq1bo02tbz,2024-05-21T12:38:06Z,"post-hardcore,metalcore",mudhutdigital.com,0.376,0.877,7,-4.007,1,0.0554,0.00395,0.0000426,0.16,0.168,74.954,4
spotify:track:2YT7gnUsicqZhmK3Fkb5L8,QM4DW1568120,Limestone,Hippie Castle EP,Magic City Hippies,2015-07-24,209164,48,false,dy3capua3h7iz6vjq1bo02tbz,2024-05-21T12:38:06Z,,Magic City Hippies,0.706,0.457,4,-9.359,1,0.0383,0.282,0.0079,0.0614,0.723,78.013,4
spotify:track:5mvBULQmmnCYlUVTPt5cEU,USWB11700234,One More Light,Papercuts,Linkin Park,2024-04-12,255081,47,false,dy3capua3h7iz6vjq1bo02tbz,2024-05-21T12:38:06Z,"nu metal,rap metal,rock,alternative metal",Warner Records,0.429,0.207,8,-11.092,1,0.0408,0.889,0,0.0891,0.169,168.255,4
spotify:track:3BnBKNItMng824sLx0pUfy,USWB11303414,A LIGHT THAT NEVER COMES,RECHARGED,Linkin Park;Steve Aoki,2013-10-25,229439,60,false,dy3capua3h7iz6vjq1bo02tbz,2024-05-21T12:38:06Z,"nu metal,rap metal,rock,alternative metal,electro house,edm",Warner Records,0.687,0.871,0,-5.531,1,0.0689,0.00225,0.00708,0.134,0.539,115,4
spotify:track:2nLtzopw4rPReszdYBJU6h,USWB10300474,Numb,Meteora,Linkin Park,2003-03-25,187520,91,false,dy3capua3h7iz6vjq1bo02tbz,2024-05-21T12:38:06Z,"nu metal,rap metal,rock,alternative metal",Warner Records,0.488,0.87,6,-4.185,0,0.0421,0.00353,0,0.484,0.211,110.072,4
spotify:track:6GCWqj9LIltAq1WRCWSUc8,USRE10900667,¡Viva La Gloria!,21st Century Breakdown,Green Day,2009-05-09,210506,38,false,dy3capua3h7iz6vjq1bo02tbz,2024-05-21T12:38:06Z,"punk,pop punk",Reprise,0.232,0.937,4,-4.141,1,0.0998,0.00389,0,0.516,0.296,178.431,4
spotify:track:7FCfWfuIfKd3wznrSrhsYx,USRE10900671,East Jesus Nowhere,21st Century Breakdown,Green Day,2009-05-09,274706,36,false,dy3capua3h7iz6vjq1bo02tbz,2024-05-21T12:38:06Z,"punk,pop punk",Reprise,0.466,0.899,2,-4.143,1,0.0574,0.000718,0.000443,0.439,0.422,143.947,4
spotify:track:6K4t31amVTZDgR3sKmwUJJ,AUUM71500303,The Less I Know The Better,Currents,Tame Impala,2015-07-17,216320,91,true,dy3capua3h7iz6vjq1bo02tbz,2024-05-21T12:38:06Z,"neo-psychedelic,indie",Universal Music Australia Pty. Ltd.,0.64,0.74,4,-4.083,1,0.0284,0.0115,0.00678,0.167,0.785,116.879,4
spotify:track:71GzUmdpoVsIL2djM1Ib81,USUM71312323,Ticking Bomb,Lift Your Spirit,Aloe Blacc,2013-01-01,216320,46,false,dy3capua3h7iz6vjq1bo02tbz,2024-05-21T12:38:06Z,,Interscope,0.675,0.649,1,-8.784,0,0.0487,0.568,0.00098,0.104,0.366,107.943,4
spotify:track:2TIlqbIneP0ZY1O0EzYLlc,DEUM71807062,Someone You Loved,Breach,Lewis Capaldi,2018-11-08,182160,69,false,dy3capua3h7iz6vjq1bo02tbz,2024-05-21T12:38:06Z,soft pop,Vertigo Berlin,0.501,0.405,1,-5.679,1,0.032,0.751,0,0.105,0.447,109.889,4
spotify:track:6BXCXOJGvuhks2xDxj5opi,USRC11602229,Not Easy,Not Easy,X Ambassadors;Elle King;Wiz Khalifa,2016-10-21,245572,44,false,dy3capua3h7iz6vjq1bo02tbz,2024-05-21T12:38:06Z,,Interscope/RCA Records,0.585,0.699,8,-7.273,1,0.0566,0.149,0.00679,0.385,0.425,84.016,4
spotify:track:1FAjjAWCMbsIR9fCqC2sRm,BXS381900013,Bola Rebola - M3B Remix,Bola Rebola (Remixes),Tropkillaz;J Balvin;Anitta;ZAAC;M3B,2019-07-26,149567,43,false,dy3capua3h7iz6vjq1bo02tbz,2024-05-21T12:38:06Z,"brazilian funk,brazilian pop,reggaeton,latin,funk pop,funk carioca,moombahton,reggae en español",Universal Music Ltda.,0.726,0.869,1,-4.15,1,0.072,0.00511,0.00512,0.236,0.598,130,4
spotify:track:5G2ZnWcuILY7R5klRSLAW0,ZAQF21700001,I Don't Know,BottlebrushStr,DJ Speedsta;Zoocci Coke Dope;J Molley;Frank Casino,2019-01-25,272000,35,true,dy3capua3h7iz6vjq1bo02tbz,2024-05-21T12:38:06Z,,The Hip Hop Floor,0.808,0.661,0,-5.266,1,0.113,0.436,0,0.122,0.584,122.047,4
spotify:track:0A9mHc7oYUoCECqByV8cQR,NLZ541300467,Animals,Animals,Martin Garrix,2013-06-17,304228,76,false,dy3capua3h7iz6vjq1bo02tbz,2024-05-21T12:38:06Z,"edm,progressive house,electronica",STMPD RCRDS,0.675,0.868,1,-6.36,1,0.0392,0.00107,0.715,0.374,0.0376,128.007,4
spotify:track:4KjLfakntyCBfVm0BIMm9g,QMCE31801773,Balenciaga,Level 1,Cheat Codes,2018-06-08,173706,23,false,dy3capua3h7iz6vjq1bo02tbz,2024-05-21T12:38:06Z,,300 Entertainment,0.683,0.817,8,-5.531,0,0.215,0.064,0.0000335,0.076,0.241,125.977,4
spotify:track:5nNxppP9CK6q6FdOGaxIyv,GB2LD1800454,Awakening,Awakening,Defqwop,2018-03-07,218418,0,false,dy3capua3h7iz6vjq1bo02tbz,2024-05-21T12:38:06Z,,NCS,0.549,0.782,10,-3.225,1,0.0536,0.1,0.0461,0.132,0.0376,100.076,4
spotify:track:1axhVAiAZ8xJ1tk8EiKcui,GBUM71029622,Under Pressure - Remastered 2011,The Platinum Collection (2011 Remaster),Queen;David Bowie,2011-01-01,236506,8,false,dy3capua3h7iz6vjq1bo02tbz,2024-05-21T12:38:06Z,"classic rock,rock,glam rock,art rock",EMI,0.667,0.713,2,-7.253,1,0.0461,0.521,0,0.0734,0.527,113.528,4
spotify:track:21FAPISdIEJBXw3ahNNKO6,GBUM71029618,We Will Rock You - Remastered 2011,The Platinum Collection (2011 Remaster),Queen,2011-01-01,121813,8,false,dy3capua3h7iz6vjq1bo02tbz,2024-05-21T12:38:06Z,"classic rock,rock,glam rock",EMI,0.7,0.495,2,-7.213,1,0.0849,0.662,0,0.242,0.506,81.083,4
spotify:track:2YpeDb67231RjR0MgVLzsG,USSM11902498,Old Town Road (feat. Billy Ray Cyrus) - Remix,7,Lil Nas X;Billy Ray Cyrus,2019-06-21,157066,80,false,dy3capua3h7iz6vjq1bo02tbz,2024-05-21T12:38:06Z,,Columbia,0.878,0.619,6,-5.56,1,0.102,0.0533,0,0.113,0.639,136.041,4
spotify:track:33d10LAl3HwvH2IJCOxfgy,USUM71109132,"Moves Like Jagger - Studio Recording From ""The Voice"" Performance",Overexposed Track By Track,Maroon 5;Christina Aguilera,2012-01-01,201560,48,false,dy3capua3h7iz6vjq1bo02tbz,2024-05-21T12:38:06Z,pop,Interscope Records*,0.72,0.747,11,-4.472,0,0.0463,0.0131,0,0.331,0.621,128.014,4
spotify:track:37qI0mchgzUSeUhPiwUWPY,USRC10001047,Wherever You Will Go,The Best Of...,The Calling,2011-02-04,209360,61,false,dy3capua3h7iz6vjq1bo02tbz,2024-05-21T12:38:06Z,pop rock,RCA/Legacy,0.551,0.696,2,-6.192,1,0.0265,0.0392,0,0.127,0.354,112.024,4
spotify:track:1jS7v1W7iS5ND9IYqfOxWo,USIR10211559,Lose Yourself,Curtain Call: The Hits,Eminem,2005-12-06,326466,50,true,dy3capua3h7iz6vjq1bo02tbz,2024-05-21T12:38:06Z,"rap,hip hop",Eminem Catalog PS,0.692,0.744,2,-4.565,1,0.257,0.00868,0.000423,0.359,0.0612,171.374,4
spotify:track:30fZVthIIc7mhOyOQ1hDHY,AUNV01400153,Freaks,Freaks,Timmy Trumpet,2014-04-10,274327,0,false,dy3capua3h7iz6vjq1bo02tbz,2024-05-21T12:38:06Z,"melbourne bounce,big room",Hussle Recordings,0.905,0.92,9,-3.314,1,0.0817,0.00157,0.916,0.0647,0.728,128.027,4
spotify:track:6Hgh47WXVKtXN5zGOu0hjI,USRC11801716,OTW,OTW,Khalid;6LACK;Ty Dolla $ign,2018-04-20,263013,73,true,dy3capua3h7iz6vjq1bo02tbz,2024-05-21T12:38:06Z,trap soul,"Right Hand Music Group, LLC/RCA Records",0.652,0.678,2,-6.183,1,0.0541,0.183,0.0000326,0.106,0.28,72.989,4
spotify:track:4N0TP4Rmj6QQezWV88ARNJ,USMO17200984,Superstition,Talking Book,Stevie Wonder,1972-10-28,266133,73,false,dy3capua3h7iz6vjq1bo02tbz,2024-05-21T12:38:06Z,"motown,classic soul,soul",Motown,0.611,0.578,1,-14.171,1,0.0676,0.0598,0.0219,0.0983,0.884,100.625,4
spotify:track:3B5UbSndRz907IZhhmUfLi,USEE11000168,Count on Me,Doo-Wops & Hooligans,Bruno Mars,2010-05-11,197469,76,false,dy3capua3h7iz6vjq1bo02tbz,2024-05-21T12:38:06Z,,Elektra (NEK),0.589,0.389,0,-5.972,1,0.028,0.851,0,0.0772,0.501,89.1,4
spotify:track:35FrSEASDKsZnStrgnT4vp,USLF29600015,Un-Break My Heart,Secrets (Remix Package),Toni Braxton,1996,270466,49,false,dy3capua3h7iz6vjq1bo02tbz,2024-05-21T12:38:06Z,r&b,Arista,0.634,0.422,11,-8.472,0,0.0274,0.401,0,0.116,0.125,109.953,4
spotify:track:5K3Q1gue9nWLLwh6bYQFoB,USRC19900944,Kyrie,Welcome To The Real World,Mr. Mister,1985-11-27,265840,64,false,dy3capua3h7iz6vjq1bo02tbz,2024-05-21T12:38:06Z,,RCA Records Label,0.496,0.566,0,-13.749,1,0.035,0.0824,0,0.13,0.672,89.913,4
spotify:track:02bOPHSIPI8JGcR1vuDScs,QZES71982312,Dance Monkey,Plener,Tones And I,2023-08-11,209438,47,false,dy3capua3h7iz6vjq1bo02tbz,2024-05-21T12:38:06Z,,Warner Music Group - X5 Music Group,0.824,0.587,6,-6.401,0,0.0937,0.69,0.000105,0.149,0.514,98.029,4
spotify:track:6SEizXg6WimNyK8NdI9biV,USRC11402761,Time of Our Lives,Globalization,Pitbull;Ne-Yo,2014-11-24,229358,56,false,dy3capua3h7iz6vjq1bo02tbz,2024-05-21T12:38:06Z,,Mr.305/Polo Grounds Music/RCA Records,0.729,0.801,5,-5.698,0,0.0529,0.0895,0,0.766,0.764,123.995,4
spotify:track:7jmHyHMEqm9MJWiMAneF05,USAT20000556,Stand By Me,Don't Play That Song,Ben E. King,1962,175493,83,false,dy3capua3h7iz6vjq1bo02tbz,2024-05-21T12:38:06Z,doo-wop,Rhino Atlantic,0.632,0.232,9,-12.326,1,0.0318,0.428,0.00000495,0.215,0.673,119.136,4
spotify:track:6K0b2FYLwAbq90OgmrMvdg,ZAUM71901113,Let Me,Ghost,Matthew Mole,2019-11-14,229561,38,false,dy3capua3h7iz6vjq1bo02tbz,2024-05-21T12:38:06Z,christian folk,Universal Music (Pty) Ltd.,0.584,0.741,2,-7.695,1,0.0459,0.26,0.0000394,0.051,0.961,177.465,3
spotify:track:4Cgedth1L3nBdVLU5Z42m1,SEUM71900589,Sweettalk my Heart,Sunshine Kitty,Tove Lo,2019-09-20,179830,46,true,dy3capua3h7iz6vjq1bo02tbz,2024-05-21T12:38:06Z,,Universal Music AB,0.79,0.684,6,-4.372,1,0.0528,0.0825,0,0.106,0.236,110.988,4
spotify:track:78TFew0rsrkci5BDet3pDT,GBARL1901043,The Last Time,The Last Time,The Script,2019-11-01,196366,27,false,dy3capua3h7iz6vjq1bo02tbz,2024-05-21T12:38:06Z,,Columbia,0.508,0.744,5,-3.421,1,0.0356,0.0567,0,0.193,0.129,132.067,4
spotify:track:2ksOAxtIxY8yElEWw8RhgK,QM6P41952433,China,China,Anuel AA;Daddy Yankee;KAROL G;J Balvin;Ozuna,2019-07-19,301714,74,false,dy3capua3h7iz6vjq1bo02tbz,2024-05-21T12:38:06Z,"reggaeton,trap latino,urbano latino,latin","2019 Real Hasta La Muerte, LLC.",0.786,0.808,7,-3.702,1,0.0882,0.0846,0.000289,0.0822,0.609,105.027,4
spotify:track:51Fjme0JiitpyXKuyQiCDo,USSM11904230,Lalala,Lalala,Y2K;bbno$,2019-06-28,160626,72,true,dy3capua3h7iz6vjq1bo02tbz,2024-05-21T12:38:06Z,,Columbia,0.843,0.39,2,-7.899,1,0.0846,0.178,0,0.137,0.495,129.972,4
spotify:track:001UkMQHw4zXfFNdKpwXAF,USAN21800051,Brand New Man - with Luke Combs,Reboot,Brooks & Dunn;Luke Combs,2019-04-05,191053,67,false,dy3capua3h7iz6vjq1bo02tbz,2024-05-21T12:38:06Z,"country,classic country,acoustic country,honky tonk",Arista Nashville,0.573,0.846,7,-4.866,1,0.0344,0.00372,0.0000787,0.29,0.562,127.061,4
spotify:track:3lVPtkNFoIyPPGVdNri4VH,USAN21800058,Neon Moon - with Kacey Musgraves,Reboot,Brooks & Dunn;Kacey Musgraves,2019-04-05,278200,67,false,dy3capua3h7iz6vjq1bo02tbz,2024-05-21T12:38:06Z,"country,classic country,acoustic country,honky tonk",Arista Nashville,0.645,0.552,3,-7.623,1,0.033,0.167,0.0000233,0.0718,0.214,102.881,4
spotify:track:5XoJTkNFe38XFvsPk0UAOw,GBARL1801703,Giant (with Rag'n'Bone Man),Giant (Remixes),Calvin Harris;Rag'n'Bone Man,2019-01-12,229184,45,false,dy3capua3h7iz6vjq1bo02tbz,2024-05-21T12:38:06Z,edm,Columbia,0.807,0.891,1,-4.311,0,0.0357,0.016,0.000499,0.0811,0.633,122.015,4
spotify:track:7l3E7lcozEodtVsSTCkcaA,USAT21811523,ZEZE (feat. Travis Scott & Offset),ZEZE (feat. Travis Scott & Offset),Kodak Black;Offset;Travis Scott,2018-10-12,228653,2,true,dy3capua3h7iz6vjq1bo02tbz,2024-05-21T12:38:06Z,rap,Atlantic Records,0.861,0.637,8,-5.692,0,0.24,0.0515,0.00000335,0.0967,0.474,98.044,4
spotify:track:3Kuu5vASpXK8oRsxOvau6P,SEBGA1900651,Think About You,Think About You,Kygo;Valerie Broussard,2019-02-14,208566,54,false,dy3capua3h7iz6vjq1bo02tbz,2024-05-21T12:38:06Z,tropical house,Kygo,0.673,0.596,10,-7.891,1,0.0354,0.166,0,0.11,0.19,123.969,4
spotify:track:6tYi93Nes84arkBcgesJbQ,CAW111800607,Hang Ups,Hang Ups,Scott Helman,2018-10-19,175805,39,false,dy3capua3h7iz6vjq1bo02tbz,2024-05-21T12:38:06Z,folk pop,Warner Music Canada,0.82,0.692,3,-6.164,1,0.11,0.408,0,0.0929,0.739,105.131,4
spotify:track:7jKCAmjP2cAn9WxxIVR14Y,USUM71818122,Everything I Need,Aquaman (Original Motion Picture Soundtrack) [Deluxe Edition],Skylar Grey,2019-07-19,200563,57,false,dy3capua3h7iz6vjq1bo02tbz,2024-05-21T12:38:06Z,,WaterTower Music,0.531,0.224,2,-10.878,1,0.0293,0.874,0,0.111,0.276,74.98,4
spotify:track:2t8yVaLvJ0RenpXUIAC52d,QZ45A1700126,a lot,i am > i was,21 Savage,2018-12-21,288624,82,true,dy3capua3h7iz6vjq1bo02tbz,2024-05-21T12:38:06Z,,"Slaughter Gang, LLC/Epic Records",0.837,0.636,1,-7.643,1,0.086,0.0395,0.00125,0.342,0.274,145.972,4
spotify:track:6G28azuVVwYBOmmkGPQFa3,USRC11900556,Hurts 2B Human (feat. Khalid),Hurts 2B Human,P!nk;Khalid,2019-04-26,202640,42,false,dy3capua3h7iz6vjq1bo02tbz,2024-05-21T12:38:06Z,,RCA Records Label,0.463,0.62,7,-5.647,1,0.167,0.131,0,0.0619,0.158,83.031,1
spotify:track:6FBlNlVx0xrXPb9suicaMM,USWB19901521,Losing My Religion,In Time: The Best Of R.E.M. 1988-2003,R.E.M.,2003-08-27,269000,58,false,dy3capua3h7iz6vjq1bo02tbz,2024-05-21T12:38:06Z,"jangle pop,alternative rock,rock",Concord Records,0.674,0.844,9,-5.99,0,0.0288,0.0867,0,0.102,0.826,125.422,4
spotify:track:0VgkVdmE4gld66l8iyGjgx,USSM11701444,Mask Off,FUTURE,Future,2017-06-30,204600,83,true,dy3capua3h7iz6vjq1bo02tbz,2024-05-21T12:38:06Z,"rap,trap",Epic/Freebandz/A1,0.833,0.434,2,-8.795,1,0.431,0.0102,0.0219,0.165,0.281,150.062,4
spotify:track:4vTzVPLcZW8CY4Uelmj0ha,GBAAA8700010,Heaven Is A Place On Earth,Heaven Is A Place On Earth,Belinda Carlisle,1987-09-18,247173,0,false,dy3capua3h7iz6vjq1bo02tbz,2024-05-21T12:38:06Z,,Crimson,0.63,0.931,4,-4.576,1,0.0374,0.0396,0.00000186,0.0566,0.773,122.853,4
spotify:track:2L8kaqJ2YHbKlcX1e1rKnf,GBF089390076,Laid,James: The Best Of,James,1998-01-01,156866,52,false,dy3capua3h7iz6vjq1bo02tbz,2024-05-21T12:38:06Z,"madchester,britpop",EMI,0.477,0.965,0,-5.735,1,0.0361,0.0196,0.000126,0.138,0.642,116.251,4
spotify:track:5zCv5DHf9JkCdFyDGSNL5T,AURH00300071,Great Heart,Third World Child,Johnny Clegg & Savuka,1987-03-03,261746,30,false,dy3capua3h7iz6vjq1bo02tbz,2024-05-21T12:38:06Z,,Scatterlings,0.603,0.823,7,-8.288,1,0.0428,0.0784,0.00000545,0.14,0.839,121.259,4
spotify:track:3xzRBn3ywzobJrc1efC7Sb,GBAFL8200036,I Melt with You,After the Snow,Modern English,1982-04-23,251573,58,false,dy3capua3h7iz6vjq1bo02tbz,2024-05-21T12:38:06Z,"new wave,synthpop",4AD,0.535,0.801,0,-11.734,1,0.0345,0.00103,0.00329,0.0676,0.672,155.571,4
spotify:track:43f5cRyu4Wgnuf2t3AdZzL,USWB10903617,Material Girl,Celebration,Madonna,2009-09-18,240280,1,false,dy3capua3h7iz6vjq1bo02tbz,2024-05-21T12:38:06Z,,Warner Records,0.742,0.883,0,-3.419,1,0.0329,0.335,0.00000751,0.0964,0.978,136.506,4
spotify:track:2M6q8SznCTMo9XmppUmSJE,GB01A0900834,Never Ending Story,Never Ending Story,Limahl,2009-09-25,320946,60,false,dy3capua3h7iz6vjq1bo02tbz,2024-05-21T12:38:06Z,synthpop,Parlophone UK,0.668,0.527,0,-13.33,1,0.033,0.0357,0.0641,0.0595,0.521,121.191,4
spotify:track:0n0eMsX7WgEtc7dlscbuKU,USVI29800169,Fly Away,Greatest Hits,Lenny Kravitz,2000,221893,54,false,dy3capua3h7iz6vjq1bo02tbz,2024-05-21T12:38:06Z,,Virgin Records,0.597,0.868,7,-5.095,1,0.0526,0.0212,0,0.664,0.709,160.021,4
spotify:track:7tBAxQ6hD4mhr1sYQhwWDP,GBAYE0900591,We Can Work It Out - Remastered 2009,Past Masters (Vols. 1 & 2 / Remastered),The Beatles,1988-03-07,135440,41,false,dy3capua3h7iz6vjq1bo02tbz,2024-05-21T12:38:06Z,"classic rock,psychedelic rock",EMI Catalogue,0.373,0.597,2,-10.013,1,0.0273,0.102,0,0.114,0.742,106.237,4
spotify:track:5NyS3oxTlos3Agl2YtZwrC,USSM11912430,RITMO (Bad Boys For Life),TRANSLATION,Black Eyed Peas;J Balvin,2020-11-02,214854,72,true,dy3capua3h7iz6vjq1bo02tbz,2024-05-21T12:38:06Z,"reggaeton,latin",Epic,0.732,0.716,10,-6.968,0,0.0561,0.0295,0.000758,0.73,0.666,105.093,4
spotify:track:748yv6bb3l3CcKS45a6SZ8,GBF088590112,Head Over Heels,Rule The World: The Greatest Hits,Tears For Fears,2017-11-10,256146,64,false,dy3capua3h7iz6vjq1bo02tbz,2024-05-21T12:38:06Z,"new wave,synthpop",EMI,0.602,0.839,4,-4.251,0,0.0255,0.502,0.00118,0.095,0.653,95.16,4
spotify:track:6qhov3GzAO4V30EA4kh4T6,GBBRP1549812,Can I Sleep in Your Brain,Perpetual Motion People,Ezra Furman,2015-07-06,237000,37,false,dy3capua3h7iz6vjq1bo02tbz,2024-05-21T12:38:06Z,,Bella Union,0.495,0.686,0,-5.749,1,0.0471,0.00613,0.000892,0.164,0.233,138.199,1
spotify:track:4do0Z0rHdFUV3RSMxMQsdq,USBH18100122,Crimson and Clover,I Love Rock 'N' Roll (Expanded Edition),Joan Jett & the Blackhearts,1981-11-18,197493,6,false,dy3capua3h7iz6vjq1bo02tbz,2024-05-21T12:38:06Z,rock,Legacy Recordings,0.181,0.772,0,-5.201,1,0.0385,0.0601,0.00045,0.072,0.607,166.741,4
spotify:track:7uYIX9O9DY6l1D3HiwHR1J,USAT21904201,Freaking Me Out,Freaking Me Out,Ava Max,2019-07-31,192455,55,false,dy3capua3h7iz6vjq1bo02tbz,2024-05-21T12:38:06Z,,Atlantic Records,0.429,0.553,1,-4.838,0,0.0668,0.458,0,0.0766,0.381,97.954,4
spotify:track:0CJ31BEjjl1tPIj0CKi9kH,FR7U61400704,Sapés comme jamais (feat. Niska) - Pilule bleue,Mon coeur avait raison,GIMS;Niska,2015-08-28,206786,68,false,dy3capua3h7iz6vjq1bo02tbz,2024-05-21T12:38:06Z,"french rap,french r&b,french pop,pop urbaine",Jive Epic,0.842,0.777,6,-3.869,0,0.226,0.209,0.00000867,0.229,0.751,120.081,4
spotify:track:7eafuv44YprITfOdzfVLoU,USBMG0100041,"Hungry Eyes - From ""Dirty Dancing"" Soundtrack",Dirty Dancing (Original Motion Picture Soundtrack),Eric Carmen,1987-09-24,248426,65,false,dy3capua3h7iz6vjq1bo02tbz,2024-05-21T12:38:06Z,yacht rock,RCA Records Label,0.701,0.479,5,-13.061,1,0.026,0.0197,0,0.103,0.682,110.514,4
spotify:track:4lflz2Y0hbssQCx1DOWyxh,NLD018411001,Precious Little Diamond,Collections,Fox the Fox,2006-04-21,306706,45,false,dy3capua3h7iz6vjq1bo02tbz,2024-05-21T12:38:06Z,italo disco,Sony Music Local,0.756,0.71,1,-6.641,0,0.0528,0.0825,0.00107,0.0887,0.793,115.905,4
spotify:track:0eZBeB2xFIS65jQHerispi,USRE11500180,The Sound of Silence,Immortalized (Deluxe Edition),Disturbed,2015-08-14,248466,68,false,dy3capua3h7iz6vjq1bo02tbz,2024-05-21T12:38:06Z,"metal,nu metal,alternative metal,rap metal,hard rock",Reprise,0.322,0.28,6,-9.367,0,0.0281,0.468,0.0000011,0.102,0.175,85.794,4
spotify:track:56ovq6wDC51IgEmkBdugSJ,USLA19100004,Runaround Sue,The Complete Laurie Singles,Dion,2012-10-02,162080,49,false,dy3capua3h7iz6vjq1bo02tbz,2024-05-21T12:38:06Z,doo-wop,CAPITOL CATALOG MKT (C92),0.461,0.815,11,-4.186,0,0.0954,0.581,0,0.204,0.683,157.134,4
spotify:track:4GAI8BxeMgrvhZNEU59UfR,USA560619882,"Sugar, Sugar","Sugar, Sugar",The Archies,2007-01-01,169626,58,false,dy3capua3h7iz6vjq1bo02tbz,2024-05-21T12:38:06Z,,Cleopatra,0.757,0.647,2,-10.264,1,0.0299,0.757,0.00000308,0.0972,0.97,122.771,4
spotify:track:1cMObxXOvOzCiRNBWYqlWB,USWB11506541,Hunting High and Low - Remix; 2015 Remaster,Hunting High and Low (30th Anniversary Edition),a-ha,1985-06-01,226600,19,false,dy3capua3h7iz6vjq1bo02tbz,2024-05-21T12:38:06Z,"new wave,synthpop",Rhino/Warner Records,0.523,0.632,9,-7.796,0,0.033,0.278,0,0.107,0.27,116.876,4
spotify:track:1xnPVj6jmYCedHG37IE2cc,USUM71020948,Just A Dream,Just A Dream,Nelly,2010-01-01,237866,42,false,dy3capua3h7iz6vjq1bo02tbz,2024-05-21T12:38:06Z,,Motown,0.467,0.76,1,-6.117,1,0.0335,0.0407,0,0.126,0.105,180.13,4
spotify:track:4X2X49U2B7Mrk6xwzeBzyW,USEE10001285,Kokomo,All Out 80's,The Beach Boys,2022-11-18,216093,14,false,dy3capua3h7iz6vjq1bo02tbz,2024-05-21T12:38:06Z,baroque pop,Warner Music Group - X5 Music Group,0.701,0.759,0,-6.747,1,0.0286,0.0209,0,0.0902,0.929,115.586,4
spotify:track:7CI0VS6ETno5mgHi4PoCrY,USSM10025033,Don't Follow,Jar Of Flies,Alice In Chains,1994,262133,66,false,dy3capua3h7iz6vjq1bo02tbz,2024-05-21T12:38:06Z,"grunge,post-grunge",Columbia,0.314,0.37,1,-9.921,1,0.0286,0.781,0.139,0.122,0.28,116.066,1
spotify:track:22538YKRjtLLuosd61VUOn,USUM70967900,Imma Be,THE E.N.D. (THE ENERGY NEVER DIES) [International Version],Black Eyed Peas,2009-01-01,257560,44,true,dy3capua3h7iz6vjq1bo02tbz,2024-05-21T12:38:06Z,,Interscope,0.597,0.517,0,-6.963,1,0.366,0.179,0,0.307,0.413,92.035,4
spotify:track:0AH6WMe3OlAlUb5miXt2FQ,USUM71023200,Only Girl (In The World),Loud,Rihanna,2010-11-16,235493,77,false,dy3capua3h7iz6vjq1bo02tbz,2024-05-21T12:38:06Z,,Def Jam Recordings,0.789,0.716,11,-4.241,0,0.0432,0.129,0.0000107,0.069,0.611,125.906,4
spotify:track:1OEoNpiyqBghuEUaT6Je6U,USGF18819805,Patience,Appetite For Destruction (Super Deluxe Edition),Guns N' Roses,1987-07-21,354880,77,true,dy3capua3h7iz6vjq1bo02tbz,2024-05-21T12:38:06Z,"rock,glam metal,hard rock,classic rock",Guns N Roses P&D,0.457,0.296,6,-12.511,1,0.0306,0.683,0.000119,0.109,0.333,120.02,4
spotify:track:7xbWAw3LMgRMn4omR5yVn3,SEBGA2000398,Lose Somebody,Lose Somebody,Kygo;OneRepublic,2020-05-15,199549,61,false,dy3capua3h7iz6vjq1bo02tbz,2024-05-21T12:38:06Z,tropical house,Kygo,0.58,0.586,1,-6.883,1,0.0357,0.344,0,0.0755,0.507,147.988,4
spotify:track:6xiTXiZhECholKGfvDormV,USC4R1702214,Slow Disco,MASSEDUCTION,St. Vincent,2017-10-13,164720,45,false,dy3capua3h7iz6vjq1bo02tbz,2024-05-21T12:38:06Z,art pop,Loma Vista,0.26,0.288,9,-12.891,1,0.0362,0.886,0.00116,0.318,0.143,64.323,4
spotify:track:63NE8nWU64w10F9DZocRxp,GBCVZ1700122,Kitana,1992 Deluxe,Princess Nokia,2017-09-08,197000,39,true,dy3capua3h7iz6vjq1bo02tbz,2024-05-21T12:38:06Z,,Rough Trade,0.466,0.76,8,-6.092,1,0.227,0.000827,0,0.322,0.166,143.95,4
spotify:track:23khhseCLQqVMCIT1WMAns,GBAYE1400206,Magic,Ghost Stories,Coldplay,2014-05-16,285014,74,false,dy3capua3h7iz6vjq1bo02tbz,2024-05-21T12:38:06Z,,Parlophone UK,0.738,0.482,6,-8.917,0,0.0402,0.0266,0.621,0.106,0.352,93.457,4
spotify:track:1lKrkGoVEsc1a4xcllm7S2,GBBKS0700215,Paper Planes,Paper Planes - Homeland Security Remixes,M.I.A.,2008-02-11,205200,54,false,dy3capua3h7iz6vjq1bo02tbz,2024-05-21T12:38:06Z,,XL Recordings,0.447,0.848,2,-6.175,1,0.222,0.033,0.0000746,0.65,0.485,172.253,4
spotify:track:1XhyuTKVjwdxSBwMjZ29wq,USSM19000350,Two Princes,Just Go Ahead Now: A Retrospective,Spin Doctors,2000-10-24,257200,32,false,dy3capua3h7iz6vjq1bo02tbz,2024-05-21T12:38:06Z,,Epic/Legacy,0.536,0.943,11,-7.82,0,0.0742,0.00255,0,0.0535,0.819,103.714,4
spotify:track:7vggqxNKwd6xdRoYS0pQtM,USIR27700016,Three Little Birds,Legend - The Best Of Bob Marley And The Wailers,Bob Marley & The Wailers,2002-01-01,180440,73,false,dy3capua3h7iz6vjq1bo02tbz,2024-05-21T12:38:06Z,"reggae,roots reggae",UMC (Universal Music Catalogue),0.825,0.494,9,-10.486,1,0.0699,0.00956,0.00000582,0.0361,0.627,74.103,4
spotify:track:3wDxK6D6G0Fn98GOMBReqZ,NLG620402404,I Betcha Didn't Know That,In a Mellow Mood,KC & The Sunshine Band,2009,252413,5,false,dy3capua3h7iz6vjq1bo02tbz,2024-05-21T12:38:06Z,disco,"Harrick Music, Inc.",0.434,0.789,6,-8.701,1,0.0759,0.0197,0,0.0523,0.769,108.391,4
spotify:track:4J2HQow52pFt9olOHnYTbk,ZZOPM2002291,Your Man,Nectar,Joji,2020-09-24,163758,64,false,dy3capua3h7iz6vjq1bo02tbz,2024-05-21T12:38:06Z,,88rising Music,0.785,0.82,7,-8.73,1,0.0993,0.624,0.165,0.182,0.0525,117.961,4
spotify:track:3rAiTnpWWGbzsCckpyLUIZ,QZMEM2042269,75.000,75.000,ColBreakz,2020-10-11,332500,22,false,dy3capua3h7iz6vjq1bo02tbz,2024-05-21T12:38:06Z,"dubstep,drumstep",ColBreakz,0.706,0.875,9,-4.318,0,0.139,0.00227,0.0285,0.104,0.473,128.018,4
spotify:track:3BjNfUum237WPkFvmxc3Ht,GBUM71100072,You Really Got Me (Mono Version With Reverb),Kinks (Deluxe Edition),The Kinks,1964-02-02,134533,32,false,dy3capua3h7iz6vjq1bo02tbz,2024-05-21T12:38:06Z,"proto-punk,baroque pop",Castle Communications,0.541,0.987,1,-2.453,1,0.0977,0.156,0.000174,0.141,0.933,137.678,4
spotify:track:1if5gnjPOFbBtKqVoKO6uX,GBALS9700106,High,The Very Best Of,Lighthouse Family,2003-01-01,311600,33,false,dy3capua3h7iz6vjq1bo02tbz,2024-05-21T12:38:06Z,,UMC (Universal Music Catalogue),0.61,0.591,10,-7.442,1,0.0249,0.157,0.0067,0.332,0.328,101.994,4
spotify:track:31brGBYDq5N15VxIn5juop,GBUM72003738,WHAT YOU GONNA DO???,WHAT YOU GONNA DO???,Bastille;Graham Coxon,2020-07-30,131302,42,false,dy3capua3h7iz6vjq1bo02tbz,2024-05-21T12:38:06Z,britpop,EMI,0.529,0.853,7,-4.481,1,0.0382,0.00717,0,0.339,0.646,127.987,4
spotify:track:7450Hi8FUobxmRxj5INLtU,USA2B1031003,Safe and Sound,The Violent Blue,Electric President,2010,247013,39,false,dy3capua3h7iz6vjq1bo02tbz,2024-05-21T12:38:06Z,,Bear Machine,0.683,0.368,9,-12.255,1,0.0248,0.471,0.039,0.124,0.607,101.519,4
spotify:track:551obgt6kTy4UbuRXSPPEB,DEQ321300031,Trouble,Mirror,Robots Don't Sleep,2014-04-28,248880,36,false,dy3capua3h7iz6vjq1bo02tbz,2024-05-21T12:38:06Z,,Four Music,0.618,0.565,10,-8.18,1,0.0644,0.692,0.000908,0.0847,0.404,147.945,4
spotify:track:7dCi75cRLdD5NHsZajSDrz,DEZ620500053,Everytime We Touch,Back On the Dancefloor,Cascada,2012-04-27,197124,36,false,dy3capua3h7iz6vjq1bo02tbz,2024-05-21T12:38:06Z,"europop,eurodance,nightcore",Zoo Digital,0.633,0.976,8,-5.362,1,0.0519,0.00281,0.0000129,0.382,0.493,142.027,4
spotify:track:3yndKI4zWEyC36BQYrdKBA,FR7O51700210,Hit Sale,Hit Sale,Therapie TAXI;Roméo Elvis,2018-02-02,184400,65,false,dy3capua3h7iz6vjq1bo02tbz,2024-05-21T12:38:06Z,"french pop,french indie pop,variété française,french house,french rap",Panenka Music,0.573,0.784,9,-5.224,1,0.0591,0.141,0,0.0844,0.69,82.009,4
spotify:track:6sUM3NB5aL5dKKvIRpOgAy,CAAA11308902,Stay With Me,El Prado,NO LOS ANGELES,2014-02-18,280040,37,false,dy3capua3h7iz6vjq1bo02tbz,2024-05-21T12:38:06Z,,OXBLOOD NAVY,0.325,0.554,9,-8.945,1,0.0327,0.0164,0.184,0.121,0.144,103.96,4
spotify:track:5FY6QpvB4NDI14MCx5T9xi,uscgj0988303,This Empty Northern Hemisphere,This Empty Northern Hemisphere,Gregory Alan Isakov,2009-01-01,300400,48,false,dy3capua3h7iz6vjq1bo02tbz,2024-05-21T12:38:06Z,"indie folk,folk,folk pop",Suitcase Town Music,0.368,0.329,5,-12.618,1,0.0299,0.695,0.00999,0.105,0.0859,93.679,4
spotify:track:1XbOqlhkqGRjZEDY5hykEU,GBMGM0600178,Shine,Connected,Elmo,2015-03-30,199946,40,false,dy3capua3h7iz6vjq1bo02tbz,2024-05-21T12:38:06Z,,Five Missions More,0.56,0.863,10,-4.639,1,0.0573,0.327,0,0.0659,0.742,74.991,4
spotify:track:7aUuoq4oMfLxaLa5GVUDHi,USAT21502122,Way down We Go,Way down We Go,KALEO,2015-08-07,219560,64,false,dy3capua3h7iz6vjq1bo02tbz,2024-05-21T12:38:06Z,,Elektra (NEK),0.59,0.578,10,-5.798,0,0.0528,0.612,0.000162,0.0837,0.264,81.663,4
spotify:track:0fLPwaOezajmU3endfmBfH,GBARL1700268,Rapture,Blessings - EP,Tom Walker,2017-05-12,186066,47,true,dy3capua3h7iz6vjq1bo02tbz,2024-05-21T12:38:06Z,,Relentless Records,0.503,0.651,3,-6.265,0,0.0397,0.00551,0,0.185,0.292,71.243,4
spotify:track:77XQwCIgHlWHcMAbLwejNL,GB2MH1600001,The One I Love,The One I Love,Mirror Fury,2017-02-13,184078,37,false,dy3capua3h7iz6vjq1bo02tbz,2024-05-21T12:38:06Z,,Spilt Milk Records Ltd,0.573,0.256,6,-10.269,1,0.0369,0.534,0.000635,0.115,0.255,120.163,4
spotify:track:2mtv9edwGsenWrz30t0AGC,GBAYK8700084,The King Is Dead,Dancing on the Couch,Go West,1987-06-06,267626,15,false,dy3capua3h7iz6vjq1bo02tbz,2024-05-21T12:38:06Z,,Chrysalis Records,0.357,0.314,1,-17.358,1,0.0305,0.423,0,0.0823,0.456,81.739,4
spotify:track:18AXbzPzBS8Y3AkgSxzJPb,USAT21502120,In the Air Tonight - 2015 Remaster,Face Value (Deluxe Editon),Phil Collins,1981-01-01,336453,85,false,dy3capua3h7iz6vjq1bo02tbz,2024-05-21T12:38:06Z,soft rock,Rhino,0.446,0.239,0,-13.945,1,0.0316,0.551,0.0000041,0.0697,0.298,189.507,4
spotify:track:1zY6ekSJ8VI6tZ6nBqoo7g,GBAHT2000241,I Need You To Hate Me,I Need You To Hate Me,JC Stewart,2020-05-20,157447,50,false,dy3capua3h7iz6vjq1bo02tbz,2024-05-21T12:38:06Z,,Warner Records,0.637,0.589,9,-5.618,0,0.0352,0.0298,0,0.11,0.376,148.925,4
spotify:track:7BsrEqUd6VSoaK2sUYSIY1,QM6N21864314,Miss You All The Time,The Mighty,O.A.R.,2019-03-29,193866,49,false,dy3capua3h7iz6vjq1bo02tbz,2024-05-21T12:38:06Z,jam band,"Black Rock Recorded Music, LLC",0.589,0.603,7,-5.517,1,0.042,0.165,0,0.0681,0.459,76.843,4
spotify:track:315D8mjoae9vwwYPYYraTS,USRC18503424,We Built This City,80's Rock Anthems,Starship,2021-04-23,296080,15,false,dy3capua3h7iz6vjq1bo02tbz,2024-05-21T12:38:06Z,,Warner Music Group - X5 Music Group,0.66,0.908,5,-4.897,1,0.039,0.0516,0,0.0708,0.656,144.09,4
spotify:track:03cidjjZpZgo81HTn1n7pV,USUM71504653,"Flashlight - From ""Pitch Perfect 2"" Soundtrack",Pitch Perfect 2 (Original Motion Picture Soundtrack),Jessie J,2015-05-11,209546,58,false,dy3capua3h7iz6vjq1bo02tbz,2024-05-21T12:38:06Z,,UME – PP2 OST,0.495,0.626,5,-7.116,1,0.0487,0.353,0.00000841,0.103,0.416,74.284,4
spotify:track:5HLNFC6GHeeGnnz9ymUmnG,USCH30200002,Hit Me With Your Best Shot - Remastered,Heartbreaker,Pat Benatar,2009-01-01,172333,26,false,dy3capua3h7iz6vjq1bo02tbz,2024-05-21T12:38:06Z,aor,Capitol Records,0.695,0.783,4,-3.682,1,0.0334,0.321,0.0000103,0.164,0.958,127.46,4
spotify:track:0VjIjW4GlUZAMYd2vXMi3b,USUG11904206,Blinding Lights,After Hours,The Weeknd,2020-03-20,200040,91,false,dy3capua3h7iz6vjq1bo02tbz,2024-05-21T12:38:06Z,,Republic Records,0.513,0.73,1,-5.94,1,0.0598,0.00143,0.0000954,0.0897,0.334,171.001,4
spotify:track:3ZM7EQicqJZinzks0T4Zrq,USQX92005401,buzz cut (feat. MisterWives),buzz cut (feat. MisterWives),lovelytheband;MisterWives,2021-01-15,218775,40,false,dy3capua3h7iz6vjq1bo02tbz,2024-05-21T12:38:06Z,,Another Century,0.636,0.845,11,-6.432,1,0.0504,0.0342,0.0000018,0.174,0.866,146.956,4
spotify:track:4kogvO1p1DILtlDNyQtIYN,QMEZE1948958,hurts 2 hate somebody,hurts 2 hate somebody,ELIO,2020-11-06,183333,0,false,dy3capua3h7iz6vjq1bo02tbz,2024-05-21T12:38:06Z,,ELIO,0.66,0.586,7,-5.975,1,0.0399,0.149,0,0.201,0.464,90.019,4
spotify:track:4co218tAwJM5xQrczWhkZk,USAT22006240,upside down,Trauma Factory,"nothing,nowhere.",2021-02-19,187273,47,false,dy3capua3h7iz6vjq1bo02tbz,2024-05-21T12:38:06Z,emo rap,Fueled By Ramen,0.7,0.696,1,-6.513,1,0.0328,0.16,0.0379,0.1,0.336,124.002,4
spotify:track:57CAUwtVyc22Tb6ZG9vh5r,ZA56E2001098,Got Me (feat. The World Of Birds),Got Me (feat. The World Of Birds),Red Robyn;The World of Birds,2020-04-24,202245,3,false,dy3capua3h7iz6vjq1bo02tbz,2024-05-21T12:38:06Z,,Red Robyn Music,0.74,0.779,9,-7.177,1,0.0322,0.26,0.0307,0.091,0.747,117.974,4
spotify:track:6sJRtXYif7LDHEHP7sjdiY,GBGLW2000818,Whatever You Like,Whatever You Like,PHFAT,2020-10-09,170709,24,true,dy3capua3h7iz6vjq1bo02tbz,2024-05-21T12:38:06Z,,Tic Tic Bang,0.708,0.337,9,-10.845,0,0.108,0.399,0.000901,0.0735,0.441,87.813,4
spotify:track:3dPQuX8Gs42Y7b454ybpMR,USVT10300001,Seven Nation Army,Elephant,The White Stripes,2003-04-01,232106,87,false,dy3capua3h7iz6vjq1bo02tbz,2024-05-21T12:38:06Z,"garage rock,blues rock,rock,alternative rock",Legacy Recordings,0.743,0.446,4,-7.807,0,0.0683,0.0039,0.118,0.337,0.278,123.596,4
spotify:track:2KALJOvGHPVjzCXrLy5sVX,USDW10110256,The Middle,Alt Throwback,Jimmy Eat World,2019-06-28,166040,9,false,dy3capua3h7iz6vjq1bo02tbz,2024-05-21T12:38:06Z,"emo,pop punk",UME - Global Clearing House,0.644,0.848,2,-5.385,1,0.0529,0.0358,0,0.0676,0.928,162.151,4
spotify:track:5h1Dfnx9YI3A3lCrTyVbuP,USIR20500201,"Sugar, We're Goin Down",From Under The Cork Tree Limited Tour Edition,Fall Out Boy,2006-01-01,229093,0,false,dy3capua3h7iz6vjq1bo02tbz,2024-05-21T12:38:06Z,"emo,pop punk",Island Records,0.502,0.825,7,-4.759,1,0.0773,0.00852,0,0.13,0.598,161.949,4
spotify:track:4kFWpw6BCY6Fazaxd74G7j,USDW10022031,Hanging By A Moment,Greatest Hits,Lifehouse,2017-07-14,218178,49,false,dy3capua3h7iz6vjq1bo02tbz,2024-05-21T12:38:06Z,post-grunge,Geffen,0.557,0.858,1,-5.608,1,0.0344,0.00245,0,0.0812,0.426,124.745,4
spotify:track:0Az7436p78jDNDNmpJRJWy,GBUM71802084,Mirror Mirror (Look Into My Eyes) - Remastered 2018,High 'N' Dry (Remastered 2018),Def Leppard,1981-07-11,247739,29,false,dy3capua3h7iz6vjq1bo02tbz,2024-05-21T12:38:06Z,"glam metal,glam rock,classic rock",UMC (Universal Music Catalogue),0.499,0.756,7,-7.335,1,0.0432,0.0053,0.00473,0.169,0.402,115.753,4
spotify:track:2AwPXDmMeUJGt2Ro5Ea10G,USAT21601413,Save Yourself,A/B,KALEO,2016-06-10,273880,63,false,dy3capua3h7iz6vjq1bo02tbz,2024-05-21T12:38:06Z,,Elektra (NEK),0.529,0.338,8,-8.608,1,0.035,0.515,0.00000926,0.124,0.111,120.436,4
spotify:track:5rf1USDFzsAAKkLHPbEea0,USIR20300706,Just One,The Reason (20th Anniversary),Hoobastank,2024-01-12,199600,45,false,dy3capua3h7iz6vjq1bo02tbz,2024-05-21T12:38:06Z,nu metal,Island Def Jam,0.424,0.988,1,-4.291,0,0.183,0.00759,0,0.369,0.254,169.99,4
spotify:track:7xlIrLvCs7digqxVI3LKMM,USJAY0300085,Must Get Out,Songs About Jane,Maroon 5,2002-06-25,239440,47,false,dy3capua3h7iz6vjq1bo02tbz,2024-05-21T12:38:06Z,pop,Interscope Records*,0.749,0.531,7,-6.636,1,0.0324,0.0549,0,0.237,0.317,97.022,4
spotify:track:0uwik60xO8tZOyaCgdzlnM,USWB19900917,Kiss from a Rose,Best 1991 - 2004,Seal,2004,288426,41,false,dy3capua3h7iz6vjq1bo02tbz,2024-05-21T12:38:06Z,,Warner Records,0.584,0.533,10,-7.11,0,0.0305,0.684,0,0.306,0.224,131.745,3
spotify:track:5xtliWYBVT4cKo9BtBn43B,USUM71608766,Choke,Oh My My,OneRepublic,2016-12-02,226760,43,false,dy3capua3h7iz6vjq1bo02tbz,2024-05-21T12:38:06Z,,Mosley / Interscope,0.582,0.607,4,-6.397,0,0.0346,0.302,0,0.116,0.263,92.021,4
spotify:track:013AWvizllIUEC2FOBzOnh,USSM19700100,Truly Madly Deeply,Savage Garden,Savage Garden,1997-03-04,277266,72,false,dy3capua3h7iz6vjq1bo02tbz,2024-05-21T12:38:06Z,,Sony Music Entertainment,0.555,0.698,0,-8.874,1,0.0287,0.403,0,0.0851,0.816,168.12,4
spotify:track:2pyjbGTpJCPjMYwCbdymiF,USRC11801774,Dazed & Confused,Dazed & Confused,Ruel,2018-04-27,189608,58,false,dy3capua3h7iz6vjq1bo02tbz,2024-05-21T12:38:06Z,,RCA Records Label,0.688,0.5,2,-7.411,1,0.138,0.102,0,0.355,0.418,127.906,3
spotify:track:3mN9RcQg6oSPDSumrYNLFa,ZAE121300352,"Take Yours, I'll Take Mine",The Home We Built,Matthew Mole,2013-07-29,223680,1,false,dy3capua3h7iz6vjq1bo02tbz,2024-05-21T12:38:06Z,christian folk,Universal Music (Pty) Ltd.,0.68,0.609,3,-8.948,1,0.0437,0.549,0,0.337,0.398,138.096,4
spotify:track:4Bd7WFT93cRqlfyGi6eK93,SEWEE1500509,Lush Life,So Good,Zara Larsson,2017-03-17,200646,58,false,dy3capua3h7iz6vjq1bo02tbz,2024-05-21T12:38:06Z,,Epic/Record Company TEN,0.694,0.712,7,-3.923,0,0.046,0.132,0,0.211,0.799,98.023,4
spotify:track:7lWUJpax919G4JdaFEVmCy,USRC10900738,Blah Blah Blah (feat. 3OH!3),Animal (Expanded Edition),Kesha;3OH!3,2010-01-01,172053,69,true,dy3capua3h7iz6vjq1bo02tbz,2024-05-21T12:38:06Z,,RCA Records Label,0.752,0.836,10,-3.173,1,0.115,0.0843,0.000425,0.424,0.519,120.003,4
spotify:track:69Eg2bJfwL1R4UQhXzwaui,USSM11102904,Best Thing I Never Had,Sad Songs,Beyoncé,2018-02-10,253746,22,false,dy3capua3h7iz6vjq1bo02tbz,2024-05-21T12:38:06Z,,Legacy Recordings,0.546,0.649,6,-4.056,1,0.0324,0.143,0.0000155,0.0894,0.298,99.05,4
spotify:track:5MYeEuFJkU8F86pcYHMW9c,USHR11132500,Who Says,Mother’s Day Flavours,Selena Gomez & The Scene,2023-05-01,195200,24,false,dy3capua3h7iz6vjq1bo02tbz,2024-05-21T12:38:06Z,,UME - Global Clearing House,0.709,0.907,4,-4.844,1,0.0387,0.0692,0,0.221,0.769,101.006,4
spotify:track:7ks6AZmFcm3Y6PGGxGSmlB,FRZID1100110,Where Them Girls At (feat. Nicki Minaj & Flo Rida),Nothing but the Beat (Ultimate Edition),David Guetta;Flo Rida;Nicki Minaj,2012-12-07,194840,80,true,dy3capua3h7iz6vjq1bo02tbz,2024-05-21T12:38:06Z,edm,Parlophone (France),0.666,0.876,3,-3.078,1,0.0414,0.055,0,0.259,0.552,129.884,4
spotify:track:3UN6cIn3VIyg0z1LCuFSum,GB28K1100030,Without You (feat. Usher),Nothing but the Beat (Ultimate Edition),David Guetta;USHER,2012-12-07,208133,79,false,dy3capua3h7iz6vjq1bo02tbz,2024-05-21T12:38:06Z,"edm,r&b",Parlophone (France),0.608,0.614,2,-3.727,1,0.0285,0.227,0.00000406,0.157,0.402,127.884,4
spotify:track:6uUNr29OmxIotuqjK4lQMQ,USRC11300686,We Can't Stop,Bangerz (Deluxe Version),Miley Cyrus,2013-10-04,231152,1,false,dy3capua3h7iz6vjq1bo02tbz,2024-05-21T12:38:06Z,,RCA Records Label,0.609,0.617,1,-5.796,0,0.0337,0.00787,0,0.372,0.497,80.015,4
spotify:track:1pcOACWV5tnKt3bhvtLP82,USUM70609036,Smack That,Konvicted (Complete Edition),Akon;Eminem,2022-03-04,212360,56,true,dy3capua3h7iz6vjq1bo02tbz,2024-05-21T12:38:06Z,"rap,hip hop",Konvict/Upfront/SRC/Universal Records,0.929,0.778,5,-4.202,0,0.0513,0.185,0,0.297,0.941,118.994,4
spotify:track:285hMzLhJwHVLe9QT9qilk,GBARL0800147,Breakeven,The Script,The Script,2008-07-14,261426,84,false,dy3capua3h7iz6vjq1bo02tbz,2024-05-21T12:38:06Z,,Epic/Phonogenic,0.63,0.696,10,-4.501,1,0.0242,0.144,0,0.0835,0.491,94.034,4
spotify:track:1dGkhI5nDgaSTLr1cgaYD8,GBCTA0700277,No Air (feat. Chris Brown),No Air (feat. Chris Brown),Jordin Sparks;Chris Brown,2007-10-29,264386,22,false,dy3capua3h7iz6vjq1bo02tbz,2024-05-21T12:38:06Z,r&b,Jive,0.47,0.782,11,-5.002,1,0.223,0.0498,0,0.0601,0.325,159.983,4
spotify:track:3NpsJc5SOINskuK3z08Q9C,USLF20000006,No Scrubs,Fanmail,TLC,1999-02-23,214440,59,false,dy3capua3h7iz6vjq1bo02tbz,2024-05-21T12:38:06Z,,Arista/LaFace Records,0.736,0.666,8,-4.268,0,0.0783,0.025,0.000666,0.0682,0.578,92.927,4
spotify:track:3QdNmkrrOcihJKLaSvkBL5,QZHN52146672,Remember,Remember,ColBreakz;Vizzen,2021-05-07,192732,17,false,dy3capua3h7iz6vjq1bo02tbz,2024-05-21T12:38:06Z,"dubstep,drumstep",Vizzen,0.426,0.619,11,-7.36,0,0.103,0.104,0.0024,0.525,0.398,174.034,4
spotify:track:2ElbLGcKawSsNhkzdxhnly,TCACS1648374,"I Lied, I'm Dying Inside (Prhymekid Remix)","I Lied, I'm Dying Inside (Prhymekid Remix)",Prhymekid;Anne-Marie-Choon,2016-03-20,120866,40,false,dy3capua3h7iz6vjq1bo02tbz,2024-05-21T12:38:06Z,,O.D.D. Entertainment,0.732,0.504,7,-9.805,1,0.0783,0.255,0.0258,0.092,0.367,136.995,4
spotify:track:3BSRcRHsiEy4ooWA7jw7Wg,USSM18400801,Easy Lover,Chinese Wall,Philip Bailey;Phil Collins,1985-05-05,304306,45,false,dy3capua3h7iz6vjq1bo02tbz,2024-05-21T12:38:06Z,"yacht rock,soft rock",Columbia,0.746,0.701,1,-13.093,1,0.0356,0.0635,0.00132,0.0628,0.934,128.912,4
spotify:track:3YhcVZIWyakQSTUJD1YMt4,USSM18300273,The Longest Time,The Essential Billy Joel,Billy Joel,2001-10-02,223176,50,false,dy3capua3h7iz6vjq1bo02tbz,2024-05-21T12:38:06Z,soft rock,Columbia,0.506,0.327,3,-9.574,1,0.0286,0.183,0,0.11,0.627,169.588,4
spotify:track:4RQLeiolnEGtcFwHxjtF7H,USPR37507379,Rock And Roll All Nite,Alive!,KISS,1975-09-10,247600,0,false,dy3capua3h7iz6vjq1bo02tbz,2024-05-21T12:38:06Z,"glam rock,glam metal,hard rock,rock,classic rock",Casablanca Records,0.421,0.992,8,-6.515,1,0.181,0.359,0.00335,0.735,0.184,141.694,4
spotify:track:7B2zGw1RQedos798LG8Kcq,USWB19900782,School's Out,70's US Hits,Alice Cooper,2021-02-26,210106,6,false,dy3capua3h7iz6vjq1bo02tbz,2024-05-21T12:38:06Z,"glam rock,hard rock,glam metal,proto-punk,classic rock",Warner Music Group - X5 Music Group,0.292,0.745,5,-9.138,1,0.0463,0.0506,0.125,0.675,0.347,134.077,4
spotify:track:4eCfriQyNv9TY8sVTH3DbH,USUM72108365,My Own Monster,Un poquito de Rock,X Ambassadors,2023-12-01,185585,3,false,dy3capua3h7iz6vjq1bo02tbz,2024-05-21T12:38:06Z,,UME - Global Clearing House,0.631,0.766,5,-5.762,1,0.0596,0.00289,0.00000785,0.243,0.418,90.496,4
spotify:track:68d0kRT3rC8YQAP6On5ow2,USVR19600013,The One That Really Matters,Eye Of The Tiger,Survivor,1982,208426,27,false,dy3capua3h7iz6vjq1bo02tbz,2024-05-21T12:38:06Z,,Volcano,0.696,0.57,7,-12.481,1,0.03,0.397,0,0.314,0.937,121.896,4
spotify:track:6Rg2gG43JRApEwqnTgaxsl,QZGLM2319656,Red Roses,Indigo,Pnk Sabbth,2021-06-20,198249,0,true,dy3capua3h7iz6vjq1bo02tbz,2024-05-21T12:38:06Z,"darkwave,post-punk,cold wave",Pnk Sabbth,0.582,0.42,4,-11.665,0,0.0295,0.000326,0.562,0.106,0.421,120.035,4
spotify:track:2iL0W5qi0ivZ9WRXbZ74cS,NLM5S2101216,We Are The People (feat. Bono & The Edge) - Official UEFA EURO 2020 Song,We Are The People (feat. Bono & The Edge) [Official UEFA EURO 2020 Song],Martin Garrix;Bono;The Edge,2021-05-13,217000,58,false,dy3capua3h7iz6vjq1bo02tbz,2024-05-21T12:38:06Z,"edm,progressive house,electronica",Epic Amsterdam,0.66,0.733,0,-4.619,1,0.0359,0.248,0.00000896,0.17,0.304,119.933,4
spotify:track:5MMZJtHOiH1RmQSSe3DJdg,USDMG1673801,Sleep On The Floor,Cleopatra,The Lumineers,2016-04-08,211851,2,false,dy3capua3h7iz6vjq1bo02tbz,2024-05-21T12:38:06Z,"folk pop,indie folk",Dualtone Music Group,0.389,0.431,7,-8.061,1,0.0344,0.249,0,0.13,0.275,142.133,4
spotify:track:3d8y0t70g7hw2FOWl9Z4Fm,USDMG1673802,Ophelia,Cleopatra,The Lumineers,2016-04-08,160097,5,false,dy3capua3h7iz6vjq1bo02tbz,2024-05-21T12:38:06Z,"folk pop,indie folk",Dualtone Music Group,0.664,0.573,5,-6.519,1,0.0277,0.613,0.000363,0.0857,0.566,76.02,4
spotify:track:02VxlOxetoqdcq2G7zHImz,USDMG1673804,Gun Song,Cleopatra,The Lumineers,2016-04-08,216546,0,false,dy3capua3h7iz6vjq1bo02tbz,2024-05-21T12:38:06Z,"folk pop,indie folk",Dualtone Music Group,0.683,0.713,7,-5.514,1,0.025,0.293,0.0000216,0.0997,0.271,96.273,4
spotify:track:5bodDpPolC3xlame0SVcDY,USDMG1673805,Angela,Cleopatra,The Lumineers,2016-04-08,201785,1,false,dy3capua3h7iz6vjq1bo02tbz,2024-05-21T12:38:06Z,"folk pop,indie folk",Dualtone Music Group,0.668,0.563,4,-8.23,1,0.0305,0.649,0.000377,0.11,0.288,130.362,4
spotify:track:5rCHluRq4hQTOB8A3IvgC9,USDMG1673807,Gale Song,Cleopatra (Deluxe),The Lumineers,2016-04-08,193720,0,false,dy3capua3h7iz6vjq1bo02tbz,2024-05-21T12:38:06Z,"folk pop,indie folk",Dualtone Music Group,0.357,0.326,0,-8.441,1,0.0302,0.761,0.000132,0.104,0.181,176.525,3
spotify:track:34WAdNQOUeGjgFOZshew1e,USDMG1673810,My Eyes,Cleopatra,The Lumineers,2016-04-08,216600,0,false,dy3capua3h7iz6vjq1bo02tbz,2024-05-21T12:38:06Z,"folk pop,indie folk",Dualtone Music Group,0.38,0.309,11,-8.337,1,0.0371,0.852,0.0000263,0.113,0.0906,187.752,3
spotify:track:3CuscN8itbT86pQFKQMIk7,USDMG1674912,Where The Skies Are Blue,Cleopatra (Deluxe),The Lumineers,2016-04-08,140120,0,false,dy3capua3h7iz6vjq1bo02tbz,2024-05-21T12:38:06Z,"folk pop,indie folk",Dualtone Music Group,0.57,0.477,9,-6.577,1,0.0277,0.862,0.000485,0.0643,0.552,132.428,4
spotify:track:7nGdKeoT57MXiqSrIzYsm6,USDMG1674915,Cleopatra (Acoustic Demo),Cleopatra (Deluxe),The Lumineers,2016-04-08,288349,0,false,dy3capua3h7iz6vjq1bo02tbz,2024-05-21T12:38:06Z,"folk pop,indie folk",Dualtone Music Group,0.422,0.307,8,-7.843,1,0.0506,0.851,0.0000514,0.179,0.333,75.615,4
spotify:track:0Tr5G2mE56eLUGvCaXRM8I,USAT21601267,No Good,A/B,KALEO,2016-06-10,234240,69,false,dy3capua3h7iz6vjq1bo02tbz,2024-05-21T12:38:06Z,,Elektra (NEK),0.378,0.925,9,-3.781,1,0.185,0.0234,0.00062,0.18,0.584,108.525,4
spotify:track:0lwUIYJfWGB8qUEAJtYfb6,USAT21601409,Broken Bones,A/B,KALEO,2016-06-10,245960,70,false,dy3capua3h7iz6vjq1bo02tbz,2024-05-21T12:38:06Z,,Elektra (NEK),0.779,0.486,5,-7.205,1,0.193,0.802,0.0000576,0.0992,0.654,123.993,4
spotify:track:3HtCaD8SkNbjy3TrEcS4Km,USAT21601410,Glass House,A/B,KALEO,2016-06-10,241546,56,false,dy3capua3h7iz6vjq1bo02tbz,2024-05-21T12:38:06Z,,Elektra (NEK),0.358,0.92,6,-2.843,1,0.218,0.00013,0.0118,0.0765,0.493,99.919,4
spotify:track:7d9sZF7jmepe2EYdETlNWK,USAT21601411,Hot Blood,A/B,KALEO,2016-06-10,218600,66,false,dy3capua3h7iz6vjq1bo02tbz,2024-05-21T12:38:06Z,,Elektra (NEK),0.325,0.903,2,-3.173,1,0.117,0.00327,0.00000613,0.0962,0.401,148.446,4
spotify:track:2eiY8qXiV6yReXSeuoplns,ISV441421101,All the Pretty Girls,All the Pretty Girls,KALEO,2015-01-20,269893,36,false,dy3capua3h7iz6vjq1bo02tbz,2024-05-21T12:38:06Z,,Atlantic Records,0.466,0.496,1,-6.606,1,0.0302,0.626,0.00000622,0.117,0.352,74.747,4
spotify:track:1bloF1LHgUVvPJLxrzxgu7,USAT21601412,Automobile,A/B,KALEO,2016-06-10,186906,58,false,dy3capua3h7iz6vjq1bo02tbz,2024-05-21T12:38:06Z,,Elektra (NEK),0.688,0.553,2,-6.164,1,0.039,0.596,0.000033,0.305,0.356,125.887,4
spotify:track:1OtGo99uypkRbMqshBVFnn,USAT21600403,I Can't Go on Without You,I Can't Go on Without You,KALEO,2015-08-05,377000,41,false,dy3capua3h7iz6vjq1bo02tbz,2024-05-21T12:38:06Z,,Elektra (NEK),0.368,0.267,8,-9.395,0,0.0428,0.655,0.0000224,0.0834,0.194,91.88,4
spotify:track:2oSC4B3yKdgqyUguMpt1FT,AUUM72100159,Falling Up - Piano Acoustic,Falling Up (Piano Acoustic),Dean Lewis,2021-05-14,198955,36,false,dy3capua3h7iz6vjq1bo02tbz,2024-05-21T12:38:06Z,,Universal Music Australia Pty. Ltd.,0.68,0.317,2,-7.804,1,0.0481,0.894,0,0.323,0.348,102.269,4
spotify:track:4VqpY8MfmBoZ4x7cvHvHQM,QM6MZ2026358,Don't Be Afraid,Tychonaut,Tycho Jones,2021-05-17,213027,40,false,dy3capua3h7iz6vjq1bo02tbz,2024-05-21T12:38:06Z,,Globe Town Records,0.799,0.709,5,-6.85,1,0.0468,0.462,0.00002,0.0822,0.406,113.983,4
spotify:track:1iRUZsxTaNF4vwyJXMrqLk,QM4TW2006011,Serotonin,Tychonaut,Tycho Jones,2021-05-17,210000,6,false,dy3capua3h7iz6vjq1bo02tbz,2024-05-21T12:38:06Z,,Globe Town Records,0.731,0.339,0,-8.584,1,0.0646,0.465,0.0000159,0.169,0.459,97.952,4
spotify:track:3Lm3QFtDBAMDR8sgPWOJhv,QM6MZ2112395,Student Loan,Tychonaut,Tycho Jones,2021-05-17,197333,4,false,dy3capua3h7iz6vjq1bo02tbz,2024-05-21T12:38:06Z,,Globe Town Records,0.689,0.626,11,-7.92,1,0.0395,0.172,0.000135,0.136,0.519,134.978,4
spotify:track:1FNAmEsLoQjAWOnygkQfdi,USSM18300146,Time After Time,True Colors: The Best Of Cyndi Lauper,Cyndi Lauper,2014-12-11,242373,46,false,dy3capua3h7iz6vjq1bo02tbz,2024-05-21T12:38:06Z,,Legacy Recordings,0.721,0.451,0,-9.21,1,0.028,0.505,0.00000104,0.0825,0.321,130.362,4
spotify:track:7iUkK8yFqMoqIp4Q2hBPKZ,USUM72109725,The Edge Of Glory,The Edge Of Glory,Olly Alexander (Years & Years),2021-06-22,239095,36,false,dy3capua3h7iz6vjq1bo02tbz,2024-05-21T12:38:06Z,,"Polydor Records, a division of Universal Music Operations Limited, under license to Interscope",0.588,0.901,0,-4.301,0,0.0809,0.00178,0,0.0923,0.502,124.004,4
spotify:track:7M2RZNj4K13AMGb6tcuK9y,GBF088200040,Mad World,The Hurting (Deluxe Edition),Tears For Fears,1983-03-07,215506,26,false,dy3capua3h7iz6vjq1bo02tbz,2024-05-21T12:38:06Z,"new wave,synthpop",UMC (Universal Music Catalogue),0.622,0.905,4,-5.168,1,0.0449,0.0153,0.117,0.0843,0.912,118.709,4
spotify:track:25kYvXbKVoh3oQD3OwozhK,USAR17900007,I'll Never Love This Way Again,Greatest Hits 1979-1990,Dionne Warwick,1989-10-31,211266,46,false,dy3capua3h7iz6vjq1bo02tbz,2024-05-21T12:38:06Z,,Arista,0.381,0.286,2,-13.107,1,0.0287,0.453,0.00000148,0.109,0.315,130.767,4
spotify:track:1cOj24fUMnBSXhtp7waHVW,USAR18500220,"That's What Friends Are For (with Elton John, Gladys Knight & Stevie Wonder)",Greatest Hits 1979-1990,Dionne Warwick;Elton John;Gladys Knight;Stevie Wonder,1989-10-31,256466,53,false,dy3capua3h7iz6vjq1bo02tbz,2024-05-21T12:38:06Z,"motown,classic soul,soul",Arista,0.673,0.286,8,-14.643,1,0.0313,0.294,0,0.086,0.199,120.117,4
spotify:track:3SZLtkoHoECHHuOnNkNCuS,USAT21401437,All of the Stars,The Fault In Our Stars: Music From The Motion Picture,Ed Sheeran,2014-05-19,234986,60,false,dy3capua3h7iz6vjq1bo02tbz,2024-05-21T12:38:06Z,soft pop,Atlantic Records,0.436,0.562,11,-6.106,1,0.0278,0.0102,0.000278,0.198,0.24,150.066,4
spotify:track:6alrglJpdJiu3EKqWqQPol,ZZOPM2002287,Mr. Hollywood,Nectar,Joji,2020-09-24,202072,57,false,dy3capua3h7iz6vjq1bo02tbz,2024-05-21T12:38:06Z,,88rising Music,0.716,0.443,6,-8.037,1,0.0417,0.697,0.0000625,0.0797,0.243,115.01,4
spotify:track:248OFOZef6ShXv6DGgbnxU,USRC11602481,Saved,American Teen,Khalid,2017-04-27,206543,64,false,dy3capua3h7iz6vjq1bo02tbz,2024-05-21T12:38:06Z,,"Right Hand Music Group, LLC/RCA Records",0.739,0.448,10,-10.28,0,0.138,0.189,0,0.118,0.553,81.044,4
spotify:track:4hmLF2fdpjyJgW1BkeYtV1,CAINA1800036,If I Couldn't Stay,If I Couldn't Stay,Zach Oliver,2021-09-21,200000,1,false,dy3capua3h7iz6vjq1bo02tbz,2024-05-21T12:38:06Z,,komonwealth,0.592,0.562,9,-7.108,1,0.0525,0.191,0,0.123,0.363,90.04,4
spotify:track:3goSVuTt3fDYDP6kRnFwuL,USUM70809004,Take A Bow,Good Girl Gone Bad: Reloaded,Rihanna,2008-06-02,229413,80,false,dy3capua3h7iz6vjq1bo02tbz,2024-05-21T12:38:06Z,,Def Jam Recordings,0.518,0.467,9,-7.536,1,0.162,0.248,0,0.0941,0.559,79.965,4
spotify:track:0ire4j2mcGovF5JA1D2cTp,GBANP8600001,Don't Leave Me This Way (with Sarah Jane Morris),Communards,The Communards;Sarah Jane Morris,1986-01-01,271066,69,false,dy3capua3h7iz6vjq1bo02tbz,2024-05-21T12:38:06Z,"hi-nrg,synthpop,acid jazz",London Records (Because Ltd),0.64,0.926,3,-5.597,1,0.0322,0.135,0.00000204,0.134,0.901,131.997,4
spotify:track:5BHfKRD3LTxFz1tX8AH0DN,USAM19400007,Black Hole Sun,Telephantasm,Soundgarden,2010-09-28,317693,52,false,dy3capua3h7iz6vjq1bo02tbz,2024-05-21T12:38:06Z,"grunge,post-grunge,hard rock",Geffen,0.338,0.735,6,-6.886,1,0.0354,0.0000806,0.00003,0.0732,0.153,105.192,4
spotify:track:4HWRMeYLi3o2n4Bk8GOlku,USMC18925673,Free Fallin',All Time Hits,Tom Petty,2020-10-30,256000,4,false,dy3capua3h7iz6vjq1bo02tbz,2024-05-21T12:38:06Z,classic rock,UME - Global Clearing House,0.619,0.504,5,-11.562,1,0.025,0.0614,0,0.06,0.568,84.335,4
spotify:track:3IOfjJPwvlNIjYKe6dDJjx,USSM18300148,All Through the Night,True Colors: The Best Of Cyndi Lauper,Cyndi Lauper,2014-12-11,270613,35,false,dy3capua3h7iz6vjq1bo02tbz,2024-05-21T12:38:06Z,,Legacy Recordings,0.572,0.65,8,-5.913,1,0.0256,0.195,0.00000179,0.0669,0.341,95.105,4
spotify:track:7lidXGPXPYLNThITAOTlkK,USUM71918343,You should be sad,Manic,Halsey,2020-01-17,205473,70,true,dy3capua3h7iz6vjq1bo02tbz,2024-05-21T12:38:06Z,,Capitol Records,0.591,0.585,2,-6.35,1,0.0276,0.143,0,0.109,0.323,110.943,4
spotify:track:2Sh4sAOfnSHEVKFyysxzat,USRC11301790,Can't Remember to Forget You (feat. Rihanna),Shakira. (Expanded Edition),Shakira;Rihanna,2014-03-14,206866,2,false,dy3capua3h7iz6vjq1bo02tbz,2024-05-21T12:38:06Z,latin pop,RCA/Sony Latin Iberia,0.694,0.81,11,-3.556,0,0.0661,0.122,0,0.141,0.824,137.968,4
spotify:track:5jjZikDrEd0by1o7V3fO4y,USAT22002973,overwhelmed,Overwhelmed,Royal & the Serpent,2020-06-26,159293,67,false,dy3capua3h7iz6vjq1bo02tbz,2024-05-21T12:38:06Z,,P2020,0.804,0.323,0,-11.127,0,0.305,0.308,0,0.15,0.456,87.019,4
spotify:track:4Kh6cq3XgOGUK9yXQu7RTq,USAT22100334,overwhelmed - Chri$tian Gate$ remix,overwhelmed (the remixes),Royal & the Serpent;Chri$tian Gate$,2021-02-05,134482,60,true,dy3capua3h7iz6vjq1bo02tbz,2024-05-21T12:38:06Z,,Atlantic Records,0.619,0.502,0,-8.097,0,0.249,0.178,0,0.155,0.38,174.196,4
spotify:track:2gQPv5jvVPqU2a9HhMNO1v,TCAFS2101442,Toxic,Toxic,BoyWithUke,2021-10-29,168020,64,false,dy3capua3h7iz6vjq1bo02tbz,2024-05-21T12:38:06Z,,Republic Records,0.594,0.612,8,-6.627,0,0.363,0.835,0,0.461,0.687,179.629,4
spotify:track:6zFMeegAMYQo0mt8rXtrli,USSM12006375,HOLIDAY,HOLIDAY,Lil Nas X,2020-11-13,154997,68,true,dy3capua3h7iz6vjq1bo02tbz,2024-05-21T12:38:06Z,,Columbia,0.81,0.511,5,-6.924,0,0.164,0.12,0,0.0832,0.837,151.947,4
spotify:track:1ugQtcwmKOXvKAYzhjncmv,AUUM71800258,Half A Man,A Place We Knew,Dean Lewis,2019-03-22,179120,76,false,dy3capua3h7iz6vjq1bo02tbz,2024-05-21T12:38:06Z,,Universal Music Australia Pty. Ltd.,0.411,0.204,0,-11.575,1,0.0578,0.855,0,0.143,0.337,70.853,4
spotify:track:6tJkq3zUXlEjWluMW9Hdij,USRC11901788,creature,"Now, Not Yet",half•alive,2019-08-09,335009,54,false,dy3capua3h7iz6vjq1bo02tbz,2024-05-21T12:38:06Z,,half·alive/RCA Records,0.477,0.523,11,-9.213,1,0.141,0.399,0.00044,0.369,0.501,113.196,4
spotify:track:5lehoWkVPujeOAwb8BO0uK,USUM71910923,Only,The Search,NF;Sasha Alex Sloan,2019-07-26,225440,66,false,dy3capua3h7iz6vjq1bo02tbz,2024-05-21T12:38:06Z,christian hip hop,NF Real Music,0.868,0.654,9,-4.832,0,0.0766,0.208,0,0.187,0.299,138.02,4
spotify:track:1id6H6vcwSB9GGv9NXh5cl,GBAYE1200348,Song 2 - 2012 Remaster,Blur,Blur,1997-02-10,121160,53,false,dy3capua3h7iz6vjq1bo02tbz,2024-05-21T12:38:06Z,"britpop,alternative rock",Parlophone UK,0.674,0.789,8,-6.903,1,0.0676,0.00178,0.00708,0.0753,0.918,129.802,4
spotify:track:4kqBMTLnPdqOW3wkZ2BIRh,TCACS1600011,Dying Inside (DI),I Still Rap,E.Lee,2016-10-07,217186,0,true,dy3capua3h7iz6vjq1bo02tbz,2024-05-21T12:38:06Z,,Life Column Records,0.694,0.61,7,-9.512,1,0.212,0.613,0,0.318,0.253,135.35,4
spotify:track:0aPRTFIodzjOIO7YuaaEjv,GBKCV1108007,Der Kommissar,One Rule,After The Fire,2011-07-25,244459,20,false,dy3capua3h7iz6vjq1bo02tbz,2024-05-21T12:38:06Z,new wave,Roughmix/Getout Records,0.539,0.806,4,-8.267,0,0.0362,0.00737,0.000407,0.594,0.688,127.524,4
spotify:track:63WuQOXohQIxOxIFA2K7bR,ITB002200385,SUPERMODEL,SUPERMODEL,Måneskin,2022-05-13,148064,64,false,dy3capua3h7iz6vjq1bo02tbz,2024-05-21T12:38:06Z,,Epic,0.636,0.876,7,-3.413,1,0.0555,0.00164,0,0.117,0.799,120.983,4
spotify:track:1Mack10LMsmGP9SDeg6Tbf,USDMG1260805,Ho Hey,The Lumineers (Deluxe Edition),The Lumineers,2013-08-20,163133,0,false,dy3capua3h7iz6vjq1bo02tbz,2024-05-21T12:38:06Z,"folk pop,indie folk",Dualtone Music Group,0.684,0.47,0,-9.115,1,0.0295,0.778,0.00000215,0.103,0.38,79.893,4
spotify:track:5t4B1kAlCD13YY9poph0Mg,USUM71500658,Stitches,Handwritten (Revisited),Shawn Mendes,2015-11-20,206880,58,false,dy3capua3h7iz6vjq1bo02tbz,2024-05-21T12:38:06Z,,Island Records,0.594,0.754,1,-6.684,1,0.11,0.0153,0,0.0486,0.74,73.184,4
spotify:track:30FURVTCpbKyykjSEQzGkH,GBUM70604698,Back To Black,Back To Black,Amy Winehouse,2006-10-27,240440,84,true,dy3capua3h7iz6vjq1bo02tbz,2024-05-21T12:38:06Z,,Universal-Island Records Ltd.,0.49,0.725,10,-3.304,1,0.0392,0.123,0.0000268,0.0983,0.335,123.28,4
spotify:track:1Fr4EepQdigdnBwUVE1UGK,NLB638140001,Who Can It Be Now?,The Best Of Men At Work,Men At Work,2005-01-31,201000,43,false,dy3capua3h7iz6vjq1bo02tbz,2024-05-21T12:38:06Z,,Sony Music Entertainment,0.774,0.719,4,-7.335,1,0.0353,0.0939,0.00035,0.135,0.935,128.409,4
spotify:track:6LK4QAJzm6wPWITxSftVhG,GBCFB0700100,To Build A Home,To Build A Home (Versions),The Cinematic Orchestra;Patrick Watson,2007-10-29,371320,46,false,dy3capua3h7iz6vjq1bo02tbz,2024-05-21T12:38:06Z,"nu jazz,downtempo",Ninja Tune,0.264,0.122,9,-15.399,1,0.0349,0.885,0.349,0.094,0.0735,148.658,4
spotify:track:251PNRmJU9KcUnFQAB5t6I,INS170300027,Kal Ho Naa Ho,Kal Ho Naa Ho (Original Motion Picture Soundtrack),Shankar-Ehsaan-Loy;Sonu Nigam,2003-09-20,321240,67,false,dy3capua3h7iz6vjq1bo02tbz,2024-05-21T12:38:06Z,"bollywood,sufi,desi,hindi pop,kannada pop,sandalwood,marathi pop",Sony Music Entertainment India Pvt. Ltd.,0.532,0.529,0,-8.402,1,0.0352,0.334,0.000144,0.078,0.295,81.989,4
spotify:track:57bgtoPSgt236HzfBOd8kj,AUAP09000014,Thunderstruck,The Razors Edge,AC/DC,1990-09-24,292333,89,false,dy3capua3h7iz6vjq1bo02tbz,2024-05-21T12:38:06Z,"rock,hard rock,classic rock,rock and roll",Columbia,0.502,0.89,4,-5.175,1,0.0364,0.000147,0.0117,0.217,0.259,133.52,4
spotify:track:1M3430JMAfv3bofyh4nyVO,QMKHM1900120,"Enter Sandman - May 13th, 1991 Rough Mix",Metallica (Remastered Deluxe Box Set),Metallica,2021-09-10,335248,46,false,dy3capua3h7iz6vjq1bo02tbz,2024-05-21T12:38:06Z,"metal,thrash metal,rock,heavy metal,hard rock",Blackened Recordings / Universal Music,0.591,0.819,6,-8.846,0,0.0369,0.0138,0.0804,0.0709,0.633,123.318,4
spotify:track:0HEKDQsIItk1i2NKVgNroy,GBCTA0600228,It's Not Over,Daughtry,Daughtry,2006-11-20,215026,31,false,dy3capua3h7iz6vjq1bo02tbz,2024-05-21T12:38:06Z,post-grunge,RCA Records Label,0.426,0.92,10,-3.243,0,0.0598,0.0559,0,0.245,0.296,145.946,4
spotify:track:7C8RxsVy6MsOef3B5lk7TI,QM4TX2415501,Looking For You,HATE ME,Lil Peep,2024-03-08,198053,51,true,dy3capua3h7iz6vjq1bo02tbz,2024-05-21T12:38:06Z,"emo rap,cloud rap","Death Note Music, LLC",0.621,0.888,7,-5.483,1,0.0578,0.0232,0,0.374,0.272,144.912,4
spotify:track:1Ip5p31SowqjJLo2ss1afJ,QZDA62265273,better off without me,better off without me,Matt Hansen,2022-03-04,170211,67,false,dy3capua3h7iz6vjq1bo02tbz,2024-05-21T12:38:06Z,,Matt Hansen Music,0.62,0.468,0,-7.492,1,0.04,0.619,0,0.322,0.646,149.855,4
spotify:track:6N4zhMdUwS668LU5rYFynN,USAT21401449,"Not About Angels (From ""The Fault in Our Stars"")",all my friends are toxic,Birdy,2022-11-25,189880,9,false,dy3capua3h7iz6vjq1bo02tbz,2024-05-21T12:38:06Z,,Warner Music Group - X5 Music Group,0.406,0.144,0,-9.931,1,0.0356,0.966,0.0000221,0.0857,0.227,116.706,4
spotify:track:0VVayn6rXlPniCphi4S17B,TCACH1510131,Welcome to the Hell Zone,Couch Potato,Bobby Raps;Corbin,2015-05-31,207560,45,true,dy3capua3h7iz6vjq1bo02tbz,2024-05-21T12:38:06Z,"bass house,emo rap,cloud rap",Bobby Raps & Corbin,0.443,0.248,2,-15.364,0,0.114,0.0901,0.0905,0.138,0.169,81.528,4
spotify:track:51FSem4R8U5vnjNUjbU67Q,UST8K1842415,Even the Devil Needs a Friend,Occult 88,Occams Laser,2018-10-01,226397,7,false,dy3capua3h7iz6vjq1bo02tbz,2024-05-21T12:38:06Z,"synthwave,darkwave,vaporwave",573835 Records DK,0.355,0.914,11,-6.124,1,0.0971,0.00948,0.784,0.192,0.0397,139.945,4
spotify:track:0X2bh8NVQ8svDQIn2AdCbW,USWB11701710,Consume (feat. Goon Des Garcons),Chase Atlantic,Chase Atlantic;GOON DES GARCONS*,2017-10-04,267920,79,false,dy3capua3h7iz6vjq1bo02tbz,2024-05-21T12:38:06Z,,Warner Records,0.556,0.714,9,-5.322,0,0.158,0.07,0,0.261,0.434,146.113,4
spotify:track:5XeFesFbtLpXzIVDNQP22n,GBCEL1300373,I Wanna Be Yours,AM,Arctic Monkeys,2013-09-09,183956,93,false,dy3capua3h7iz6vjq1bo02tbz,2024-05-21T12:38:06Z,"indie,garage rock",Domino Recording Co,0.464,0.417,0,-9.345,0,0.0256,0.136,0.022,0.0974,0.479,67.528,4
spotify:track:7ms3VzLTfr7fXNOqA4Mkx9,USAT21801155,Creeping (feat. Rich the Kid),Creeping (feat. Rich the Kid),Lil Skies;Rich The Kid,2018-03-23,179830,60,true,dy3capua3h7iz6vjq1bo02tbz,2024-05-21T12:38:06Z,"melodic rap,trap",All We Got Ent.,0.729,0.687,8,-8.06,0,0.25,0.0108,0,0.162,0.683,160.085,4
spotify:track:3VZlCJimDGY0D7YEC7S351,UKELY1700052,Save That Shit,"Come Over When You're Sober, Pt. 1",Lil Peep,2017-08-15,231546,80,true,dy3capua3h7iz6vjq1bo02tbz,2024-05-21T12:38:06Z,"emo rap,cloud rap",Lil Peep,0.534,0.583,2,-8.672,1,0.0288,0.0262,0,0.421,0.145,106,4
spotify:track:4bPXGxre9kgBgsMU1iygA7,QZAPG1720244,Losing You,Losing You,Ali Gatie,2017-12-08,164309,38,true,dy3capua3h7iz6vjq1bo02tbz,2024-05-21T12:38:06Z,,Warner Records,0.696,0.495,8,-9.466,1,0.0888,0.822,0,0.128,0.44,160.041,4
spotify:track:2ANLarE8yHVsLWW21nj79M,USAT21601721,You Was Right,Lil Uzi Vert vs. The World,Lil Uzi Vert,2016-05-27,163944,68,true,dy3capua3h7iz6vjq1bo02tbz,2024-05-21T12:38:06Z,"melodic rap,rage rap",Generation Now/Atlantic,0.843,0.359,0,-7.417,1,0.461,0.069,0,0.12,0.156,81.987,4
spotify:track:4ve2uzqdwnHr20G5YgMMqr,USSM11806564,Missin You Crazy,ZOO,Russ,2018-09-07,226693,67,true,dy3capua3h7iz6vjq1bo02tbz,2024-05-21T12:38:06Z,,Columbia,0.716,0.729,5,-6.313,1,0.117,0.0991,0,0.0842,0.276,131.975,4
spotify:track:3drdWsJKiVCSQ2gKhd9BDT,USUM72208978,Savior,Mr. Morale & The Big Steppers,Kendrick Lamar;Baby Keem;Sam Dew,2022-05-13,224466,63,true,dy3capua3h7iz6vjq1bo02tbz,2024-05-21T12:38:06Z,"hip hop,west coast hip hop",pgLang/Top Dawg Entertainment/Aftermath/Interscope Records,0.605,0.692,8,-7.45,1,0.446,0.495,0,0.303,0.685,124.84,5
spotify:track:3SQjGI2Nc1WettfiYo0CbK,QZ8LD1976643,Song to You,Song to You,Curlybamm;Jayygoinup,2019-01-27,195866,45,false,dy3capua3h7iz6vjq1bo02tbz,2024-05-21T12:38:06Z,"afro r&b,trap soul",Curlybamm,0.507,0.426,9,-9.657,1,0.0607,0.787,0,0.0895,0.353,129.699,4
spotify:track:4CNJ3ybC6SDw4XyXiPycdT,USWB12000423,Running On My Mind,The Idea Of Her,Ali Gatie,2021-03-26,156721,54,false,dy3capua3h7iz6vjq1bo02tbz,2024-05-21T12:38:06Z,,Warner Records,0.619,0.453,5,-7.697,1,0.0264,0.464,0,0.149,0.217,96.021,4
spotify:track:71TRhiwsRckqoqO9CcDIE6,USWB12100630,Do You Believe,The Idea Of Her,Ali Gatie;Marshmello;Ty Dolla $ign,2021-03-26,156331,45,false,dy3capua3h7iz6vjq1bo02tbz,2024-05-21T12:38:06Z,"edm,trap soul",Warner Records,0.665,0.707,11,-5.144,1,0.03,0.193,0,0.219,0.391,144.952,4
spotify:track:0FLRn1KKH2CZNmPN9VOU7e,USSM11914456,Can We Kiss Forever?,Things I Wanted To Tell You,Kina;Adriana Proenza,2020-04-24,187931,37,false,dy3capua3h7iz6vjq1bo02tbz,2024-05-21T12:38:06Z,,Columbia,0.522,0.128,4,-18.717,1,0.0357,0.894,0.026,0.0941,0.124,109.986,4
spotify:track:50I4Px0ip8mYOT2TwUZT8k,USWB12001394,Welcome Back (feat. Alessia Cara),Welcome Back (feat. Alessia Cara),Ali Gatie;Alessia Cara,2020-09-18,172593,41,false,dy3capua3h7iz6vjq1bo02tbz,2024-05-21T12:38:06Z,,Warner Records,0.577,0.517,0,-7.331,1,0.0689,0.136,0,0.166,0.194,171.863,4
spotify:track:5WOg5V5cklRbYFnVpxFB07,USWB12100633,The Idea Of Her,The Idea Of Her,Ali Gatie,2021-03-26,171150,35,false,dy3capua3h7iz6vjq1bo02tbz,2024-05-21T12:38:06Z,,Warner Records,0.636,0.533,9,-8.77,0,0.0415,0.243,0,0.0843,0.56,97.098,4
spotify:track:6IParsannfwoLCcNSfxQPh,USUM72013355,For The Night (feat. Lil Baby & DaBaby),Shoot For The Stars Aim For The Moon (Deluxe),Pop Smoke;Lil Baby;DaBaby,2020-07-20,190476,0,true,dy3capua3h7iz6vjq1bo02tbz,2024-05-21T12:38:06Z,"brooklyn drill,new york drill,drill",Victor Victor Worldwide,0.823,0.586,6,-6.606,0,0.2,0.114,0,0.193,0.347,125.971,4
spotify:track:0J478qw0TuZac6aOwSPhm6,DEE862100809,September - Acoustic,September,James Arthur,2021-06-10,221975,37,false,dy3capua3h7iz6vjq1bo02tbz,2024-05-21T12:38:06Z,soft pop,Columbia Local,0.553,0.46,9,-6.072,1,0.0296,0.748,0,0.138,0.603,100.912,4
spotify:track:5inDa3sWj8zqJBOdj7Bjqc,USQX92002635,"Hey Stupid, I Love You","Hey Stupid, I Love You",JP Saxe,2020-06-25,181000,50,false,dy3capua3h7iz6vjq1bo02tbz,2024-05-21T12:38:06Z,,Arista Records,0.758,0.594,5,-9.63,0,0.426,0.218,0.00000532,0.0798,0.869,91.864,4
spotify:track:0z9UVN8VBHJ9HdfYsOuuNf,USUM71120255,Safe & Sound - from The Hunger Games Soundtrack,The Hunger Games: Songs From District 12 And Beyond,Taylor Swift;The Civil Wars,2012-01-01,240066,62,false,dy3capua3h7iz6vjq1bo02tbz,2024-05-21T12:38:06Z,southern gothic,Universal Records,0.471,0.3,7,-10.807,1,0.028,0.883,0.0000105,0.0698,0.289,144.319,4
spotify:track:1wsRitfRRtWyEapl0q22o8,USSM19919500,Guerrilla Radio,The Battle Of Los Angeles,Rage Against The Machine,1999-11-02,206200,73,true,dy3capua3h7iz6vjq1bo02tbz,2024-05-21T12:38:06Z,"rap metal,rap rock,alternative metal,nu metal",Epic,0.599,0.957,11,-5.764,1,0.188,0.0129,0.0000706,0.155,0.489,103.68,4
spotify:track:1MhrentQH32OQN8BcXVrja,QMKHM1600041,Seek & Destroy - Rough Mix,Kill 'Em All (Deluxe / Remastered),Metallica,1983-07-24,416531,23,false,dy3capua3h7iz6vjq1bo02tbz,2024-05-21T12:38:06Z,"metal,thrash metal,rock,heavy metal,hard rock",Blackened Recordings / Universal Music,0.417,0.898,9,-7.444,1,0.159,0.000709,0.144,0.0909,0.422,140.446,4
spotify:track:6nqsR9kflrrZ3MXDDORzAA,CA5KR2363111,Novacane - Sped Up,Shades of Shiloh 2 (Sped Up),Anweezy;Aktiv World;Shiloh Dynasty,2023-08-18,145283,0,false,dy3capua3h7iz6vjq1bo02tbz,2024-05-21T12:38:06Z,,Create Capital,0.833,0.182,7,-21.031,0,0.0558,0.638,0.0818,0.372,0.536,75.976,4
spotify:track:64649mwn5MP4gz1eIOAerx,USUM70506389,Shake That,Curtain Call: The Hits,Eminem;Nate Dogg,2005-12-06,274440,48,true,dy3capua3h7iz6vjq1bo02tbz,2024-05-21T12:38:06Z,"rap,hip hop,g-funk,west coast hip hop,old school hip hop",Eminem Catalog PS,0.963,0.643,1,-5.785,0,0.117,0.0507,0.0000494,0.157,0.534,107.005,4
spotify:track:5jl8wCqKCHCux0uWf3d7O9,UKELY2000115,walk away as the door slams,HELLBOY,Lil Peep;Lil Tracy,2016-09-25,160560,72,true,dy3capua3h7iz6vjq1bo02tbz,2024-05-21T12:38:06Z,"emo rap,cloud rap",Lil Peep,0.553,0.572,1,-6.703,1,0.039,0.000115,0,0.115,0.168,135.036,3
spotify:track:72Z7zmyrNkWXGSCyonXIYP,QZHN62244384,2 FACED,2 FACED,Bri Carter,2022-05-10,118589,9,true,dy3capua3h7iz6vjq1bo02tbz,2024-05-21T12:38:06Z,,Bri Carter,0.666,0.54,5,-7.853,1,0.0413,0.0433,0,0.187,0.215,85.009,4
spotify:track:7vBqDxT6CcJhnOCRfM9Wvi,USZ4V1800210,Say Yeah,"V!BEZ, Vol. 2",TroyBoi,2018-11-09,218400,50,false,dy3capua3h7iz6vjq1bo02tbz,2024-05-21T12:38:06Z,edm trap,Mad Decent,0.828,0.452,6,-6.038,0,0.0458,0.003,0.198,0.0884,0.171,100.029,4
spotify:track:0m7TguDgLue2LCaDF7B4qx,QMRSZ2000128,Bang!,Bang!,AJR,2020-02-12,170858,46,false,dy3capua3h7iz6vjq1bo02tbz,2024-05-21T12:38:06Z,,Black Butter,0.74,0.517,1,-6.233,0,0.0506,0.0183,0,0.0558,0.698,139.917,4
spotify:track:0mr8FAnN9X70p5KRUwMIJx,SE6HN1926755,i met sarah in the bathroom,i met sarah in the bathroom,awfultune,2019-07-31,121374,1,true,dy3capua3h7iz6vjq1bo02tbz,2024-05-21T12:38:06Z,,awfultune,0.675,0.408,0,-10.861,1,0.142,0.901,0.000714,0.16,0.229,90.111,4
spotify:track:4PxFTDFbQy1Tp6CmpJWPZM,usdy42218150,Hideaway,Rebirth,Headfury;Nicola McLeod,2022-05-20,183413,0,false,dy3capua3h7iz6vjq1bo02tbz,2024-05-21T12:38:06Z,,Hopepunk Records,0.564,0.881,1,-5.767,0,0.0572,0.00794,0,0.127,0.483,124.121,4
spotify:track:7F12EoXOYtocSTa2fyUkmT,QZNWX2184963,how it sound,how it sound,Infamous Nova,2021-11-07,128682,13,true,dy3capua3h7iz6vjq1bo02tbz,2024-05-21T12:38:06Z,,!NFAMOU$ NATION,0.462,0.637,1,-7.808,0,0.0443,0.0164,0,0.243,0.291,160.681,4
spotify:track:7vGGAJBkHKxKtOnGjQduDV,USRC11803517,Saturday Nights,Suncity,Khalid,2018-10-19,209543,57,false,dy3capua3h7iz6vjq1bo02tbz,2024-05-21T12:38:06Z,,"Right Hand Music Group, LLC/RCA Records",0.54,0.439,10,-8.591,1,0.115,0.635,0.0000193,0.0993,0.371,167.908,4
spotify:track:1fgC2MHbJnPgvDfdTpC62c,USSM12002018,Feel Again (Feat. Au/Ra),Things I Wanted To Tell You,Kina;Au/Ra,2020-04-24,139354,43,false,dy3capua3h7iz6vjq1bo02tbz,2024-05-21T12:38:06Z,,Columbia,0.487,0.384,5,-10.594,1,0.0587,0.24,0,0.124,0.224,78.138,4
spotify:track:67dU06KGaJHLLlo5Y5bkD2,USUM72208019,Reputation,Twelve Carat Toothache,Post Malone,2022-06-03,248177,56,true,dy3capua3h7iz6vjq1bo02tbz,2024-05-21T12:38:06Z,,Mercury Records/Republic Records,0.314,0.439,2,-5.726,1,0.0311,0.671,0,0.181,0.364,180.119,4
spotify:track:3RSNYrTfBFBv4NTRfKNp2M,USUM72208020,Cooped Up (with Roddy Ricch),Twelve Carat Toothache (Deluxe),Post Malone;Roddy Ricch,2022-06-07,185857,48,true,dy3capua3h7iz6vjq1bo02tbz,2024-05-21T12:38:06Z,melodic rap,Mercury Records/Republic Records,0.669,0.773,0,-5.619,1,0.153,0.038,0,0.113,0.377,93.923,4
spotify:track:3nCvNB04BBiBbK77KKYFCB,USUM72208021,Lemon Tree,Twelve Carat Toothache (Deluxe),Post Malone,2022-06-07,243486,49,true,dy3capua3h7iz6vjq1bo02tbz,2024-05-21T12:38:06Z,,Mercury Records/Republic Records,0.611,0.584,11,-6.897,0,0.0301,0.083,0,0.432,0.181,116.106,4
spotify:track:2uoUmwEy9kSi1gp285zdsS,USUM72208024,I Cannot Be (A Sadder Song) (with Gunna),Twelve Carat Toothache (Deluxe),Post Malone;Gunna,2022-06-07,169824,46,true,dy3capua3h7iz6vjq1bo02tbz,2024-05-21T12:38:06Z,melodic rap,Mercury Records/Republic Records,0.517,0.668,1,-6.012,1,0.116,0.0712,0,0.407,0.646,79.782,4
spotify:track:2meHtZ7N97pJfvTL4hYtfv,USUM72208025,Insane,Twelve Carat Toothache,Post Malone,2022-06-03,169660,55,true,dy3capua3h7iz6vjq1bo02tbz,2024-05-21T12:38:06Z,,Mercury Records/Republic Records,0.645,0.671,10,-7.208,0,0.0459,0.0597,0.000008,0.11,0.365,82.546,4
spotify:track:6R9c642Hs3tOdLowjYaWt2,USUM72208026,Love/Hate Letter To Alcohol (with Fleet Foxes),Twelve Carat Toothache,Post Malone;Fleet Foxes,2022-06-03,183816,54,true,dy3capua3h7iz6vjq1bo02tbz,2024-05-21T12:38:06Z,"indie folk,folk,indie",Mercury Records/Republic Records,0.475,0.569,4,-7.073,0,0.0343,0.037,0.00129,0.232,0.0395,108.007,4
spotify:track:2OcSE0EXzgUuqkM1NIJPHJ,USUM72208027,Wasting Angels (with The Kid LAROI),Twelve Carat Toothache,Post Malone;The Kid LAROI,2022-06-03,243158,59,false,dy3capua3h7iz6vjq1bo02tbz,2024-05-21T12:38:06Z,,Mercury Records/Republic Records,0.583,0.43,9,-7.748,1,0.0353,0.801,0,0.0867,0.367,84.967,4
spotify:track:4EXaHeZXquWQGvii9gbK3C,QZFYY2284180,"i crash, u crash","i crash, u crash",Sam 183;Nightly,2022-01-23,146000,0,true,dy3capua3h7iz6vjq1bo02tbz,2024-05-21T12:38:06Z,,Sam 183 & Darkcry,0.513,0.546,10,-11.842,1,0.0509,0.637,0.00000132,0.167,0.468,120.009,4
spotify:track:2T3XExryIariqO0fIfXOdw,GBUM71500850,Lay Me Down (feat. John Legend),In The Lonely Hour (Drowning Shadows Edition),Sam Smith;John Legend,2015-11-06,219535,69,false,dy3capua3h7iz6vjq1bo02tbz,2024-05-21T12:38:06Z,"soft pop,neo soul",PLG - Capitol,0.469,0.19,4,-11.138,1,0.0373,0.919,0,0.107,0.325,125.103,4
spotify:track:03eJ2DclFWXYU8GWgANdmZ,USUYG1283992,bad vibes forever (feat. PnB Rock & Trippie Redd),Bad Vibes Forever,XXXTENTACION;PnB Rock;Trippie Redd,2019-12-06,150475,71,true,dy3capua3h7iz6vjq1bo02tbz,2024-05-21T12:38:06Z,"emo rap,melodic rap",Bad Vibes Forever / EMPIRE,0.8,0.526,8,-5.153,1,0.0716,0.334,0.00174,0.0571,0.746,129.874,4
spotify:track:0xSfELjbi6QwmprLDu4Nrx,USSM11409509,#icanteven (feat. French Montana),#000000 & #FFFFFF (No DJ Version),The Neighbourhood;French Montana,2014-11-28,234480,67,true,dy3capua3h7iz6vjq1bo02tbz,2024-05-21T12:38:06Z,,Columbia,0.359,0.625,6,-9.387,0,0.146,0.114,0.000019,0.0787,0.154,111.866,4
spotify:track:27XMmSWSOXJ7eVb40tH93T,USQX92102219,MEMORIES!,TROUBLED MEMORIES!,347aidan,2021-06-18,137806,70,false,dy3capua3h7iz6vjq1bo02tbz,2024-05-21T12:38:06Z,,Columbia,0.835,0.381,9,-6.121,1,0.342,0.757,0.00000459,0.121,0.31,154.973,4
spotify:track:4yTv1DhOrzEBfjViwbNWIn,QZDA72253448,Sunsets,I'll See You Tomorrow,Carter Tomorrow,2022-03-18,165500,31,true,dy3capua3h7iz6vjq1bo02tbz,2024-05-21T12:38:06Z,emo rap,Carter Tomorrow,0.718,0.351,8,-12.067,1,0.0562,0.0575,0.00000158,0.115,0.0697,121.876,4
spotify:track:26XaOsDMbl0e1cVKYfkz6w,USUYG1221109,Falling,Falling,Trevor Daniel,2018-10-05,159381,72,false,dy3capua3h7iz6vjq1bo02tbz,2024-05-21T12:38:06Z,,Alamo,0.785,0.431,10,-8.756,0,0.0364,0.123,0,0.0887,0.236,127.085,4
spotify:track:3er7NHWboyZoPFwFu1VZuq,QMEZE1926779,Mosh Pit Killa,Son Of Serpentine,Ramirez;ZillaKami,2019-04-29,151428,13,true,dy3capua3h7iz6vjq1bo02tbz,2024-05-21T12:38:06Z,"trap metal,horrorcore,emo rap,rap metal",G.O.D.S,0.727,0.825,2,-3.245,1,0.103,0.0145,0,0.118,0.389,83.987,4
spotify:track:4nXn1iXBvwKEuHmMJgmx6m,QZES61870924,RED Rust,Warhammer,Witchouse 40k;Warlord Colossus;6th$ithlord,2018-10-29,197853,0,true,dy3capua3h7iz6vjq1bo02tbz,2024-05-21T12:38:06Z,"trap metal,horrorcore,witch house",Hellhound Militia,0.836,0.664,1,-10.035,1,0.401,0.218,0.00000234,0.116,0.656,80.035,4
spotify:track:0NfaIKlZl87IU9pq6yF4BE,GBKPL1934238,Veins,Veins,Chief Kelly,2019-01-11,173849,13,false,dy3capua3h7iz6vjq1bo02tbz,2024-05-21T12:38:06Z,,Chief Kelly,0.87,0.386,8,-13.12,0,0.0416,0.739,0.0317,0.102,0.0876,110.476,4
spotify:track:4LDCfOGiMv1vaDdwiX09wN,AUBEC2140976,Lay Down,Bone Garden,Rivilin;RipThePetals,2021-11-12,180000,17,true,dy3capua3h7iz6vjq1bo02tbz,2024-05-21T12:38:06Z,emo rap,Independent,0.756,0.767,0,-6.86,0,0.0375,0.331,0.000885,0.0801,0.542,120.009,4
spotify:track:5ZZvLDJtfMPey8eOUKnXdE,QZES82181049,That's her,That's her,Georgiou Music,2021-04-10,217931,53,false,dy3capua3h7iz6vjq1bo02tbz,2024-05-21T12:38:06Z,,Georgiou Records,0.647,0.596,5,-8.882,0,0.358,0.881,0,0.0973,0.765,174.052,4
spotify:track:6wkyzjIQak1q4Pw3Dhhyhj,ITB009370611,Favola,Tutte storie,Eros Ramazzotti,1993-04-19,277146,34,false,dy3capua3h7iz6vjq1bo02tbz,2024-05-21T12:38:06Z,,DDD,0.653,0.363,7,-12.503,1,0.0259,0.158,0,0.239,0.281,79.931,4
spotify:track:0ada5XsQGLPUVbmTCkAP49,USUG12002092,Hate The Other Side (with Marshmello & The Kid Laroi),Legends Never Die,Juice WRLD;Marshmello;The Kid LAROI;Polo G,2020-07-10,160212,69,true,dy3capua3h7iz6vjq1bo02tbz,2024-05-21T12:38:06Z,"melodic rap,emo rap,edm",Grade A Productions/Interscope Records,0.701,0.65,6,-6.313,1,0.104,0.291,0,0.112,0.647,90.003,4
spotify:track:2XSrt1dcuOXPgl3B4bxmBz,QZAPK1700041,Carrollton,I Want to Die In New Orleans,$uicideboy$,2018-09-07,203897,66,true,dy3capua3h7iz6vjq1bo02tbz,2024-05-21T12:38:06Z,"emo rap,horrorcore,cloud rap,trap metal,underground hip hop",G59 Records,0.848,0.52,5,-10.663,0,0.501,0.00225,0.000799,0.679,0.304,149.996,4
spotify:track:2mJSI8gOGf8cnEJO5GJGzo,TCADM1878135,Void,Five Five,Pouya,2018-03-05,230501,67,true,dy3capua3h7iz6vjq1bo02tbz,2024-05-21T12:38:06Z,"emo rap,trap metal,horrorcore,underground hip hop,cloud rap",Pouya Records / EMPIRE,0.77,0.858,4,-4.573,0,0.0704,0.164,0.00088,0.18,0.554,109.929,4
spotify:track:0gAtjZVMqHroPZDPffB5SE,QZDA61819515,I Wanna Bitch Like Dillon Harper,Next Time You See Me I'll Be Dead on Your Doorstep,KAMAARA,2018-06-29,105971,46,true,dy3capua3h7iz6vjq1bo02tbz,2024-05-21T12:38:06Z,"trap metal,horrorcore",908976 Records DK,0.77,0.872,8,-4.997,1,0.323,0.0728,0.0000306,0.137,0.509,144.962,4
spotify:track:3T4N6wohtfOJN4okuvHiWT,QZHN32080624,Drop It Like It's Hot!,Drop It Like It's Hot!,HAARPER;Luga,2020-05-31,135988,55,true,dy3capua3h7iz6vjq1bo02tbz,2024-05-21T12:38:06Z,"trap metal,drift phonk,horrorcore,phonk",CREW RECORDS / EMPIRE,0.743,0.885,10,-4.41,0,0.0714,0.0317,0.4,0.113,0.648,167.097,4
spotify:track:416MVlPKr0gIcY7JGUd2mL,QZMEP2020553,Dr0nched In Sw0t,TrenchBoy||,KAMAARA;Grim Salvo,2020-10-21,252482,55,true,dy3capua3h7iz6vjq1bo02tbz,2024-05-21T12:38:06Z,"trap metal,horrorcore",Kill Love Records,0.6,0.856,9,-6.793,0,0.412,0.0396,0.000145,0.775,0.318,87.005,4
spotify:track:7FhOLK41to69LevMmfeM2M,QZAPK2000090,Scars,A Man Rose from the Dead,Scrim,2020-05-15,144660,39,true,dy3capua3h7iz6vjq1bo02tbz,2024-05-21T12:38:06Z,"emo rap,horrorcore",G59 Records,0.76,0.499,1,-9.082,1,0.0855,0.145,0.00758,0.202,0.685,146.004,4
spotify:track:3vsRpvrj5brhZoSQlYl70W,QZHN62018850,Egodeath,Egodeath,Witchouse 40k,2020-06-11,121758,0,true,dy3capua3h7iz6vjq1bo02tbz,2024-05-21T12:38:06Z,"trap metal,horrorcore,witch house",Hellhound Militia,0.766,0.89,1,-2.609,1,0.18,0.00403,0.000368,0.114,0.601,175.05,4
spotify:track:5zjdL4aLh3D3wOKeRkZSL6,TCADF1772629,2000 Rounds,2000 Rounds,Ghostemane;Pouya,2017-08-25,122482,0,true,dy3capua3h7iz6vjq1bo02tbz,2024-05-21T12:38:06Z,"trap metal,horrorcore,emo rap,cloud rap,rap metal,underground hip hop",Pouya,0.577,0.693,11,-5.96,1,0.646,0.368,0.0655,0.0989,0.0695,144.693,4
spotify:track:0rqhyRPxtOCr8ceBqFVogt,TCAEL1989519,When It's All Gone,HOT VODKA 1,Terror Reid,2020-05-08,161538,0,true,dy3capua3h7iz6vjq1bo02tbz,2024-05-21T12:38:06Z,horrorcore,Terror Reid,0.808,0.811,5,-6.412,1,0.269,0.00469,0.0000191,0.0946,0.766,104.035,4
spotify:track:6ne2YqhuoTBHijoxcxtvju,QZMEP2020548,USPS,TrenchBoy||,KAMAARA;Witchouse 40k,2020-10-21,173001,40,true,dy3capua3h7iz6vjq1bo02tbz,2024-05-21T12:38:06Z,"trap metal,horrorcore,witch house",Kill Love Records,0.791,0.92,6,-5.798,0,0.204,0.0739,0.0000769,0.11,0.931,172.107,4
spotify:track:09VtEQutBiEEXvCV1MDigF,QZES92061388,10:1 Ikejime,10:1 Ikejime,Grim Salvo;ONI INC.;CoaastGxd,2020-06-05,181578,39,true,dy3capua3h7iz6vjq1bo02tbz,2024-05-21T12:38:06Z,"trap metal,horrorcore",³³marrow,0.744,0.744,0,-5.957,1,0.226,0.0755,0.0000436,0.105,0.807,152.012,4
spotify:track:4tkfqDjIzBQUywrG0y8Noe,QZTAS2156897,Feasting.On.The.Guts.Of.Angels.,Feasting.On.The.Guts.Of.Angels.,Grim Salvo;KAMAARA,2021-12-23,235380,35,true,dy3capua3h7iz6vjq1bo02tbz,2024-05-21T12:38:06Z,"trap metal,horrorcore",³³marrow,0.75,0.922,8,-6.481,0,0.089,0.217,0.0000423,0.283,0.723,129.992,4
spotify:track:3kZoay4ANo86ehb6s4RwS9,USUM70503088,Ridin',The Sound of Revenge,Chamillionaire;Krayzie Bone,2005-01-01,303053,74,true,dy3capua3h7iz6vjq1bo02tbz,2024-05-21T12:38:06Z,southern hip hop,Universal/Chamillitary,0.788,0.799,8,-4.68,0,0.0993,0.189,0,0.3,0.835,143.051,4
spotify:track:7q3MflmodGZlOgZ799EpAb,GBBBN8300002,Total Eclipse of the Heart,80s 100 Hits,Bonnie Tyler,2010-03-01,267266,46,false,dy3capua3h7iz6vjq1bo02tbz,2024-05-21T12:38:06Z,,Sony Music Entertainment,0.431,0.569,8,-10.774,1,0.0781,0.204,0,0.302,0.18,131.434,4
spotify:track:7s8YaRPTOKyMXd62vHyFjV,TCADT1892394,Chirp Chirp,Chirp Chirp,Boobie Lootaveli,2018-08-12,129333,43,true,dy3capua3h7iz6vjq1bo02tbz,2024-05-21T12:38:06Z,,Buffet Boys,0.853,0.484,10,-7.258,1,0.247,0.071,0,0.172,0.221,90.013,4
spotify:track:3wu9SnxaFb5fvIL1lsfg92,GBSMU3336520,Memories,Memories,ColBreakz,2017-04-14,244244,24,false,dy3capua3h7iz6vjq1bo02tbz,2024-05-21T12:38:06Z,"dubstep,drumstep",ColBreakz,0.575,0.81,6,-7.067,0,0.0348,0.0000608,0.658,0.0438,0.296,128.004,4
spotify:track:42RVbiQQ9VvaVZUoHs09qW,USWU39908053,With Arms Wide Open,Rock Bangers,Creed,2024-03-01,278440,0,false,dy3capua3h7iz6vjq1bo02tbz,2024-05-21T12:38:06Z,post-grunge,UME - Global Clearing House,0.415,0.533,0,-8.445,1,0.0308,0.0037,0.000732,0.176,0.126,138.929,4
spotify:track:4oMyggIzClkOcCTvotFLkP,QM4TX2235296,Why Not,Why Not,Ghostface Playa,2022-04-01,165000,63,true,dy3capua3h7iz6vjq1bo02tbz,2024-05-21T12:38:06Z,"phonk,drift phonk",Ghostface Playa,0.725,0.984,9,-1.638,1,0.0351,0.000718,0.895,0.372,0.931,119.983,4
spotify:track:3hR4xgZVxxWGX1E2p4iSTo,QZDA71843737,Soul Collector,Soul Collector,gizmo,2018-07-29,131805,22,true,dy3capua3h7iz6vjq1bo02tbz,2024-05-21T12:38:06Z,"trap metal,horrorcore,emo rap,rap metal",784994 Records DK,0.767,0.897,0,-1.31,0,0.148,0.042,0.0000251,0.257,0.312,142.966,5
spotify:track:7A3a6QkqwreVXYmTBpbZk8,SE6QE2198678,RED LIGHT,RED LIGHT,GNLUV;Aiden Hilton;LAPurpp,2021-07-02,143892,0,true,dy3capua3h7iz6vjq1bo02tbz,2024-05-21T12:38:06Z,emo rap,Energyneverdies,0.713,0.354,2,-14.32,1,0.344,0.0423,0.0116,0.143,0.157,126.098,4
spotify:track:6CVWD0WRqwbR4HsiKHk1j3,USRE10400994,Whatsername,American Idiot,Green Day,2004-09-21,257213,66,false,dy3capua3h7iz6vjq1bo02tbz,2024-05-21T12:38:06Z,"punk,pop punk",Reprise,0.813,0.547,2,-5.936,1,0.0344,0.00104,0.00335,0.0914,0.8,119.998,4
spotify:track:4g8FDF3w6RtNT6iVxFzZ2p,QZES51903870,Eye.Sink,Eye.Sink,Grim Salvo,2019-03-05,258058,33,true,dy3capua3h7iz6vjq1bo02tbz,2024-05-21T12:38:06Z,"trap metal,horrorcore",949922 Records DK,0.62,0.63,2,-10.783,1,0.123,0.23,0.0000715,0.404,0.299,134.062,4
spotify:track:0tvpq1AObZAJR2ZXd3Y9mT,USAT20900324,I Get Off,Halestorm (Deluxe),Halestorm,2009-02-25,183706,7,false,dy3capua3h7iz6vjq1bo02tbz,2024-05-21T12:38:06Z,,Atlantic Records,0.456,0.891,11,-4.062,0,0.125,0.00682,0.00000497,0.0727,0.647,170.019,4
spotify:track:0i0KFk0XjFoZcU0WyZWxK5,QZES71917758,Apprehension,Apprehension,Jmattson;OmenXIII,2017-12-27,144015,2,true,dy3capua3h7iz6vjq1bo02tbz,2024-05-21T12:38:06Z,"trap metal,horrorcore,emo rap,cloud rap",HELLHOUND MILITIA,0.786,0.332,1,-10.943,1,0.077,0.231,0.0336,0.115,0.0394,119.976,4
spotify:track:2qfEcCkEo5NscA9GL7ER72,DK4YA1903301,Nobody,Nobody,Martin Jensen;James Arthur,2019-03-01,211040,54,true,dy3capua3h7iz6vjq1bo02tbz,2024-05-21T12:38:06Z,soft pop,Intercord,0.673,0.687,6,-5.295,0,0.0623,0.269,0,0.181,0.524,96.964,4
spotify:track:1a7lFiyCRjXgmkboOLmlvc,QM24S1808820,O.D.,O.D.,MEMBA;TITUS,2018-04-26,178075,34,true,dy3capua3h7iz6vjq1bo02tbz,2024-05-21T12:38:06Z,future bass,ANTNNA,0.73,0.775,0,-7.392,1,0.0803,0.0164,0.414,0.0939,0.554,160.016,4
spotify:track:05CNnC9ugYgnJgg6fIgyeQ,GBQCP1400108,Roll with It - Remastered,(What's The Story) Morning Glory? [Remastered],Oasis,1995-10-02,240093,61,false,dy3capua3h7iz6vjq1bo02tbz,2024-05-21T12:38:06Z,britpop,Big Brother,0.233,0.986,9,-1.896,0,0.0947,0.0325,0.000311,0.117,0.145,126.56,4
spotify:track:5axOkQnmQmwtjr4bv1Xt7i,USSM10701376,I Don't Wanna Stop,Black Rain (Expanded Edition),Ozzy Osbourne,2007-05-18,239827,70,false,dy3capua3h7iz6vjq1bo02tbz,2024-05-21T12:38:06Z,"metal,glam metal,heavy metal,hard rock",Epic,0.578,0.937,5,-3.926,1,0.0724,0.000963,0.00000225,0.4,0.769,137.937,4
spotify:track:2gDJhVspNZPpCEyzR9zOY0,USC4R2004954,The Numbers,Nowhere Generation,Rise Against,2021-06-04,299946,40,true,dy3capua3h7iz6vjq1bo02tbz,2024-05-21T12:38:06Z,"punk,hardcore punk",Loma Vista Recordings,0.253,0.963,8,-4.191,0,0.269,0.00434,0,0.239,0.324,156.245,4
spotify:track:2VGQ342iuqj6aSaYbyBQVJ,USUM70603971,Prayer Of The Refugee,The Sufferer & The Witness,Rise Against,2006-01-01,199386,76,false,dy3capua3h7iz6vjq1bo02tbz,2024-05-21T12:38:06Z,"punk,hardcore punk",Geffen,0.198,0.977,3,-3.499,0,0.173,0.00131,0.0000462,0.23,0.351,195.795,4
spotify:track:2ihBUBCbujDAkYraCx5v08,TCACS1674100,Goodbye,A Naked Twist in My Story,Secondhand Serenade,2012,290333,34,false,dy3capua3h7iz6vjq1bo02tbz,2024-05-21T12:38:06Z,emo,Secondhand Serenade Inc,0.566,0.424,4,-8.777,1,0.0298,0.495,0,0.098,0.175,138.03,4
spotify:track:6g7cbkKRBKzX8ieAoxXhIR,QZES92180388,RAMPAGE,RAMPAGE,SXMPRA,2021-04-23,158400,20,true,dy3capua3h7iz6vjq1bo02tbz,2024-05-21T12:38:06Z,"phonk,drift phonk,trap metal",HERE FOREVER,0.759,0.537,0,-9.456,0,0.0592,0.427,0.0015,0.0996,0.176,99.904,4
spotify:track:6jwDWCtSuM3w5dAGZErOfE,QZK6F2067908,They Think I'm Joking,They Think I'm Joking,Warlord Colossus;Netuh,2020-10-13,174545,0,true,dy3capua3h7iz6vjq1bo02tbz,2024-05-21T12:38:06Z,"trap metal,horrorcore,drift phonk,phonk",Warlord Records,0.75,0.659,1,-6.929,0,0.0846,0.188,0.0378,0.108,0.0794,110.044,4
spotify:track:0iqlICEIk0h6Ypvfdf6NiY,QZN882224793,love is the one drug you can't buy,love is the one drug you can't buy,yung van;Yung Kell,2022-05-06,156800,0,false,dy3capua3h7iz6vjq1bo02tbz,2024-05-21T12:38:06Z,emo rap,yung van,0.482,0.533,8,-7.723,1,0.0691,0.192,0,0.536,0.193,149.927,4
spotify:track:6hS0Hp02o202hgjPjHMxkd,USUR19980187,Kryptonite,The Better Life (Deluxe Edition),3 Doors Down,2000-02-08,233826,38,false,dy3capua3h7iz6vjq1bo02tbz,2024-05-21T12:38:06Z,post-grunge,Universal Records,0.547,0.879,11,-5.123,0,0.0282,0.00499,0.0000451,0.162,0.537,99.019,4
spotify:track:4960ws8iHGoKhRQdagkccm,USWB12203073,I’ll Be There for You,WHO HURT YOU?,Ali Gatie,2022-08-12,164886,32,false,dy3capua3h7iz6vjq1bo02tbz,2024-05-21T12:38:06Z,,Warner Records,0.515,0.423,1,-7.965,1,0.0784,0.416,0,0.117,0.453,185.964,4
spotify:track:73qINA7ccO03wxD8nsJalr,USIR10211065,When The Music Stops,The Eminem Show,Eminem;D12,2002-05-26,269013,63,true,dy3capua3h7iz6vjq1bo02tbz,2024-05-21T12:38:06Z,"rap,hip hop",Eminem Catalog PS,0.722,0.553,8,-3.578,0,0.118,0.0455,0,0.08,0.093,92.996,3
spotify:track:3nVpsnFAnFx3BZiZL0vzPu,SEBGA1400622,Borderline,Borderline - EP,Tove Styrke,2014-11-23,204280,48,false,dy3capua3h7iz6vjq1bo02tbz,2024-05-21T12:38:06Z,swedish pop,Epic,0.577,0.922,8,-3.339,0,0.0445,0.000647,0,0.0984,0.679,142.037,4
spotify:track:0b7C1NzdU4gz5CaNzBtuuk,GBKPL2296988,piccolo,piccolo,bbno$,2022-05-20,120133,30,true,dy3capua3h7iz6vjq1bo02tbz,2024-05-21T12:38:06Z,,bbno$,0.818,0.868,11,-3.301,0,0.18,0.0203,0.00523,0.115,0.634,99.993,4
spotify:track:6unndO70DvZfnXYcYQMyQJ,USSM12302165,Never Felt So Alone,Ends & Begins,Labrinth,2023-04-28,160166,72,false,dy3capua3h7iz6vjq1bo02tbz,2024-05-21T12:38:06Z,,Columbia,0.436,0.409,5,-4.438,1,0.0533,0.499,0.000166,0.38,0.363,98.357,3
spotify:track:162gREXZWRD3TWrbiy68PA,USUG12208791,Creepin' (with The Weeknd & 21 Savage),HEROES & VILLAINS (Villains Version),Metro Boomin;The Weeknd;21 Savage,2023-02-17,221520,35,true,dy3capua3h7iz6vjq1bo02tbz,2024-05-21T12:38:06Z,,Republic Records,0.716,0.613,1,-6.018,0,0.0522,0.391,0,0.0813,0.157,97.914,4
spotify:track:54cvRFWH9yxcJYnvMjuvvz,QZHNA2217302,BUSS IT,BUSS IT,Daisha McBride,2022-05-13,122666,20,false,dy3capua3h7iz6vjq1bo02tbz,2024-05-21T12:38:06Z,,The Rap Girl,0.856,0.596,6,-6.094,0,0.0525,0.00213,0.0000785,0.0903,0.384,90.007,4
spotify:track:6eDYgjKl4vUgRusxb7THDu,GBAYK8300004,True - Single Edit,Gold - The Best of Spandau Ballet,Spandau Ballet,2000-05-15,329146,61,false,dy3capua3h7iz6vjq1bo02tbz,2024-05-21T12:38:06Z,"new wave,synthpop",Parlophone UK,0.742,0.533,0,-9.098,1,0.0288,0.459,0.148,0.064,0.391,97.395,4
spotify:track:570cgvy2PnSH8MIUyfknQv,USJI10300075,I Hate Everything About You,Three Days Grace,Three Days Grace,2003-07-22,231480,37,false,dy3capua3h7iz6vjq1bo02tbz,2024-05-21T12:38:06Z,"post-grunge,rock",Jive,0.498,0.83,6,-5.157,0,0.0421,0.00461,0,0.139,0.453,89.342,4
spotify:track:0bMbDctzMmTyK2j74j3nF3,NOG841907010,"Alone, Pt. II","Alone, Pt. II",Alan Walker;Ava Max,2019-12-27,179052,70,false,dy3capua3h7iz6vjq1bo02tbz,2024-05-21T12:38:06Z,,Kreatell Music,0.67,0.668,3,-4.306,0,0.0422,0.536,0,0.133,0.608,88.033,4
spotify:track:4GhaiN8g3mwCcbfDLGoYqy,USUG12304018,Ansiedades,METRO BOOMIN PRESENTS SPIDER-MAN: ACROSS THE SPIDER-VERSE (SOUNDTRACK FROM AND INSPIRED BY THE MOTION PICTURE / DELUXE EDITION),Mora,2023-06-05,174066,60,false,dy3capua3h7iz6vjq1bo02tbz,2024-05-21T12:38:06Z,"urbano latino,trap latino,reggaeton",Republic Records,0.834,0.517,2,-8.115,0,0.0786,0.243,0.000232,0.127,0.284,119.968,4
spotify:track:1qPRAybHJUYYs2dyl4uA2O,USUM72308539,"Annihilate (Spider-Man: Across the Spider-Verse) (Metro Boomin & Swae Lee, Lil Wayne, Offset)",METRO BOOMIN PRESENTS SPIDER-MAN: ACROSS THE SPIDER-VERSE (SOUNDTRACK FROM AND INSPIRED BY THE MOTION PICTURE / DELUXE EDITION),Metro Boomin;Swae Lee;Lil Wayne;Offset,2023-06-05,231746,0,false,dy3capua3h7iz6vjq1bo02tbz,2024-05-21T12:38:06Z,"rap,hip hop",Republic Records,0.591,0.5,11,-6.206,0,0.0529,0.22,0,0.175,0.201,145.819,4
spotify:track:5HQVUIKwCEXpe7JIHyY734,USAT21102232,"Young, Wild & Free (feat. Bruno Mars)","Young, Wild & Free (feat. Bruno Mars)",Snoop Dogg;Wiz Khalifa;Bruno Mars,2011-10-11,207333,77,true,dy3capua3h7iz6vjq1bo02tbz,2024-05-21T12:38:06Z,"g-funk,west coast hip hop,gangster rap,old school hip hop,hip hop,rap",Rostrum/Atlantic,0.715,0.655,0,-6.425,1,0.137,0.0525,0,0.115,0.531,95.078,4
spotify:track:1sx0XsWUusUoPstbvokZjP,USQX92101406,AOK,TV,Tai Verdes,2021-05-20,173640,73,true,dy3capua3h7iz6vjq1bo02tbz,2024-05-21T12:38:06Z,,Arista Records,0.731,0.626,11,-6.919,1,0.0805,0.125,0,0.183,0.862,82.488,4
spotify:track:7JkZ2hQdDonRURJjlMuh8q,DEA410500401,"What Is Love - 7"" Mix",What Is Love,Haddaway,1992-01-18,270373,70,false,dy3capua3h7iz6vjq1bo02tbz,2024-05-21T13:15:00Z,eurodance,BMG Rights Management GmbH,0.683,0.772,7,-7.907,0,0.031,0.0222,0.0156,0.203,0.738,123.869,4
spotify:track:5yZvaUVyuXfSVUaMumFi6l,GBUM71505940,Runnin' (Lose It All),Runnin' (Lose It All),Naughty Boy;Beyoncé;Arrow Benjamin,2015-09-17,213019,69,false,dy3capua3h7iz6vjq1bo02tbz,2024-05-21T13:15:00Z,,Virgin Records Ltd,0.319,0.846,6,-6.109,1,0.0796,0.0103,0.0000411,0.475,0.0784,139.163,4
spotify:track:1hz7SRTGUNAtIQ46qiNv2p,USQX91901118,"GONE, GONE / THANK YOU",IGOR,"Tyler, The Creator",2019-05-17,375386,74,true,dy3capua3h7iz6vjq1bo02tbz,2024-05-29T18:51:04Z,,Columbia,0.518,0.492,10,-8.436,0,0.193,0.216,0.0012,0.146,0.471,78.848,4
spotify:track:7BdlyzVvOqmwPH9dYtZfsx,SE6I31965181,Dead Eyes,Dead Eyes,Promoting Sounds;Powfu;Ouse,2019-11-08,219428,1,true,dy3capua3h7iz6vjq1bo02tbz,2024-05-30T19:10:05Z,emo rap,Promoting Sounds,0.719,0.651,7,-5.872,1,0.0274,0.127,0,0.0762,0.289,104.956,4
spotify:track:28drn6tQo95MRvO0jQEo5C,USSM12402033,Type Shit,WE DON'T TRUST YOU,Future;Metro Boomin;Travis Scott;Playboi Carti,2024-03-22,228266,81,true,dy3capua3h7iz6vjq1bo02tbz,2024-05-30T19:34:18Z,"rap,trap,rage rap",Wilburn Holding Co./Boominati/Epic/Republic,0.64,0.552,2,-5.679,1,0.129,0.0215,0,0.119,0.112,144.941,4
spotify:track:1Gp3vNi64EY7sEStAZ51en,HKJ962415408,clouds,clouds,JVKE,2024-03-21,162615,60,false,dy3capua3h7iz6vjq1bo02tbz,2024-06-10T15:59:45Z,,JVKE,0.641,0.905,11,-3.694,1,0.0334,0.435,0.0491,0.185,0.875,94.874,4
spotify:track:3w0w2T288dec0mgeZZqoNN,QZ7XS2400012,CARNIVAL,VULTURES 1,¥$;Kanye West;Ty Dolla $ign;Rich The Kid;Playboi Carti,2024-02-09,264324,10,true,dy3capua3h7iz6vjq1bo02tbz,2024-06-10T20:02:58Z,"rap,trap soul,trap,rage rap",Ye,0.594,0.811,1,-5.746,1,0.159,0.189,0,0.339,0.311,148.144,4
spotify:track:7CwO2esrH095tjxmJVMY2E,USUM72401064,THank god 4 me,BLUE LIPS,ScHoolboy Q,2024-03-01,177260,60,true,dy3capua3h7iz6vjq1bo02tbz,2024-06-12T20:19:18Z,,Top Dawg Entertainment/Interscope Records,0.725,0.574,1,-7.945,1,0.152,0.638,0,0.112,0.419,136.003,4
spotify:track:2WrldKXSBVbNNm3A9vJryi,USUM72214376,Dance Now (feat. Kenny Mason),The Forever Story (Extended Version),JID;Kenny Mason,2022-10-31,227555,67,true,dy3capua3h7iz6vjq1bo02tbz,2024-06-12T20:31:58Z,,Dreamville/Interscope,0.782,0.476,1,-10.972,1,0.239,0.0942,0.000022,0.162,0.27,135.024,4
spotify:track:5KSffXZ5exiUZabwpXwrj7,US25X2203023,Carefree,SOUTHEND LEGEND,KingTrey;Mick Jenkins;femdot.,2023-07-28,241582,48,true,dy3capua3h7iz6vjq1bo02tbz,2024-06-12T20:42:16Z,"chicago drill,jazz rap",Alpha Pup,0.864,0.661,8,-8.086,0,0.0573,0.0155,0.0276,0.0693,0.465,128.006,4
spotify:track:6jlG8gBPNAgBgoivw2Ig09,USC4R2445163,DEVIL IS A LIE,DEVIL IS A LIE,Tommy Richman,2024-06-14,130944,74,true,dy3capua3h7iz6vjq1bo02tbz,2024-06-28T07:48:11Z,,PULSE Records,0.904,0.452,9,-7.272,1,0.132,0.174,0,0.115,0.613,90.026,4
spotify:track:6REbwUNlppTfcnV4d4ZoZi,USUM71207642,Swimming Pools (Drank),Swimming Pools (Drank),Kendrick Lamar,2012-01-01,247800,84,true,dy3capua3h7iz6vjq1bo02tbz,2024-06-28T20:24:09Z,"hip hop,west coast hip hop",Aftermath,0.693,0.445,8,-5.892,1,0.257,0.00625,0.000234,0.0899,0.199,74.044,4
spotify:track:50iiDJGpAPdr2VTrz999XA,USUM71212069,House Of Balloons / Glass Table Girls,Trilogy,The Weeknd,2012-11-13,405213,77,true,dy3capua3h7iz6vjq1bo02tbz,2024-06-29T21:15:11Z,,CP Records,0.65,0.711,0,-5.417,1,0.0377,0.0121,0.00995,0.301,0.32,89.019,4
spotify:track:4KWeGKChLKcnZsj3sIOSkW,USUG12403400,Tobey (feat. Big Sean and BabyTron),Tobey (feat. Big Sean and BabyTron),Eminem;Big Sean;BabyTron,2024-07-02,284892,61,true,dy3capua3h7iz6vjq1bo02tbz,2024-07-04T19:53:37Z,"rap,hip hop",Shady/Aftermath/Interscope Records,0.649,0.663,10,-9.059,0,0.229,0.263,0,0.144,0.208,139.023,4
spotify:track:6PGoSes0D9eUDeeAafB2As,USUM71703088,LOVE. FEAT. ZACARI.,DAMN.,Kendrick Lamar;Zacari,2017-04-14,213400,84,false,dy3capua3h7iz6vjq1bo02tbz,2024-07-05T22:26:25Z,"hip hop,west coast hip hop",Aftermath,0.8,0.585,10,-7.343,1,0.0924,0.264,0,0.153,0.779,126.058,4
spotify:track:0OA00aPt3BV10qeMIs3meW,INUM72400563,Big Dawgs,Big Dawgs,Hanumankind;Kalmi,2024-07-09,190666,77,true,dy3capua3h7iz6vjq1bo02tbz,2024-07-31T18:24:51Z,"malayalam hip hop,desi hip hop",Universal Music India Pvt Ltd.,0.464,0.745,4,-3.202,0,0.161,0.0235,0,0.363,0.262,180.098,4
spotify:track:2agBDIr9MYDUducQPC1sFU,HKOA10616988,River Flows In You,First Love (The Original & the Very First Recording),Yiruma,2001-11-27,188786,73,false,dy3capua3h7iz6vjq1bo02tbz,2024-08-07T16:37:59Z,neoclassical,Stomp Music,0.315,0.22,9,-21.343,1,0.0514,0.987,0.943,0.0802,0.116,145.195,4
spotify:track:4SWWe2OYC4mqf40Gc2RSdl,USAT21811792,Down Below,Feed Tha Streets II,Roddy Ricch,2018-11-02,224002,74,true,dy3capua3h7iz6vjq1bo02tbz,2024-08-14T16:42:55Z,melodic rap,Bird Vision Entertainment,0.926,0.454,6,-9.932,1,0.0732,0.036,0.000422,0.0896,0.34,119.969,4
spotify:track:5icOoE6VgqFKohjWWNp0Ac,USUG11900610,Here With Me,Here With Me,Marshmello;CHVRCHES,2019-03-08,156346,6,false,dy3capua3h7iz6vjq1bo02tbz,2024-08-24T14:46:40Z,"edm,synthpop",Marshmello/Republic,0.791,0.565,5,-3.933,0,0.0439,0.0623,0,0.156,0.181,99.961,4
spotify:track:0mLB2wh3dZfk0G627hk9A4,QZNWW2469300,Safe With Me,Safe With Me,Ike Dweck,2024-07-19,231494,67,false,dy3capua3h7iz6vjq1bo02tbz,2024-08-27T17:00:06Z,folk pop,2023 Ike Dweck,0.639,0.459,8,-7.935,1,0.0354,0.596,0,0.164,0.243,87.204,4
spotify:track:6X9zSijJvg1nt5E1pUuTrw,GBUM71501269,Foundation,Communion (Deluxe),Olly Alexander (Years & Years),2015-07-10,178386,33,false,dy3capua3h7iz6vjq1bo02tbz,2024-09-17T18:29:39Z,,Polydor Records,0.266,0.426,9,-9.493,0,0.0468,0.286,0.0000657,0.159,0.0869,142.313,3
spotify:track:7KM7AeGDIWKxrMN7E4ljRA,GBUM71501271,Shine,Communion (Deluxe),Olly Alexander (Years & Years),2015-07-10,255506,59,false,dy3capua3h7iz6vjq1bo02tbz,2024-09-17T18:29:39Z,,Polydor Records,0.667,0.716,1,-5.21,0,0.0349,0.189,0,0.104,0.493,108.002,4
spotify:track:3uHuSLxlSUwgGjEaVXAQOt,GBUM71402912,Take Shelter,Communion (Deluxe),Olly Alexander (Years & Years),2015-07-10,247773,49,false,dy3capua3h7iz6vjq1bo02tbz,2024-09-17T18:29:39Z,,Polydor Records,0.703,0.553,11,-6.176,0,0.0799,0.0518,0,0.101,0.718,99.989,4
spotify:track:4tbjcmm9QkFQqRB3nxk4cV,GBUM71501274,Worship,Communion (Deluxe),Olly Alexander (Years & Years),2015-07-10,221813,41,false,dy3capua3h7iz6vjq1bo02tbz,2024-09-17T18:29:39Z,,Polydor Records,0.673,0.805,4,-4.543,0,0.0395,0.0684,0,0.0855,0.6,117.982,4
spotify:track:518zXKRiPKL5RhMddyXkBB,GBUM71501268,Eyes Shut,Communion (Deluxe),Olly Alexander (Years & Years),2015-07-10,198226,51,false,dy3capua3h7iz6vjq1bo02tbz,2024-09-17T18:29:39Z,,Polydor Records,0.593,0.671,0,-6.956,1,0.0409,0.54,0,0.123,0.195,97.935,4
spotify:track:3AeicLnm55RqcXGBKYQolM,GBUM71406892,King,Communion (Deluxe),Olly Alexander (Years & Years),2015-07-10,215360,77,false,dy3capua3h7iz6vjq1bo02tbz,2024-09-17T18:29:39Z,,Polydor Records,0.56,0.857,4,-4.145,0,0.0384,0.0594,0,0.381,0.432,119.975,4
spotify:track:20ouJW3BTG6aFAugslihCw,GBUM71405090,Desire,Communion (Deluxe),Olly Alexander (Years & Years),2015-07-10,206773,57,false,dy3capua3h7iz6vjq1bo02tbz,2024-09-17T18:29:39Z,,Polydor Records,0.685,0.792,10,-4.157,0,0.0443,0.223,0,0.334,0.736,126.002,4
spotify:track:5pvV6oW7dy3nuaE99MEplz,GBUM71501273,Gold,Communion (Deluxe),Olly Alexander (Years & Years),2015-07-10,239533,42,false,dy3capua3h7iz6vjq1bo02tbz,2024-09-17T18:29:39Z,,Polydor Records,0.551,0.711,10,-6.672,0,0.0506,0.128,0.00000443,0.105,0.329,128.029,4
spotify:track:41GQIIdw20KKRDRl7Sq81m,GBUM71501278,Without,Communion (Deluxe),Olly Alexander (Years & Years),2015-07-10,210533,34,false,dy3capua3h7iz6vjq1bo02tbz,2024-09-17T18:29:39Z,,Polydor Records,0.499,0.474,3,-6.935,1,0.0349,0.703,0.00000853,0.0941,0.171,74.981,4
spotify:track:75qbcmhSAgP2sVjbGuWgoI,GBUM71405292,Memo,Communion (Deluxe),Olly Alexander (Years & Years),2015-07-10,204253,35,false,dy3capua3h7iz6vjq1bo02tbz,2024-09-17T18:29:39Z,,Polydor Records,0.432,0.486,2,-11.056,1,0.0985,0.698,0.0633,0.0834,0.264,81.175,4
spotify:track:6BVRm85n4H7hLkRcz1v6VW,GBUM71501275,1977,Communion (Deluxe),Olly Alexander (Years & Years),2015-07-10,180613,31,false,dy3capua3h7iz6vjq1bo02tbz,2024-09-17T18:29:39Z,,Polydor Records,0.61,0.451,5,-7.366,0,0.0316,0.394,0.000459,0.068,0.605,154.087,4
spotify:track:4EFtTt7BrI0UoqXtKy6zWq,GBUM71501277,Ready For You - Acoustic,Communion (Deluxe),Olly Alexander (Years & Years),2015-07-10,197266,30,false,dy3capua3h7iz6vjq1bo02tbz,2024-09-17T18:29:39Z,,Polydor Records,0.538,0.198,3,-9.651,1,0.0512,0.958,0.00000568,0.103,0.359,135.041,3
spotify:track:0SlJjIJ9VrldepAt6nrhca,GBUM71501602,I Want To Love,Communion (Deluxe),Olly Alexander (Years & Years),2015-07-10,141013,31,false,dy3capua3h7iz6vjq1bo02tbz,2024-09-17T18:29:39Z,,Polydor Records,0.731,0.867,4,-4.644,1,0.0392,0.0185,0,0.0766,0.896,120.016,4
spotify:track:2yybvAviPcX43UHomvHbu8,GBUM71501276,King - Acoustic,Communion (Deluxe),Olly Alexander (Years & Years),2015-07-10,243573,43,false,dy3capua3h7iz6vjq1bo02tbz,2024-09-17T18:29:39Z,,Polydor Records,0.444,0.183,2,-8.759,1,0.0406,0.955,0.0000019,0.107,0.294,90.638,4
spotify:track:7h0d2h0fUmzbs7zeFigJPn,USSM11914991,HIGHEST IN THE ROOM (feat. ROSALÍA & Lil Baby) - REMIX,JACKBOYS,Travis Scott;ROSALÍA;Lil Baby,2019-12-27,244873,60,true,dy3capua3h7iz6vjq1bo02tbz,2024-09-28T02:47:29Z,"rap,latin",Cactus Jack/Epic,0.559,0.491,2,-6.406,0,0.0346,0.0567,0,0.0992,0.114,153.131,4
spotify:track:0Sayb1EWTywPttwJo7zjBt,GBARL1201144,Six Degrees of Separation,#3 Deluxe Version,The Script,2012-09-10,232253,58,true,dy3capua3h7iz6vjq1bo02tbz,2024-09-28T20:29:37Z,,Epic/Phonogenic,0.517,0.828,4,-4.223,1,0.0493,0.156,0,0.901,0.516,147.956,4
spotify:track:1NhPKVLsHhFUHIOZ32QnS2,USUM70985644,Secrets,Waking Up,OneRepublic,2009-01-01,224693,46,false,dy3capua3h7iz6vjq1bo02tbz,2024-09-30T09:22:52Z,,Mosley / Interscope,0.516,0.764,2,-6.223,1,0.0366,0.0717,0,0.115,0.376,148.021,4
spotify:track:0rmGAIH9LNJewFw7nKzZnc,USPR39402224,You Give Love A Bad Name,Slippery When Wet,Bon Jovi,1986-08-16,222706,79,false,dy3capua3h7iz6vjq1bo02tbz,2024-10-02T14:02:40Z,glam metal,Island Records,0.541,0.959,0,-2.947,0,0.0505,0.0663,0.00000218,0.344,0.812,122.805,4
spotify:track:6fvIR1Hhbc1t9wqMcW1olX,USUM70758800,Mercy,Dreaming Out Loud,OneRepublic,2007-11-20,240573,32,false,dy3capua3h7iz6vjq1bo02tbz,2024-10-07T11:40:44Z,,Mosley / Interscope,0.471,0.848,11,-5.566,1,0.0713,0.0153,0,0.109,0.189,116.403,4
spotify:track:4kbj5MwxO1bq9wjT5g9HaA,USRC11401949,Shut Up and Dance,TALKING IS HARD,WALK THE MOON,2014-12-02,199080,88,false,dy3capua3h7iz6vjq1bo02tbz,2024-10-07T11:43:37Z,,RCA Records Label,0.578,0.866,1,-3.804,1,0.0619,0.00701,0,0.257,0.619,128.038,4
spotify:track:67WTwafOMgegV6ABnBQxcE,USAT21104050,Some Nights,Some Nights,fun.,2012-02-14,277040,74,true,dy3capua3h7iz6vjq1bo02tbz,2024-10-07T11:44:19Z,,Fueled By Ramen,0.672,0.738,0,-7.045,1,0.0506,0.0178,0.0000675,0.0927,0.392,107.938,4
spotify:track:2f0pn9DkEJwAzXApnFh5cr,USUM71705215,Someone To You,Where The Shadow Ends,BANNERS,2019-10-04,219801,80,false,dy3capua3h7iz6vjq1bo02tbz,2024-10-07T11:45:14Z,,Island Records,0.52,0.903,2,-5.497,1,0.042,0.00517,0,0.254,0.652,74.988,4
spotify:track:6h5PAsRni4IRlxWr6uDPTP,GBUM71701735,More Than You Know,More Than You Know,Axwell /\ Ingrosso;Axwell;Sebastian Ingrosso,2017-07-28,203000,68,false,dy3capua3h7iz6vjq1bo02tbz,2024-10-07T11:47:05Z,edm,BMG Rights Management,0.646,0.741,5,-4.973,0,0.034,0.0275,0,0.312,0.571,123.077,4
spotify:track:7MXlTgQeo3IVlMpLnZuhxc,USUM71200987,It's Time,Night Visions,Imagine Dragons,2012-09-04,240306,76,false,dy3capua3h7iz6vjq1bo02tbz,2024-10-07T11:48:59Z,,Kid Ina Korner / Interscope,0.656,0.884,2,-4.748,1,0.0372,0.016,0,0.144,0.858,105.009,4
spotify:track:2oENJa1T33GJ0w8dC167G4,USSM10902107,Fire Burning,Tomorrow,Sean Kingston,2009-09-07,239986,77,false,dy3capua3h7iz6vjq1bo02tbz,2024-10-07T11:59:20Z,,Epic/Beluga Heights,0.839,0.804,1,-2.513,1,0.0329,0.0192,0,0.331,0.888,122.973,4
spotify:track:26rdOwwjC2UnweK3xeS58u,USAT21404117,GDFR (feat. Sage the Gemini & Lookas),My House,Flo Rida;Sage The Gemini;Lookas,2015-04-07,190185,76,false,dy3capua3h7iz6vjq1bo02tbz,2024-10-07T12:01:32Z,"hyphy,edm trap,future bass,dubstep",Poe Boy/Atlantic,0.657,0.827,5,-4.036,1,0.0734,0.000704,0.00534,0.065,0.69,145.889,4
spotify:track:267nfLfaSSDa9ivHncHynh,GBUM71403184,Breathe,Take Shelter,Olly Alexander (Years & Years),2014-01-01,233228,74,false,dy3capua3h7iz6vjq1bo02tbz,2024-10-13T19:47:05Z,,Polydor Records,0.746,0.486,10,-7.004,1,0.0344,0.222,0.00000141,0.123,0.417,92.057,4
spotify:track:2U5cq89GCnsR1yixKkC8d5,GBUM71706255,Barking,Barking,Ramz,2017-12-01,202826,68,false,dy3capua3h7iz6vjq1bo02tbz,2024-10-24T11:02:13Z,"afroswing,grime",Polydor Records,0.45,0.465,7,-7.867,0,0.268,0.185,0,0.0782,0.788,70.231,3
spotify:track:2BzD7sIQl42p4wdpxiLnwY,GBUM71501267,Border,Communion (Deluxe),Olly Alexander (Years & Years),2015-07-10,262546,34,false,dy3capua3h7iz6vjq1bo02tbz,2024-10-25T23:30:40Z,,Polydor Records,0.585,0.745,0,-6.169,1,0.0517,0.0119,0.0000025,0.136,0.35,160.057,4
spotify:track:2262bWmqomIaJXwCRHr13j,USHM92438095,Sailor Song,Sailor Song,Gigi Perez,2024-07-26,211978,88,false,dy3capua3h7iz6vjq1bo02tbz,2024-10-28T21:17:07Z,,Gigi Perez PS/ Island,0.494,0.413,11,-10.432,1,0.0254,0.682,0.0000672,0.193,0.273,94.938,4
spotify:track:4keoy2fqgwGnbWlm3ZVZFa,USUM71808663,Happy Now,Happy Now,Zedd;Elley Duhé,2018-07-18,207029,68,false,dy3capua3h7iz6vjq1bo02tbz,2024-11-04T23:07:18Z,edm,UMGRI Interscope,0.503,0.741,4,-5.128,1,0.047,0.579,0.00000149,0.0712,0.458,88.335,3
spotify:track:7I6DceMT3utDOHjcYCbrr4,USUM70615300,Don't Matter,Konvicted,Akon,2006-01-01,293053,80,true,dy3capua3h7iz6vjq1bo02tbz,2024-11-10T13:40:44Z,,Konvict/Upfront/SRC/Universal Records,0.798,0.443,2,-6.062,1,0.0402,0.244,0,0.326,0.354,125.231,4
spotify:track:6BAnxKyld909yo6Pk1DO3r,TCACC1430912,Hello,Hello,OMFG,2014-12-03,226307,6,false,dy3capua3h7iz6vjq1bo02tbz,2024-11-12T11:23:47Z,,OMFG,0.844,0.864,7,-4.483,0,0.0348,0.0339,0.216,0.386,0.796,104.997,4
spotify:track:1Yc2k9b9PNZSB6P5S53SPC,USCA29100170,Fall At Your Feet,Woodface,Crowded House,1991-06-24,198800,65,false,dy3capua3h7iz6vjq1bo02tbz,2024-11-15T09:32:22Z,,Capitol Records,0.65,0.371,0,-13.623,0,0.026,0.457,0.0116,0.102,0.561,102.583,4
spotify:track:7w5AOd6HrDIHewHfpABEss,USRE19900989,Wicked Game,Heart Shaped World,Chris Isaak,1989-06-13,289066,76,false,dy3capua3h7iz6vjq1bo02tbz,2024-11-18T18:55:03Z,,Chris Isaak,0.663,0.296,9,-18.09,1,0.0294,0.68,0.00837,0.0879,0.359,112.306,4
spotify:track:1H0bpLaSc7I56Xb8SoxBVr,AUGBT2467547,GLEAMING,GLEAMING,YNG Martyr,2024-11-01,111891,0,true,dy3capua3h7iz6vjq1bo02tbz,2024-11-18T18:56:11Z,,YNG Martyr,0.615,0.616,8,-9.637,1,0.075,0.00134,0,0.0789,0.397,147.966,4
spotify:track:3iMLRCGHLQ135LtMjKLkO8,USAR18200009,Heartbreaker,Heartbreaker,Dionne Warwick,1982,258266,61,false,dy3capua3h7iz6vjq1bo02tbz,2024-11-20T18:10:32Z,,Legacy Recordings,0.671,0.514,1,-13.561,0,0.0239,0.0921,0.0000153,0.137,0.803,100.771,4
spotify:track:7gd01LMH2gBcoDngSt8sq9,USJI11100078,Next To You (feat. Justin Bieber),F.A.M.E. (Expanded Edition),Chris Brown;Justin Bieber,2011-03-22,265813,75,false,dy3capua3h7iz6vjq1bo02tbz,2024-12-28T05:33:59Z,r&b,Jive,0.67,0.676,8,-4.725,1,0.037,0.0201,0,0.11,0.349,114.974,4
spotify:track:1prZ0pr6XoRCxcrC3MCL0M,USWB19900202,Everywhere,Greatest Hits,Fleetwood Mac,1988-11-22,222733,72,false,dy3capua3h7iz6vjq1bo02tbz,2024-12-30T16:20:26Z,"yacht rock,classic rock,soft rock",Warner Records,0.69,0.54,4,-10.516,1,0.0317,0.218,0.00657,0.115,0.764,114.846,4
spotify:track:1jKXjxMWlq4BhH6f9GtZbu,USAT22402804,TORE UP,HARDSTONE PSYCHO,Don Toliver,2024-06-14,126986,79,true,dy3capua3h7iz6vjq1bo02tbz,2025-01-06T10:50:39Z,,Cactus Jack / Atlantic,0.534,0.819,11,-4.329,1,0.038,0.0012,0.0011,0.112,0.0806,154.994,4
spotify:track:68mOSKT4uBkKddEAhlMO61,GBUM72400322,Home,Home,Good Neighbours,2024-01-17,157485,70,false,dy3capua3h7iz6vjq1bo02tbz,2025-01-12T08:30:06Z,,Some Action,0.584,0.673,6,-4.444,1,0.0298,0.0296,0.0614,0.121,0.138,77.002,4
spotify:track:3Vr3zh0r7ALn8VLqCiRR10,GBARL2400510,Stargazing,Stargazing,Myles Smith,2024-05-10,172533,82,false,dy3capua3h7iz6vjq1bo02tbz,2025-01-12T10:16:06Z,,RCA Records Label,0.635,0.601,1,-6.129,0,0.0295,0.246,0,0.11,0.332,123.994,4
spotify:track:5o0osRx8kYJTOqlOSggr9Z,USAT22403017,Carry You Home,"You'll Be Alright, Kid (Chapter 1)",Alex Warren,2024-09-27,166880,64,false,dy3capua3h7iz6vjq1bo02tbz,2025-01-12T13:09:07Z,,Atlantic Records,0.525,0.66,10,-7.094,1,0.111,0.468,0.0000033,0.128,0.458,123.787,4
spotify:track:5O4NFbDqJ8SOfbjnIhdPDt,GBBLG0200043,The Safety Dance,Greatest,Men Without Hats,2013-02-11,164866,64,false,dy3capua3h7iz6vjq1bo02tbz,2025-01-18T14:37:34Z,"synthpop,new wave",Demon Digital,0.525,0.882,5,-4.479,1,0.0467,0.0252,0,0.101,0.623,101.674,4
spotify:track:2iUmqdfGZcHIhS3b9E9EWq,USUM71119189,Everybody Talks,Picture Show,Neon Trees,2012-01-01,177280,82,true,dy3capua3h7iz6vjq1bo02tbz,2025-01-22T06:09:28Z,,Mercury Records,0.471,0.924,8,-3.906,1,0.0584,0.00301,0,0.313,0.716,154.962,4
spotify:track:24LS4lQShWyixJ0ZrJXfJ5,GBARL1201392,Sweet Nothing (feat. Florence Welch),18 Months,Calvin Harris;Florence Welch,2012-10-29,212560,83,false,dy3capua3h7iz6vjq1bo02tbz,2025-01-31T20:08:11Z,edm,Columbia,0.573,0.929,8,-3.942,0,0.109,0.197,0.000112,0.0567,0.582,127.934,4
spotify:track:2c7z5oRcPBbqRaBY2mLWcf,USAT22405399,NEW DROP,HARDSTONE PSYCHO,Don Toliver,2024-06-14,217333,83,true,dy3capua3h7iz6vjq1bo02tbz,2025-01-31T20:08:29Z,,Cactus Jack / Atlantic,0.757,0.628,4,-6.715,0,0.101,0.189,0.0209,0.221,0.321,119.98,4
spotify:track:5hx7w26Zi3zafMgvMTUqF6,USSM12207342,SNAP,SNAP,Rosa Linn,2022-03-19,179551,84,false,dy3capua3h7iz6vjq1bo02tbz,2025-02-01T18:56:34Z,,Nvak Collective,0.565,0.636,0,-8.198,1,0.0622,0.107,0.0000099,0.447,0.526,170.027,4
spotify:track:75JFxkI2RXiU7L9VXzMkle,GBAYE0200772,The Scientist,A Rush of Blood to the Head,Coldplay,2002-08-27,309600,90,false,dy3capua3h7iz6vjq1bo02tbz,2025-02-04T13:58:10Z,,Parlophone Records Limited,0.557,0.442,5,-7.224,1,0.0243,0.731,0.0000146,0.11,0.213,146.277,4
spotify:track:754kgU5rWscRTfvlsuEwFp,USEE19900312,Kiss Me,Sixpence None The Richer,Sixpence None The Richer,1997-11-22,208680,89,false,dy3capua3h7iz6vjq1bo02tbz,2025-02-04T14:31:51Z,,Curb | Word,0.526,0.749,3,-6.964,1,0.0283,0.023,0.00000176,0.0692,0.421,99.982,4
spotify:track:2DnJjbjNTV9Nd5NOa1KGba,USEE19900883,You're So Vain,No Secrets,Carly Simon,1972,258411,80,false,dy3capua3h7iz6vjq1bo02tbz,2025-02-04T15:38:30Z,,Rhino/Elektra,0.66,0.68,0,-8.18,1,0.0313,0.153,0.0000067,0.0784,0.671,106.187,4
spotify:track:3AWDeHLc88XogCaCnZQLVI,USUG12501129,Cry For Me,Hurry Up Tomorrow,The Weeknd,2025-01-31,224136,83,true,dy3capua3h7iz6vjq1bo02tbz,2025-02-04T17:26:06Z,,XO / Republic Records,0.647,0.645,7,-6.425,0,0.0303,0.0871,0,0.671,0.422,120.098,4
spotify:track:0ZfByLXCeKchuj7zi1CJ0S,DEL211300741,Stolen Dance,Sadnecessary (Bonus Track Version),Milky Chance,2014-10-14,313626,79,false,dy3capua3h7iz6vjq1bo02tbz,2025-02-04T20:21:15Z,,Neon,0.879,0.565,11,-8.809,1,0.037,0.412,0.000239,0.0798,0.685,114.009,4
spotify:track:07nH4ifBxUB4lZcsf44Brn,GBARL1400567,Blame (feat. John Newman),Motion,Calvin Harris;John Newman,2014-10-31,212960,85,false,dy3capua3h7iz6vjq1bo02tbz,2025-02-04T20:21:29Z,edm,Columbia,0.414,0.857,0,-4.078,0,0.0808,0.0287,0.00574,0.343,0.348,128.024,4
spotify:track:0FIDCNYYjNvPVimz5icugS,USUG12406536,Timeless (feat Playboi Carti),Hurry Up Tomorrow,The Weeknd;Playboi Carti,2025-01-31,256000,90,true,dy3capua3h7iz6vjq1bo02tbz,2025-02-05T19:49:03Z,rage rap,XO / Republic Records,0.768,0.775,11,-5.06,0,0.0466,0.069,0.00000296,0.138,0.6,119.999,4
spotify:track:2xSdYizXeQEIKhdWz1auaz,USSP31200224,The Sun Is Rising,Gold,Britt Nicole,2012,266173,49,false,dy3capua3h7iz6vjq1bo02tbz,2025-02-06T08:37:51Z,"christian pop,christian,christian edm,ccm,christian alternative rock",Sparrow,0.427,0.625,5,-7.713,1,0.0353,0.463,0,0.0923,0.209,145.492,4
spotify:track:0wokCRaKD0zPNhMRXAgVsr,GBAYE9200048,Ordinary World,Duran Duran,Duran Duran,1993-02-15,340200,82,false,dy3capua3h7iz6vjq1bo02tbz,2025-02-06T08:38:57Z,"new wave,synthpop",Parlophone UK,0.473,0.652,1,-10.171,0,0.0305,0.0132,0.0000113,0.14,0.401,140.117,4
spotify:track:3SnGymj6ijE2iuUfWxLo1q,USMO18000073,I'm Coming Out,Diana,Diana Ross,1980-05-22,323346,68,false,dy3capua3h7iz6vjq1bo02tbz,2025-02-06T08:49:19Z,"motown,disco",UNI/MOTOWN,0.72,0.828,5,-9.211,1,0.0462,0.185,0.429,0.0839,0.768,110.071,4
spotify:track:07q0QVgO56EorrSGHC48y3,USPR39330175,I Was Made For Lovin' You,Dynasty,KISS,1979-03-23,271240,88,false,dy3capua3h7iz6vjq1bo02tbz,2025-02-06T10:31:28Z,"glam rock,glam metal,hard rock,rock,classic rock",Casablanca Records,0.768,0.852,4,-6.215,1,0.038,0.214,0.0000736,0.0723,0.867,128.373,4
spotify:track:0uEp9E98JB5awlA084uaIg,USSM19802337,Doo Wop (That Thing),The Miseducation of Lauryn Hill,Ms. Lauryn Hill,1998-08-25,320266,79,false,dy3capua3h7iz6vjq1bo02tbz,2025-02-07T13:08:06Z,neo soul,Ruffhouse/Columbia,0.535,0.505,2,-8.926,0,0.245,0.0393,0,0.0923,0.495,99.935,4
spotify:track:22sS7JkzeVeq4vOPCB6Fbj,IEACJ1400143,Someone New,Hozier,Hozier,2014-09-19,222813,73,false,dy3capua3h7iz6vjq1bo02tbz,2025-02-07T20:17:12Z,,Universal-Island Records Ltd.,0.44,0.54,7,-5.946,1,0.0522,0.407,0.00000226,0.287,0.587,184.123,4
spotify:track:2v0AG62ZHtD3I4YmTb3WYM,USUG12501139,Niagara Falls,Hurry Up Tomorrow,The Weeknd,2025-01-31,277274,74,true,dy3capua3h7iz6vjq1bo02tbz,2025-02-07T20:25:16Z,,XO / Republic Records,0.568,0.559,6,-6.829,0,0.0347,0.0748,0.000179,0.192,0.182,97.215,4
spotify:track:5ZDKPFRZC6QlJpf8bCIXTs,USUG12501144,The Abyss (feat. Lana Del Rey),Hurry Up Tomorrow,The Weeknd;Lana Del Rey,2025-01-31,282873,77,false,dy3capua3h7iz6vjq1bo02tbz,2025-02-07T20:25:22Z,,XO / Republic Records,0.192,0.401,0,-8.553,0,0.0325,0.231,0.00000369,0.177,0.0571,84.501,4
spotify:track:46kspZSY3aKmwQe7O77fCC,USUM72317276,we can't be friends (wait for your love),eternal sunshine,Ariana Grande,2024-03-08,228639,80,false,dy3capua3h7iz6vjq1bo02tbz,2025-02-07T20:27:47Z,pop,Republic Records,0.645,0.646,5,-8.334,1,0.0427,0.0615,0.0000304,0.074,0.295,115.842,4
spotify:track:6sT9MWlJManry3EQwf4V80,USIR20180482,Push It,"Hot, Cool & Vicious",Salt-N-Pepa,1986-12-08,272133,67,false,dy3capua3h7iz6vjq1bo02tbz,2025-02-08T09:40:12Z,old school hip hop,Island Def Jam,0.913,0.596,11,-12.477,0,0.0707,0.00658,0.00349,0.078,0.973,127.215,4
spotify:track:6TvxPS4fj4LUdjw2es4g21,SEAYD8102080,Slipping Through My Fingers,The Visitors (Deluxe Edition),ABBA,1981,233720,79,false,dy3capua3h7iz6vjq1bo02tbz,2025-02-08T12:48:51Z,,Polar Music International AB,0.475,0.26,5,-15.997,1,0.0322,0.796,0.0016,0.109,0.339,137.212,4
spotify:track:2rlEZYWZFE84YTbrwypBr0,USUG11701250,Reminder (feat. A$AP Rocky & Young Thug) - Remix,Starboy (Deluxe),The Weeknd;A$AP Rocky;Young Thug,2023-03-14,221968,53,true,dy3capua3h7iz6vjq1bo02tbz,2025-02-09T10:12:06Z,"rap,melodic rap,trap",XO / Republic Records,0.752,0.618,0,-6.722,0,0.248,0.149,0,0.107,0.518,160.022,4
spotify:track:0Q0IVlqMV64kNLlwjPj0Hl,USSM19600055,Killing Me Softly With His Song,The Score (Expanded Edition),Fugees;Ms. Lauryn Hill,1996-02-13,298666,83,true,dy3capua3h7iz6vjq1bo02tbz,2025-02-09T10:24:14Z,"east coast hip hop,neo soul",Columbia,0.765,0.289,4,-17.125,0,0.147,0.0268,0.00000177,0.562,0.501,92.413,4
spotify:track:4z4PB23xYTg1oANmyZovsw,USCA20300105,Why Can't I?,Liz Phair,Liz Phair,2003-01-01,208360,64,true,dy3capua3h7iz6vjq1bo02tbz,2025-02-09T16:35:01Z,,Capitol Records,0.487,0.759,11,-4.849,1,0.0405,0.0273,0,0.165,0.227,80.958,4
spotify:track:221qmpQeBNV87sUjQeUTVH,USUG12208788,Around Me (feat. Don Toliver),HEROES & VILLAINS,Metro Boomin;Don Toliver,2022-12-02,191520,81,true,dy3capua3h7iz6vjq1bo02tbz,2025-02-10T09:12:56Z,,Republic Records,0.695,0.669,2,-3.447,0,0.0394,0.0881,0.0137,0.513,0.063,119.986,4
spotify:track:6N774uF74Wn2XPn2Qy4p4G,FR6V81694737,Indrid Cold,I Never Deserve the Things I Need,On My Honor,2013-06-11,234400,9,false,dy3capua3h7iz6vjq1bo02tbz,2025-02-10T09:13:09Z,"pop punk,acoustic pop",Little Heart Records,0.4,0.947,0,-2.475,0,0.0555,0.00158,0,0.261,0.43,95.011,4
spotify:track:1J14CdDAvBTE1AJYUOwl6C,NL1TK1900001,Arcade,Small Town Boy (Track By Track),Duncan Laurence,2020-11-12,185146,79,false,dy3capua3h7iz6vjq1bo02tbz,2025-02-10T09:13:15Z,,Universal Music B.V.,0.453,0.35,9,-11.639,0,0.0425,0.827,0.00122,0.144,0.279,72.017,3
spotify:track:5mqPg2dyqb1gBNyg9ycGcT,CA5KR0037112,Party And Bullshit,Whos The Man ? Soundtrack,The Notorious B.I.G.,1993-04-20,219706,73,true,dy3capua3h7iz6vjq1bo02tbz,2025-02-11T08:12:21Z,"old school hip hop,gangster rap,east coast hip hop,hip hop",Grimey Records,0.672,0.704,1,-10.066,0,0.312,0.173,0,0.139,0.811,99.232,4
spotify:track:5j0McHPthKpOXRr3fBq8M0,USLF20800001,Love in This Club (feat. Young Jeezy),Here I Stand,USHER;Jeezy,2008-05-27,259719,80,false,dy3capua3h7iz6vjq1bo02tbz,2025-02-11T11:34:29Z,"r&b,southern hip hop,crunk,gangster rap,rap",LaFace Records,0.573,0.712,0,-5.976,1,0.0732,0.0572,0,0.167,0.346,140.012,4
spotify:track:3lcUQs5nyrjoHpQR9Vo2aA,GBDGN0900048,Dirty Cash (Money Talks) - Sold Out 7 Inch Mix,Dirty Cash (Money Talks),The Adventures Of Stevie V,1989-12-01,243133,70,false,dy3capua3h7iz6vjq1bo02tbz,2025-02-12T19:36:38Z,,Altra Moda Music,0.757,0.83,5,-13.169,0,0.0413,0.00129,0.00741,0.0877,0.925,120.883,4
spotify:track:1FoZBBZok8wOV7flSzy5Mn,USJI10800160,Sure Thing,Sure Thing (Sped Up),Miguel,2023-01-27,198280,55,false,dy3capua3h7iz6vjq1bo02tbz,2025-02-13T10:38:41Z,r&b,RCA/Legacy,0.682,0.597,11,-7.969,0,0.106,0.00551,0.0000343,0.177,0.464,80.958,4
spotify:track:559SdaPI7mqy9IQiscuaMj,USJI12300001,Sure Thing - Sped Up,Sure Thing (Sped Up),Miguel,2023-01-27,150053,63,false,dy3capua3h7iz6vjq1bo02tbz,2025-02-13T10:38:58Z,r&b,RCA/Legacy,0.753,0.458,4,-12.52,0,0.123,0.0812,0.00413,0.209,0.662,105.057,4
spotify:track:4uvjOKsp7mSjrDhWdkLPBY,USMC18722580,I Think We're Alone Now,Tiffany,Tiffany,1987-01-01,228840,77,false,dy3capua3h7iz6vjq1bo02tbz,2025-02-18T15:44:05Z,,Geffen*,0.752,0.723,7,-12.126,1,0.0507,0.025,0.00354,0.0212,0.94,130.519,4
spotify:track:4JGKZS7h4Qa16gOU3oNETV,USIR29300080,Dreams,"Everybody Else Is Doing It, So Why Can't We?",The Cranberries,1993-03-01,271560,39,false,dy3capua3h7iz6vjq1bo02tbz,2025-02-18T18:51:09Z,,Island Records,0.551,0.645,4,-13.093,1,0.0354,0.0031,0.00376,0.421,0.508,128.665,4
spotify:track:4t0UsYzmmmZRMTWn77jiGF,USAT29300075,Show Me Love,Show Me Love,Robin S,1993,252106,82,false,dy3capua3h7iz6vjq1bo02tbz,2025-02-20T16:17:44Z,,Atlantic Records,0.811,0.833,5,-4.259,1,0.153,0.014,0.0000206,0.0769,0.567,120.258,4
spotify:track:0SAlAx4gSj5Cxk68BZg8JO,TCAIX2494898,If You Never Call Again,If You Never Call Again,Deeps;Ali Gatie,2024-11-14,128181,55,false,dy3capua3h7iz6vjq1bo02tbz,2025-02-20T19:56:07Z,,Oakmont,0.633,0.376,10,-10.943,1,0.0336,0.765,0,0.118,0.341,109.968,4
spotify:track:6BdgtqiV3oXNqBikezwdvC,USCM51000100,Over,Thank Me Later,Drake,2010-01-01,233560,74,true,dy3capua3h7iz6vjq1bo02tbz,2025-02-20T20:06:52Z,rap,"Aspire Music Group, LLC",0.35,0.845,7,-5.614,1,0.2,0.0107,0,0.123,0.45,99.643,5
spotify:track:3dgQqOiQ9fCKVhNOedd2lf,USCM51300064,Started From the Bottom,Nothing Was The Same (Deluxe),Drake,2013-01-01,174120,71,true,dy3capua3h7iz6vjq1bo02tbz,2025-02-20T20:07:42Z,rap,Cash Money Records/Young Money Ent./Universal Rec.,0.794,0.523,8,-7.829,1,0.161,0.0331,0,0.156,0.56,86.307,4
spotify:track:0Thqjtu54vKMP06pwZkAWp,USQX91402597,G.O.M.D,2014 Forest Hills Drive,J. Cole,2014-12-09,301064,74,true,dy3capua3h7iz6vjq1bo02tbz,2025-02-20T20:09:29Z,rap,Roc Nation Records LLC,0.889,0.4,4,-10.586,0,0.26,0.322,0.0000132,0.331,0.336,128.073,4
spotify:track:3OePAyHePd68TTKmy2hjq0,USUM70815008,Put On,The Recession,Jeezy;Kanye West,2008-01-01,321293,74,true,dy3capua3h7iz6vjq1bo02tbz,2025-02-20T20:09:53Z,"southern hip hop,crunk,gangster rap,rap",Def Jam Recordings,0.65,0.761,9,-6.065,0,0.0345,0.00317,0,0.0855,0.268,137.624,4
spotify:track:2K87XMYnUMqLcX3zvtAF4G,GBHMU1500070,Drag Me Down,Made In The A.M. (Deluxe Edition),One Direction,2015-11-13,192112,80,false,dy3capua3h7iz6vjq1bo02tbz,2025-02-20T20:11:34Z,,Syco Music,0.731,0.703,0,-5.672,0,0.0368,0.111,0,0.0657,0.595,138.111,4
spotify:track:4DZU897k6LLzfg1JOEjKjK,QM24S2405391,The Right One,Full Moon,Spencer Crandall,2024-10-04,181558,58,false,dy3capua3h7iz6vjq1bo02tbz,2025-02-21T15:48:15Z,"pop country,country",Spencer Crandall Music,0.511,0.514,11,-4.9,1,0.03,0.182,0,0.112,0.187,76.895,4
spotify:track:6m93Uw3luGc8KSc2sYCakh,USMC17447196,Rikki Don't Lose That Number,70's Collection,Steely Dan,2022-03-09,272746,5,false,dy3capua3h7iz6vjq1bo02tbz,2025-02-23T15:14:13Z,"yacht rock,classic rock",UME - Global Clearing House,0.642,0.488,2,-11.989,1,0.0389,0.699,0.00102,0.0903,0.569,116.4,4
spotify:track:16reakUNjt48eY9D9VfqyA,USAT21000542,Ghost in the Machine,B.o.B Presents: The Adventures of Bobby Ray,B.o.B,2010-04-27,293040,46,false,dy3capua3h7iz6vjq1bo02tbz,2025-02-27T15:35:23Z,,Rebel Rock/Grand Hustle/Atlantic,0.468,0.559,0,-6.138,0,0.027,0.00121,0,0.0866,0.113,79.962,4
spotify:track:06qLMAobI5l9KauNEPmBaL,GBBBN8802068,I Owe You Nothing,Push (Deluxe Edition),Bros,2013-11-08,215693,39,false,dy3capua3h7iz6vjq1bo02tbz,2025-03-07T16:34:11Z,,Sony Music UK,0.671,0.929,4,-5.641,1,0.041,0.0678,0.00000303,0.163,0.915,124.471,4
spotify:track:2EowclmjcHVK6W8xlngurh,USUM71200003,Coming Home - Part II / Bonus Track,Don't Look Down,Skylar Grey,2014-01-01,164826,55,false,dy3capua3h7iz6vjq1bo02tbz,2025-03-13T14:56:36Z,,Kid Ina Corner (Skylar Grey)/Shady Records,0.568,0.283,4,-9.605,1,0.0333,0.93,0.0000204,0.0906,0.173,130.052,4
spotify:track:2psRActEWsTlYYd7EDoyVR,TCAEE1990215,Those Eyes,Based On A True Story...,New West,2023-10-20,220750,84,false,dy3capua3h7iz6vjq1bo02tbz,2025-03-30T18:55:54Z,,Republic Records,0.594,0.348,4,-8.297,1,0.0285,0.709,0.0000212,0.317,0.248,120.048,3
spotify:track:5Nr1ZcH9PGTiQdGl9HCCS1,SEPQA0751904,Now You're Gone (feat. DJ Mental Theo's Bazzheadz) - Video Edit,Now You're Gone - The Album,Basshunter;DJ Mental Theos Bazzheadz,2008-01-15,148186,71,false,dy3capua3h7iz6vjq1bo02tbz,2025-04-02T09:47:25Z,"eurodance,europop",WM Sweden,0.639,0.976,1,-5.503,1,0.354,0.0213,0,0.0856,0.354,147.99,4
spotify:track:7qxDU2QyH24KHW0OSGotVw,GBCFB0901504,Short Change Hero,The House That Dirt Built,The Heavy,2009-10-05,322266,66,false,dy3capua3h7iz6vjq1bo02tbz,2025-04-03T10:20:43Z,,Counter Records,0.68,0.64,1,-6.691,0,0.0336,0.29,0.00593,0.124,0.738,105.981,4
spotify:track:5x5JM1BSB6vollcIzDocqT,USWD10935758,The Climb,The Time Of Our Lives (International Version),Miley Cyrus,2009-01-01,234520,77,false,dy3capua3h7iz6vjq1bo02tbz,2025-04-04T07:36:18Z,,Hollywood Records,0.336,0.602,4,-6.354,1,0.0325,0.0635,0,0.141,0.299,161.01,4
spotify:track:7AQAlklmptrrkBSeujkXsD,GBAAN0300664,Somewhere Only We Know,The Best Of Keane (Deluxe Edition),Keane,2013-01-01,235880,57,false,dy3capua3h7iz6vjq1bo02tbz,2025-04-04T21:45:25Z,,Universal-Island Records Ltd.,0.441,0.606,9,-5.825,1,0.0259,0.0678,0.0000143,0.0973,0.358,171.978,4
spotify:track:0xSjAuPhm9tJXX2nRt2Avv,SEBGA2500019,Chasing Paradise,Chasing Paradise,Kygo;OneRepublic,2025-01-24,180532,65,false,dy3capua3h7iz6vjq1bo02tbz,2025-04-04T21:45:58Z,tropical house,Kygo,0.531,0.784,10,-6.09,0,0.0855,0.153,0,0.13,0.483,124.994,4
spotify:track:2wGSgTmgSF3xjRrHkTc25R,USIR10401121,Hate It Or Love It,The Documentary,The Game;50 Cent,2005,206400,85,true,dy3capua3h7iz6vjq1bo02tbz,2025-04-06T11:02:56Z,"west coast hip hop,old school hip hop,gangster rap,hip hop,east coast hip hop",Geffen,0.802,0.785,9,-4.781,1,0.207,0.14,0,0.123,0.435,99.998,4
spotify:track:4wDYaj3ABpVzgnDsASNcNI,UK6KW1700334,Always Be My Baby,Covers,Tim Halperin,2019-04-19,181852,37,false,dy3capua3h7iz6vjq1bo02tbz,2025-04-06T11:03:32Z,,FRTYFVE,0.582,0.255,4,-10.254,1,0.0306,0.772,0,0.0889,0.285,139.884,4
spotify:track:2E1RGgFtr1X4H6glXOtABo,USCM51000717,Fly,Pink Friday,Nicki Minaj;Rihanna,2010-01-01,212920,66,true,dy3capua3h7iz6vjq1bo02tbz,2025-04-11T18:49:28Z,,Nicki Minaj/Cash Money,0.665,0.848,10,-4.926,1,0.0386,0.0148,0.000118,0.1,0.196,119.897,4
spotify:track:5Ravsw8TmHN5wBiYPPYUFw,USUM70837868,Right Now (Na Na Na),Freedom,Akon,2008-01-01,240746,83,false,dy3capua3h7iz6vjq1bo02tbz,2025-04-12T10:46:53Z,,Konvict/Upfront/SRC/Universal Records,0.829,0.857,8,-4.194,0,0.152,0.26,0,0.415,0.586,137.979,4
spotify:track:5WwqdeavrQrbeAMDxGawse,USSM18400442,Can't Fight This Feeling,Wheels Are Turnin',REO Speedwagon,1984-11-05,294773,77,false,dy3capua3h7iz6vjq1bo02tbz,2025-04-12T12:41:17Z,"soft rock,aor,classic rock",Epic,0.408,0.48,9,-11.017,1,0.0266,0.155,0.0000182,0.0877,0.19,156.344,4
spotify:track:6jBCehpNMkwFVF3dz4nLIW,USAR18600005,It's Tricky,Raising Hell,Run–D.M.C.,1986-05-15,183750,69,false,dy3capua3h7iz6vjq1bo02tbz,2025-04-14T11:26:59Z,"old school hip hop,east coast hip hop,hip hop",Arista,0.965,0.857,11,-8.458,0,0.17,0.00131,0,0.0726,0.951,127.656,4
spotify:track:69alumCTlYmKhxD77C1omi,QMP2J1400025,Live Forever,"Ten Years, Ten Songs, Solo Acoustic",Drew Holcomb,2014-07-14,259500,18,false,dy3capua3h7iz6vjq1bo02tbz,2025-04-14T13:10:49Z,christian folk,Magnolia Music,0.582,0.136,4,-11.698,1,0.0436,0.819,0.00000679,0.0966,0.145,119.111,4
spotify:track:24jvD83UgLmrdGjhWTFslY,GBUM71111621,Video Games,Born To Die - The Paradise Edition,Lana Del Rey,2012-11-12,281960,68,false,dy3capua3h7iz6vjq1bo02tbz,2025-04-16T19:23:19Z,,Polydor Records,0.236,0.249,6,-9.595,0,0.0348,0.811,0.000001,0.087,0.181,72.847,5
spotify:track:2QVmiA93GVhWNTWQctyY1K,GB55H1100022,Outro,"Hurry Up, We're Dreaming",M83,2011,247026,69,false,dy3capua3h7iz6vjq1bo02tbz,2025-04-24T13:52:24Z,,Mute,0.226,0.261,2,-11.276,1,0.0339,0.0301,0.0677,0.0628,0.084,108.915,4
spotify:track:4MzySNjSdv9ZegSD13IVNV,IEDNV1100040,"Wicked Game - Recorded Live at St Canice Cathedral, Kilkenny","Wicked Game (Recorded Live at St Canice Cathedral, Kilkenny)",James Vincent McMorrow,2016,271405,61,false,dy3capua3h7iz6vjq1bo02tbz,2025-04-24T17:37:13Z,,Believe digital,0.549,0.177,11,-15.09,1,0.0363,0.877,0.0056,0.681,0.18,113.379,4
spotify:track:2Pt9kY02ODStk0n20FlEEM,ITB002100615,A Medio Camino - Remastered 2021,Todo Historias (2021 Remastered Version),Eros Ramazzotti,2021-10-15,347720,41,false,dy3capua3h7iz6vjq1bo02tbz,2025-04-28T10:20:23Z,,Ariola/Hansa Local,0.699,0.475,9,-7.105,1,0.0321,0.0127,0.0302,0.136,0.338,123.986,4
spotify:track:0eifvmNPHWaSh4IKNR4Xva,HKG292100094,To Be With You - 2021 Remastered,Lean Into It (30th Anniversary Edition),Mr. Big,1991,208080,73,false,dy3capua3h7iz6vjq1bo02tbz,2025-04-28T10:21:09Z,glam metal,evoxs,0.688,0.284,4,-13.577,1,0.0574,0.359,0,0.127,0.482,83.433,4
spotify:track:3rTnGUeDrnZV22DvRuUuXr,GB55H1100005,Wait,"Hurry Up, We're Dreaming",M83,2011,343253,65,false,dy3capua3h7iz6vjq1bo02tbz,2025-04-28T18:11:02Z,,Mute,0.437,0.229,2,-10.514,1,0.0308,0.221,0.0599,0.0935,0.0754,147.911,4
spotify:track:6jWEPpvM9BDr73wFOmdXtb,USUM70745336,I Got It From My Mama,Songs About Girls,will.i.am,2007-01-01,241520,22,false,dy3capua3h7iz6vjq1bo02tbz,2025-04-29T16:52:35Z,,Interscope,0.888,0.777,6,-6.262,1,0.0505,0.0961,0.0000314,0.0514,0.876,118.998,4
spotify:track:3XixsqKoeCsO8PATo6wAKU,JPE301401373,友人A君を私の伴奏者に任命します,四月は君の嘘 ORIGINAL SONG & SOUNDTRACK,Masaru Yokoyama,2015-01-21,146053,45,false,dy3capua3h7iz6vjq1bo02tbz,2025-05-03T08:16:48Z,anime,Aniplex Inc.,0.121,0.125,0,-20.378,1,0.0354,0.921,0.911,0.102,0.079,77.01,4
spotify:track:0Fs9cdPDhptWEDJmiCbkEW,USQX91301184,She Knows (feat. Amber Coffman & Cults),Born Sinner (Deluxe Version),J. Cole;Cults;Amber Coffman,2013-06-18,296520,76,true,dy3capua3h7iz6vjq1bo02tbz,2025-05-04T18:07:57Z,"rap,dubstep,dub",Roc Nation LLC,0.766,0.74,1,-10.363,1,0.0807,0.0193,0.0784,0.229,0.183,118.008,4
spotify:track:5GjnIpUlLGEIYk052ISOw9,NLF711303312,This Is What It Feels Like,Intense,Armin van Buuren;Trevor Guthrie,2013-05-03,204360,76,false,dy3capua3h7iz6vjq1bo02tbz,2025-05-10T11:45:58Z,"trance,progressive trance,progressive house,electronica,edm",ARVA,0.551,0.833,8,-5.217,1,0.03,0.0391,0.00000277,0.0632,0.145,129.885,5
spotify:track:3AOKTnqkgcG0WR3i0gwmPj,QM24S1928107,Combination Pizza Hut and Taco Bell,"Shut Up, Dude",Das Racist;Heems,2010-03-29,178026,31,true,dy3capua3h7iz6vjq1bo02tbz,2025-05-15T15:25:58Z,experimental hip hop,Greedhead Music,0.803,0.905,6,-6.531,1,0.22,0.391,0,0.183,0.89,129.926,4
spotify:track:4jkpz6owj2qo0xJ61KbPK4,USSM16800240,Piece of My Heart,Flashback Internacional,Janis Joplin,2018-04-27,266977,48,false,dy3capua3h7iz6vjq1bo02tbz,2025-05-18T17:53:14Z,"classic rock,psychedelic rock,acid rock",Sony Music Entertainment,0.408,0.802,4,-5.196,1,0.12,0.253,0.00000185,0.633,0.529,160.538,4
spotify:track:1xKQbqQtQWrtQS47fUJBtl,USSM16800982,Piece of My Heart,Cheap Thrills,Big Brother & The Holding Company;Janis Joplin,1968-08-12,253909,69,false,dy3capua3h7iz6vjq1bo02tbz,2025-05-18T17:53:29Z,"psychedelic rock,acid rock,classic rock",Columbia/Legacy,0.443,0.727,4,-7.951,1,0.145,0.263,0.000141,0.169,0.566,160.82,4
spotify:track:7eGAQnxbIHHFtS1p9rmAZ0,USUM70812440,"Kung Fu Fighting - From ""Kung Fu Panda""","Kung Fu Fighting (From ""Kung Fu Panda"")",CeeLo Green;Jack Black,2008-05-27,149306,66,false,dy3capua3h7iz6vjq1bo02tbz,2025-05-18T17:55:55Z,children’s music,Interscope,0.681,0.666,4,-10.905,0,0.0995,0.015,0,0.34,0.239,110.016,4
spotify:track:2aGw77pZqli064JiPuXYRi,USDW10021812,I'm Like A Bird,"Whoa, Nelly! (Expanded Edition)",Nelly Furtado,2000,243160,80,false,dy3capua3h7iz6vjq1bo02tbz,2025-05-18T20:32:47Z,,Geffen,0.623,0.607,10,-5.113,1,0.0353,0.147,0.00000329,0.227,0.614,89.654,4
spotify:track:3QigOeWryUCP56I1IlTB9x,USUYG1353158,Leave (Get Out),JoJo,JoJo,2004-06-22,242840,1,false,dy3capua3h7iz6vjq1bo02tbz,2025-05-18T20:32:53Z,,Blackground Records,0.697,0.565,5,-6.899,1,0.201,0.161,0.0000473,0.082,0.457,87.043,4
spotify:track:7mDCg8XTEyDNPzC5Jdt7mu,GBUM71003723,Break Your Heart,Rokstarr (Special Edition),Taio Cruz;Ludacris,2010-01-01,185146,74,false,dy3capua3h7iz6vjq1bo02tbz,2025-05-18T20:33:20Z,southern hip hop,Universal-Island Records Ltd.,0.67,0.896,8,-4.673,1,0.0283,0.00157,0,0.188,0.651,122.044,4
spotify:track:0jWgAnTrNZmOGmqgvHhZEm,USIR19200553,What's Up?,"Bigger, Better, Faster, More !",4 Non Blondes,1992-01-01,295533,88,false,dy3capua3h7iz6vjq1bo02tbz,2025-05-18T20:35:52Z,,Interscope,0.565,0.564,2,-10.044,1,0.0292,0.161,0,0.114,0.454,134.358,4
spotify:track:5l6hpyTGBK0LAAxgPnqTQL,USSM10503843,Look After You,How To Save A Life,The Fray,2005-09-13,266773,84,false,dy3capua3h7iz6vjq1bo02tbz,2025-05-18T20:36:05Z,,Epic,0.447,0.592,6,-3.015,0,0.0319,0.0575,0.00000447,0.13,0.283,78.039,4
spotify:track:59dLtGBS26x7kc0rHbaPrq,USAT20904033,Nothin' on You (feat. Bruno Mars),B.o.B Presents: The Adventures of Bobby Ray,B.o.B;Bruno Mars,2010-04-27,268320,87,false,dy3capua3h7iz6vjq1bo02tbz,2025-05-18T20:36:14Z,,Rebel Rock/Grand Hustle/Atlantic,0.688,0.853,10,-5.814,1,0.0493,0.386,0,0.0862,0.743,103.993,4
spotify:track:3E6Sv9PtngXfljg0dCHGoM,USAR18300001,Making Love Out of Nothing at All,Românticas Anos 80,Air Supply,2019-02-15,341773,36,false,dy3capua3h7iz6vjq1bo02tbz,2025-05-18T20:36:22Z,soft rock,Sony Music Entertainment,0.395,0.514,7,-11.87,1,0.0333,0.777,0.00103,0.266,0.535,137.349,4
spotify:track:2P4OICZRVAQcYAV2JReRfj,CHB701400134,Waiting For Love,Stories,Avicii,2015-10-02,230613,85,false,dy3capua3h7iz6vjq1bo02tbz,2025-05-18T20:38:02Z,edm,Pophouse Entertainment Group,0.579,0.736,6,-3.863,0,0.0527,0.31,0,0.198,0.613,127.999,4
spotify:track:3XVBdLihbNbxUwZosxcGuJ,USJAY0300452,If I Ain't Got You,The Diary Of Alicia Keys,Alicia Keys,2003-12-02,228706,86,false,dy3capua3h7iz6vjq1bo02tbz,2025-05-18T20:39:43Z,"r&b,neo soul",J Records,0.609,0.444,7,-9.129,1,0.106,0.603,0.00000686,0.104,0.166,118.402,3
spotify:track:3Gf5nttwcX9aaSQXRWidEZ,USUR10000183,Ride Wit Me,Country Grammar,Nelly;City Spud,2000-06-27,291781,82,true,dy3capua3h7iz6vjq1bo02tbz,2025-05-18T20:40:17Z,country hip-hop,Motown,0.85,0.7,7,-6.49,1,0.0478,0.0607,0.00000166,0.244,0.724,101.875,4
spotify:track:0qt5f5EL92o8Snzopsv0en,AUIYA1400002,Geronimo,Bombs Away,Sheppard,2015-01-12,218227,76,false,dy3capua3h7iz6vjq1bo02tbz,2025-05-18T20:40:35Z,,Decca (UMO),0.706,0.78,7,-6.267,1,0.0795,0.451,0.00141,0.115,0.451,142.029,4
spotify:track:17zF2ISrDrQdaULA8cxReK,USSM11200288,Tonight (Best You Ever Had) (feat. Ludacris),Think Like A Man - Music From & Inspired By The Film,John Legend;Ludacris,2012-04-09,239453,66,true,dy3capua3h7iz6vjq1bo02tbz,2025-05-18T20:43:23Z,"soft pop,neo soul,southern hip hop",Epic,0.693,0.813,7,-4.361,0,0.0661,0.0496,0,0.289,0.515,90.006,4
spotify:track:3cdhgO3vgHyOIADMXokd2t,GBARL1000955,Nothing,Science & Faith,The Script,2010-09-13,271773,64,false,dy3capua3h7iz6vjq1bo02tbz,2025-05-18T20:43:29Z,,Phonogenic,0.47,0.837,2,-4.963,1,0.0396,0.00387,0,0.117,0.522,157.044,4
spotify:track:67O8CWXxPsfz8orZVGMQwf,NOG842001010,End of Time,End of Time,K-391;Alan Walker;Ahrix,2020-03-06,187560,63,false,dy3capua3h7iz6vjq1bo02tbz,2025-05-18T20:44:16Z,,Kreatell Music,0.81,0.7,4,-5.664,0,0.0399,0.267,0.0000669,0.137,0.193,116.019,4
spotify:track:4uGIJG1jYFonGc4LGp5uQL,USRC10301008,Somebody to Love,Surrealistic Pillow,Jefferson Airplane,1967,174840,69,false,dy3capua3h7iz6vjq1bo02tbz,2025-05-19T08:04:32Z,"psychedelic rock,acid rock",RCA/BMG Heritage,0.504,0.578,4,-9.302,1,0.031,0.408,0,0.321,0.654,132.411,4
spotify:track:3WGsYiBXmaT8XyY4Fmry2v,AUAP10900011,Big Jet Plane,Down the Way,Angus & Julia Stone,2010-03-30,239146,19,false,dy3capua3h7iz6vjq1bo02tbz,2025-05-21T22:12:19Z,,Nettwerk,0.762,0.387,10,-8.643,0,0.0277,0.239,0.00756,0.13,0.274,109.959,4
spotify:track:273QnyCvJB65rScHJ1nPZb,GBBKS0700586,Make You Feel My Love,19,Adele,2008-01-27,212040,77,false,dy3capua3h7iz6vjq1bo02tbz,2025-05-22T07:35:38Z,soft pop,XL Recordings,0.317,0.172,10,-10.636,1,0.0326,0.907,0.000383,0.105,0.0963,65.18,3
spotify:track:6L7lPEUwCbbt5uInsAJKFw,USSM19701402,Make You Feel My Love,The Very Best Of,Bob Dylan,2024-11-29,213901,31,false,dy3capua3h7iz6vjq1bo02tbz,2025-05-22T07:36:21Z,"folk rock,folk,singer-songwriter,roots rock",Columbia/Legacy,0.371,0.238,1,-12.182,1,0.0284,0.778,0.00161,0.103,0.179,144.597,4
spotify:track:7hObovvcbBpXgZHQ9if4WU,USSM19703247,Wishlist,Yield,Pearl Jam,1998-02-17,206579,61,false,dy3capua3h7iz6vjq1bo02tbz,2025-05-24T18:12:44Z,"grunge,rock,post-grunge",Epic,0.623,0.342,0,-8.694,1,0.038,0.0134,0.00412,0.106,0.101,115.032,4
spotify:track:7zMUCLm1TN9o9JlLISztxO,USRC18705934,Burning Love,Elvis (Fool),Elvis Presley,1973-07-16,171533,80,false,dy3capua3h7iz6vjq1bo02tbz,2025-05-27T09:59:56Z,"rockabilly,rock and roll",RCA/Legacy,0.66,0.748,2,-11.206,1,0.0284,0.0993,0.00585,0.283,0.972,143.549,4
spotify:track:2HXnjMxrO4QccqE3Grwmd0,USSM16900825,I Threw It All Away,Nashville Skyline,Bob Dylan,1969-04-09,146521,48,false,dy3capua3h7iz6vjq1bo02tbz,2025-05-27T13:34:24Z,"folk rock,folk,singer-songwriter,roots rock",Columbia,0.476,0.194,0,-20.311,1,0.0335,0.603,0.0135,0.23,0.371,145.945,4
spotify:track:4BP3uh0hFLFRb5cjsgLqDh,USC4R0817618,Fortunate Son,Willy And The Poor Boys (Expanded Edition),Creedence Clearwater Revival,1969-11-02,140773,86,false,dy3capua3h7iz6vjq1bo02tbz,2025-05-27T13:35:41Z,"classic rock,southern rock,country rock",Craft Recordings,0.64,0.663,0,-7.516,1,0.0374,0.201,0.00806,0.152,0.663,132.77,4
spotify:track:3JvKfv6T31zO0ini8iNItO,GBARL1300107,Another Love,Long Way Down (Deluxe),Tom Odell,2013-06-24,244360,89,true,dy3capua3h7iz6vjq1bo02tbz,2025-05-28T09:30:26Z,,ITNO/Columbia,0.445,0.537,4,-8.532,0,0.04,0.695,0.0000165,0.0944,0.131,122.769,4
spotify:track:2LawezPeJhN4AWuSB0GtAU,USC4R0817643,Have You Ever Seen The Rain,Pendulum (Expanded Edition),Creedence Clearwater Revival,1970-12-07,160133,90,false,dy3capua3h7iz6vjq1bo02tbz,2025-05-30T23:39:34Z,"classic rock,southern rock,country rock",Craft Recordings,0.741,0.697,0,-7.028,1,0.0277,0.0664,0.0000228,0.133,0.774,116.109,4
spotify:track:6KtizyqyvJ10bEbm1qNtPa,GBAYE1400275,Benediction,The Fire Inside,Luke Sital-Singh,2014-08-15,219120,33,false,dy3capua3h7iz6vjq1bo02tbz,2025-05-31T12:34:03Z,indie folk,Parlophone UK,0.416,0.122,2,-11.366,1,0.0364,0.972,0.000268,0.108,0.183,120.71,4
spotify:track:2ddFi6kHdtkFtO5Z8gNILu,USLD91753938,Cigarette,Eulogize,Shaya Zamora,2024-01-19,218031,63,false,dy3capua3h7iz6vjq1bo02tbz,2025-06-06T21:10:45Z,christian folk,Shaya Zamora,0.53,0.542,10,-5.353,0,0.0368,0.644,0,0.111,0.353,119.928,4
spotify:track:19kHhX6f6EfLU7rcO3RqjO,QM4TX2336316,Back On 74,Volcano,Jungle,2023-08-11,209482,81,false,dy3capua3h7iz6vjq1bo02tbz,2025-06-07T23:52:33Z,,Caiola Records,0.62,0.761,10,-7.282,0,0.175,0.207,0.000147,0.269,0.194,146.003,4
spotify:track:06QQmysH1gUIT3dO2cvlK4,AUMEV2285872,Double Down,Double Down,Go-Jo,2022-09-23,198771,34,false,dy3capua3h7iz6vjq1bo02tbz,2025-06-08T13:10:26Z,,Go-Jo,0.537,0.51,6,-8.418,1,0.0339,0.341,0,0.237,0.274,83.435,4
spotify:track:7aZDcmt34eouhqw29aMR91,QZXDB2300047,Skin and Bones,Skin and Bones,David Kushner,2024-01-19,214632,1,false,dy3capua3h7iz6vjq1bo02tbz,2025-06-08T18:13:34Z,,"Miserable Music Group, LLC",0.484,0.457,10,-10.205,1,0.0376,0.649,0.477,0.148,0.17,116.9,4
spotify:track:5OGZ2Mx4Cs6RCndDRycGBJ,QZXDB2300005,Daylight,The Dichotomy,David Kushner,2024-08-30,212953,85,false,dy3capua3h7iz6vjq1bo02tbz,2025-06-08T18:14:13Z,,Miserable Music Group,0.51,0.432,5,-9.492,1,0.0334,0.825,0.000294,0.0933,0.31,129.872,4
spotify:track:7N1zwRxbuiRWqCEzCNpGtg,GX3HH2247023,Take Another Piece Of My Heart - Live 1969,Livin' Is Easy (Live 1969),Janis Joplin,2022-03-04,224922,23,false,dy3capua3h7iz6vjq1bo02tbz,2025-06-12T17:10:15Z,"classic rock,psychedelic rock,acid rock",Sunfish,0.451,0.486,2,-13.39,1,0.0314,0.0173,0.0128,0.343,0.604,95.273,4
spotify:track:5NoUgO4Kr93QymQGQlBC7b,USIR28200024,Up Where We Belong,The Ultimate Collection 1968-2003,Joe Cocker;Jennifer Warnes,2003-12-01,233240,62,false,dy3capua3h7iz6vjq1bo02tbz,2025-06-15T07:54:37Z,,Parlophone UK,0.573,0.429,2,-8.68,1,0.0294,0.597,0.0000818,0.0839,0.361,139.097,4
spotify:track:4RVbK6cV0VqWdpCDcx3hiT,USUM71808238,Reborn,KIDS SEE GHOSTS,KIDS SEE GHOSTS,2018-06-08,324674,69,true,dy3capua3h7iz6vjq1bo02tbz,2025-06-28T20:10:25Z,,"Getting Out Our Dreams, Inc./Def Jam Recordings",0.585,0.597,0,-7.499,1,0.037,0.339,0.0404,0.195,0.227,100.051,4
spotify:track:3SR85l1lZDNPr68rkAlYOy,JPE302301248,DARK ARIA,俺だけレベルアップな件 Original Soundtrack,Sawano Hiroyuki,2024-03-27,141744,58,false,dy3capua3h7iz6vjq1bo02tbz,2025-07-03T12:08:54Z,"anime,soundtrack",Aniplex Inc.,0.545,0.402,3,-7.711,0,0.0321,0.364,0,0.119,0.0906,79.903,4
spotify:track:0QnjcR3CzjZAibq74RW02x,JPE302401092,SHADOWBORN,SHADOWBORN,Sawano Hiroyuki;Benjamin;mpi,2025-01-05,191396,56,false,dy3capua3h7iz6vjq1bo02tbz,2025-07-03T18:32:42Z,"anime,soundtrack",Aniplex Inc.,0.66,0.561,2,-5.686,1,0.0499,0.0151,0.0000125,0.147,0.285,126.026,3
spotify:track:7xrEnNo99wrmIs8ZK3RZMK,GBAYE2400890,WE PRAY,Moon Music,Coldplay;Little Simz;Burna Boy;Elyanna;TINI,2024-10-04,233406,65,false,dy3capua3h7iz6vjq1bo02tbz,2025-07-05T18:31:37Z,"afrobeats,afrobeat,afropop,dancehall,afroswing,afropiano,latin pop",Parlophone UK,0.745,0.52,5,-8.048,0,0.0559,0.0674,0.0000506,0.0746,0.673,135.956,4
spotify:track:6RYYslEmfgFQkSBdQn1Gmd,JPN100901923,Period (Leadless Vocal),Period,CHEMISTRY,2010-01-27,217306,7,false,dy3capua3h7iz6vjq1bo02tbz,2025-07-07T12:18:40Z,"anime,j-pop,j-r&b",Sony Music Labels Inc.,0.405,0.915,1,-4.859,0,0.0805,0.0000261,0.866,0.0902,0.311,127.023,4
spotify:track:5uza4IilJZg7Akmuz2lsqM,QM7MR2101306,"Paint It Black (From ""Black Clover"")","Paint It Black (From ""Black Clover"")",Studio Yuraki,2018-09-23,231714,19,false,dy3capua3h7iz6vjq1bo02tbz,2025-07-10T10:31:13Z,anime,Studio 71,0.504,0.885,8,-6.433,1,0.0637,0.000599,0.00000122,0.134,0.602,105.014,4
spotify:track:3XkODQB4J2EQIOVKIhXp56,JPB601800827,Amazing Dreams,Amazing Dreams,SWANKY DANK,2018-03-28,258333,42,false,dy3capua3h7iz6vjq1bo02tbz,2025-07-10T11:03:21Z,"anime,j-rock",cutting edge,0.294,0.989,11,-0.886,0,0.145,0.0174,0,0.0474,0.388,94.198,4
spotify:track:3zLCX1TGMpsA67cW2pq6ut,JPPO02001667,永遠に光れ (Everlasting Shine),DRAMA,TOMORROW X TOGETHER,2020-08-18,191146,58,false,dy3capua3h7iz6vjq1bo02tbz,2025-07-17T15:31:57Z,k-pop,Universal Music LLC,0.527,0.891,7,-1.511,0,0.0724,0.119,0,0.208,0.39,127.097,4
spotify:track:42bbDWZ8WmXTH7PkYAlGLu,GBARL1701376,Hold My Girl,Staying at Tamara's,George Ezra,2018-03-23,211763,71,false,dy3capua3h7iz6vjq1bo02tbz,2025-07-17T15:32:35Z,,Columbia,0.614,0.527,10,-6.374,1,0.0302,0.597,0,0.11,0.354,121.941,4
spotify:track:4AGrLftANb9nFh2uL1YcIw,QZVFR2301301,"Won't Back Down (feat. YoungBoy Never Broke Again, Dermot Kennedy, & Bailey Zimmerman)",FAST X (Original Motion Picture Soundtrack),YoungBoy Never Broke Again;Bailey Zimmerman;Dermot Kennedy;Fast & Furious: The Fast Saga,2023-05-19,162908,41,false,dy3capua3h7iz6vjq1bo02tbz,2025-08-21T20:08:26Z,"country,phonk,drift phonk",APG Inc – FF10,0.518,0.748,5,-5.789,0,0.121,0.0267,0,0.193,0.265,89.819,4
spotify:track:4D7ERaKgv8NAeck8RzUtRz,GBUM71904362,Younger,Younger,Jonas Blue;HRVY,2019-09-06,194720,49,false,dy3capua3h7iz6vjq1bo02tbz,2025-09-08T16:27:56Z,tropical house,Positiva,0.784,0.845,3,-2.793,1,0.0596,0.286,0.0000159,0.074,0.888,105.981,4
spotify:track:6tS3XVuOyu10897O3ae7bi,USCA21001135,California Gurls,Teenage Dream: The Complete Confection,Katy Perry;Snoop Dogg,2012-03-12,234653,77,false,dy3capua3h7iz6vjq1bo02tbz,2025-09-08T16:28:29Z,"pop,g-funk,west coast hip hop,gangster rap,old school hip hop,hip hop,rap",Capitol Records,0.791,0.755,0,-3.729,1,0.0568,0.00452,0,0.163,0.426,125.014,4
spotify:track:6aJ90LBl96bly9zuEH1U2X,USUM70728132,This Is How We Do It,Best Of Montell Jordan,Montell Jordan,2015-09-25,237546,65,false,dy3capua3h7iz6vjq1bo02tbz,2025-09-09T16:32:30Z,new jack swing,Def Soul,0.791,0.702,1,-7.333,1,0.0625,0.0176,0,0.423,0.788,103.646,4
spotify:track:2gUuZNAfbOm5LSFImS9lB6,GXBAV2024160,Bando,Bando,Junior RCE,2025-08-08,137142,57,true,dy3capua3h7iz6vjq1bo02tbz,2025-09-23T22:46:37Z,"phonk,brazilian phonk",Kurate / GAMBL,0.733,0.637,2,-9.479,1,0.249,0.161,0,0.11,0.123,140.038,4
spotify:track:4nZi6XNe36Ut4Nij3IQ1yC,USWB11301121,Silver Springs - 2004 Remaster,Rumours (Super Deluxe),Fleetwood Mac,1977-02-04,288786,84,false,dy3capua3h7iz6vjq1bo02tbz,2025-09-27T18:51:31Z,"yacht rock,classic rock,soft rock",Rhino/Warner Records,0.348,0.576,0,-8.388,1,0.0289,0.00766,0.0462,0.276,0.428,179.014,4
spotify:track:6BZJSdeVicl1LEtWUQKP4o,USUM71118074,Where Have You Been,Talk That Talk (Deluxe),Rihanna,2012-07-18,242680,66,false,dy3capua3h7iz6vjq1bo02tbz,2025-09-30T07:35:17Z,,Def Jam Recordings,0.719,0.847,0,-6.34,0,0.0919,0.00201,0.0204,0.223,0.443,127.96,4
spotify:track:28r1xYNakXXwcQKIXu9Wjw,UKFTL1600270,DJ Turn It Up,DJ Turn It Up,Dimension,2023-05-19,177931,64,false,dy3capua3h7iz6vjq1bo02tbz,2025-10-01T16:46:57Z,"drum and bass,liquid funk",Dimension,0.768,0.995,0,0.08,1,0.165,0.115,0.542,0.601,0.834,174.054,4
spotify:track:0f80o9g3xIKANQC9djGKW1,USLD91751370,Bussin,Bussin,Clover,2023-10-06,118260,0,true,dy3capua3h7iz6vjq1bo02tbz,2025-10-13T09:19:47Z,,"South Coast Music Group, LLC",0.842,0.485,6,-10.584,0,0.323,0.209,0,0.0984,0.839,138.142,4
spotify:track:1f5cbQtDrykjarZVrShaDI,USAT21701817,Drowning (feat. Kodak Black),The Bigger Artist,A Boogie Wit da Hoodie;Kodak Black,2017-09-29,209269,82,true,dy3capua3h7iz6vjq1bo02tbz,2025-10-13T16:31:36Z,melodic rap,Highbridge The Label,0.839,0.81,5,-5.274,0,0.0568,0.501,0,0.117,0.814,129.014,4
spotify:track:2NOYO042qSc2YMCAnv7sDY,USJI10500257,I Still...,Never Gone,Backstreet Boys,2005-06-14,228720,59,false,dy3capua3h7iz6vjq1bo02tbz,2025-10-13T16:38:20Z,,Jive,0.541,0.758,5,-3.626,1,0.0275,0.00126,0,0.0763,0.181,102.984,4
spotify:track:13m5HQh3NzNyukUsA0GyYq,QZFYW1900222,Perplexion,The Two of Us Are Dying,Killstation,2019-05-29,138199,0,true,dy3capua3h7iz6vjq1bo02tbz,2025-10-15T07:05:26Z,"emo rap,trap metal,cloud rap,horrorcore",Killstation,0.599,0.485,4,-5.859,0,0.0282,0.0433,0.00000967,0.173,0.65,99.009,4
spotify:track:0HJnMMlYoa6hDOsl9tsR25,TCADU1849171,Tears in a Bucket,War:Time,Chetta;Ta$$,2018-08-30,180453,14,true,dy3capua3h7iz6vjq1bo02tbz,2025-10-20T09:09:26Z,"horrorcore,trap metal,emo rap",G59 Records,0.85,0.541,6,-11.302,0,0.372,0.0993,0,0.64,0.266,143.03,4
spotify:track:15MJ5NThPjj6xhPcts8MiY,USSM19801613,"Take My Breath Away - Love Theme from ""Top Gun""",Top Gun - Motion Picture Soundtrack (Special Expanded Edition),Berlin,1999-01-01,255733,77,false,dy3capua3h7iz6vjq1bo02tbz,2025-10-21T09:16:53Z,,Columbia/Legacy,0.497,0.719,6,-9.397,1,0.0266,0.0613,0,0.411,0.547,95.769,4
spotify:track:7HrFWF7dPGW8ELVL76yBTp,USUM70959699,Goodbye,Exposed,Kristinia DeBarge,2009-01-01,208133,13,false,dy3capua3h7iz6vjq1bo02tbz,2025-11-04T07:52:02Z,,Sodapop LLC / IDJ,0.777,0.82,1,-3.211,0,0.0471,0.00505,0.000026,0.142,0.651,119.987,4
spotify:track:3eR23VReFzcdmS7TYCrhCe,SEBGA1700015,It Ain't Me (with Selena Gomez),It Ain't Me (with Selena Gomez),Kygo;Selena Gomez,2017-02-16,220780,82,false,dy3capua3h7iz6vjq1bo02tbz,2025-11-08T21:55:42Z,tropical house,Kygo,0.64,0.533,0,-6.596,1,0.0706,0.119,0,0.0864,0.515,99.968,4
spotify:track:6x4tKaOzfNJpEJHySoiJcs,DEH259900010,Mambo No. 5 (a Little Bit of...),A Little Bit of Mambo,Lou Bega,1999-07-19,220293,81,false,dy3capua3h7iz6vjq1bo02tbz,2025-11-10T21:32:06Z,,Sony Music/Vorsicht Musik,0.622,0.807,5,-6.752,0,0.408,0.103,0,0.306,0.892,174.06,4
spotify:track:1Wsbr1d2BouNGk2q92mIj7,USUM71603069,Pt. 2,The Life Of Pablo,Kanye West,2016-06-10,130293,65,true,dy3capua3h7iz6vjq1bo02tbz,2025-11-18T21:08:11Z,rap,Rock The World/IDJ/Kanye LP7,0.674,0.752,11,-4.073,1,0.333,0.552,0,0.787,0.236,145.076,4
spotify:track:2J0NXdHr6MYvKDSxB7k3V2,USUM71915724,A Thousand Bad Times,Hollywood's Bleeding,Post Malone,2019-09-06,221173,66,true,dy3capua3h7iz6vjq1bo02tbz,2025-11-18T21:08:16Z,,Republic Records,0.633,0.733,6,-3.496,1,0.0916,0.109,0.0000123,0.111,0.31,159.045,4
spotify:track:6ndmKwWqMozN2tcZqzCX4K,USWB10502457,Remember the Name (feat. Styles of Beyond),The Rising Tied,Fort Minor;Styles Of Beyond,2005-11-21,230493,71,true,dy3capua3h7iz6vjq1bo02tbz,2025-11-19T08:43:01Z,rap rock,Machine Shop/Warner Records,0.688,0.835,8,-4.162,1,0.0911,0.0583,0.00000287,0.0795,0.88,84.858,4
spotify:track:2mNGL7mZILSqZHxGboJaO9,USUM72508238,COMË N GO,DANGEROUS SUMMER,Yeat,2025-08-01,198620,82,true,dy3capua3h7iz6vjq1bo02tbz,2025-11-28T18:59:54Z,rage rap,Lyfestyle Corporation/Field Trip Recordings/Capitol Records,0.898,0.587,9,-5.704,0,0.054,0.0622,0.0000993,0.145,0.301,145.022,4
spotify:track:563SfWAHJs4FBZMkRN0IFN,GBBKS1500215,Send My Love (To Your New Lover),25,Adele,2015-11-20,223078,80,false,dy3capua3h7iz6vjq1bo02tbz,2025-12-01T10:44:15Z,soft pop,XL Recordings,0.688,0.533,6,-8.363,0,0.0865,0.0355,0.00000348,0.172,0.567,164.069,4
spotify:track:4LFwNJWoj74Yd71fIr1W8x,USEM38900208,Right Here Waiting,Repeat Offender,Richard Marx,1989-01-01,264333,81,false,dy3capua3h7iz6vjq1bo02tbz,2025-12-10T17:53:04Z,soft rock,Capitol Records,0.395,0.252,0,-13.589,1,0.0301,0.8,0,0.101,0.126,177.679,4
spotify:track:40YcuQysJ0KlGQTeGUosTC,USRC11502210,"Me, Myself & I",When It's Dark Out,G-Eazy;Bebe Rexha,2015-12-04,251465,84,true,dy3capua3h7iz6vjq1bo02tbz,2025-12-18T09:04:03Z,,BPG/RVG/RCA Records,0.756,0.674,0,-6.518,0,0.0959,0.0184,0,0.158,0.389,111.995,4
spotify:track:2wNGoon7FlKnVEyYS1ZRBQ,USSM10804756,Sweet Dreams,I AM...SASHA FIERCE - Platinum Edition,Beyoncé,2008,207480,75,false,dy3capua3h7iz6vjq1bo02tbz,2025-12-19T18:09:26Z,,Music World Music/Columbia,0.693,0.822,1,-6.01,1,0.102,0.0995,0.0000173,0.061,0.765,121.969,4
spotify:track:4skinFVudW4IHhTOFTof0o,QZW9K2533658,Good Citizen,Good Citizen,iyah may,2025-12-05,298900,2,false,dy3capua3h7iz6vjq1bo02tbz,2025-12-23T00:03:59Z,,Iyah May,0.615,0.431,0,-8.742,0,0.049,0.177,0,0.139,0.215,60.005,4
spotify:track:2gGdO0zLa9W8ce1Ig0BzFK,USMO18400484,Somebody's Watching Me,"12"" 80s Classics",Rockwell,2010-06-28,293586,63,false,dy3capua3h7iz6vjq1bo02tbz,2025-12-27T22:38:08Z,,Universal Music Group International,0.795,0.579,1,-7.507,0,0.0348,0.115,0.0000292,0.0576,0.874,123.924,4
spotify:track:6ZSO7kPn8IMJFymyticbJO,USAT21503773,Gold,low kii savage,Kiiara,2016-03-22,225882,66,false,dy3capua3h7iz6vjq1bo02tbz,2025-12-31T13:47:48Z,,Atlantic Records,0.6,0.412,8,-9.343,1,0.344,0.615,0.0025,0.134,0.408,113.049,5
spotify:track:2tcFQRyTiw9uuS7Red3NEK,USUM72112268,Somebody Who Knows You,The Beautiful Liar,X Ambassadors,2021-09-24,224807,36,true,dy3capua3h7iz6vjq1bo02tbz,2026-01-05T14:17:55Z,,KIDinaKORNER/Interscope Records,0.598,0.582,7,-7.106,0,0.0309,0.0356,0,0.115,0.118,89.495,4
spotify:track:65X2koe1LhDgQmRkNdJFv9,JPU902504639,AIZO,AIZO,King Gnu,2026-01-09,215858,82,false,dy3capua3h7iz6vjq1bo02tbz,2026-01-31T11:32:05Z,"j-pop,anime,j-rock",Sony Music Labels Inc.,0.554,0.967,9,-2.573,0,0.148,0.0316,0,0.148,0.365,95.032,4
spotify:track:5Tt7QTzJqd21ETSruilx9X,TCADI1720999,Blood // Water,Best 10s Songs,grandson,2024-05-25,214520,0,false,dy3capua3h7iz6vjq1bo02tbz,2026-02-11T14:08:38Z,,Warner Music Group - X5 Music Group,0.505,0.892,6,-5.633,0,0.139,0.00162,0.00177,0.148,0.629,154.004,4
spotify:track:3zmduBNsQ6BPDTZAkXzG5K,TCABF1200656,Can't Be Touched,"Body Head Bangerz, Vol. 1",Body Head Bangerz;Roy Jones Jr.;Mr Magic;Trouble,2004-10-26,214400,76,true,dy3capua3h7iz6vjq1bo02tbz,2026-02-12T10:12:51Z,,"Body Head Entertainment Films, LLC",0.642,0.777,4,-4.809,0,0.094,0.00323,0,0.227,0.413,96.986,4
spotify:track:2HypEBVAxS0kNvG5ON1lIh,DEPI82313636,Kids - Techno Remix,Kids (Techno Remix),Blaze U;Kanslor;UNKNOAN,2023-08-25,120145,45,false,dy3capua3h7iz6vjq1bo02tbz,2026-02-16T21:31:32Z,"hypertechno,slap house,future house,afro house,techno",Future House Cloud,0.7,0.792,6,-5.531,0,0.313,0.0239,0,0.11,0.357,150.083,4
spotify:track:29TPjc8wxfz4XMn21O7VsZ,USUM72024699,Sky,Whole Lotta Red,Playboi Carti,2020-12-25,193234,80,true,dy3capua3h7iz6vjq1bo02tbz,2026-03-11T13:29:17Z,rage rap,AWGE/Interscope Records,0.785,0.903,2,-4.184,1,0.21,0.258,0,0.169,0.565,139.98,4
spotify:track:1jJci4qxiYcOHhQR247rEU,USSM10702135,Kids,Oracular Spectacular,MGMT,2007-12-14,302840,86,false,dy3capua3h7iz6vjq1bo02tbz,2026-03-16T08:51:09Z,indie,Red Ink/Columbia,0.451,0.931,9,-3.871,1,0.0719,0.00076,0.0049,0.361,0.172,122.961,4
spotify:track:4hJNA7VCBfNDly2Lz1SKAt,GBCTA0900150,Battlefield,Battlefield,Jordin Sparks,2009,241920,60,false,dy3capua3h7iz6vjq1bo02tbz,2026-03-23T17:03:22Z,,Jive,0.613,0.634,2,-3.472,1,0.0339,0.0178,0,0.0639,0.37,144.953,4
spotify:track:5ViLKrbyL3HD6wsq3AB9eI,USQX92506204,White Keys,White Keys,Dominic Fike,2025-11-14,144101,90,false,dy3capua3h7iz6vjq1bo02tbz,2026-03-30T09:08:37Z,,Columbia,0.712,0.547,11,-8.514,0,0.194,0.788,0.0000181,0.15,0.841,81.978,4
spotify:track:65hRZOQkVjmBdusz1N7aOv,GBAAA1100047,Save The World,Save The World,Swedish House Mafia,2011-05-13,213337,61,false,dy3capua3h7iz6vjq1bo02tbz,2026-03-31T22:30:31Z,edm,BMG Rights Management,0.507,0.665,0,-7.598,1,0.0474,0.0144,0,0.0759,0.4,126.879,4
spotify:track:0aubGuvu0FkCCHIRroTS8e,QMRSZ1901295,Humans,State of Mind,The Faim,2019-09-13,188253,44,false,dy3capua3h7iz6vjq1bo02tbz,2026-04-17T13:21:30Z,,BMG Rights Management (US) LLC,0.555,0.775,3,-2.96,0,0.0282,0.058,0,0.124,0.642,141.038,4
spotify:track:3qI94hINNNeb4S7xQi18lS,USSM17801024,Blame It on the Boogie,Destiny,The Jacksons,1978-12-17,215319,80,false,dy3capua3h7iz6vjq1bo02tbz,2026-05-08T19:33:27Z,"disco,motown,philly soul",Epic,0.774,0.641,1,-10.193,1,0.0799,0.0765,0,0.0867,0.875,113.256,4
spotify:track:3oXhdrlwJwkx7T4RBIv3nr,USUM71415364,Something Big,Handwritten (Revisited),Shawn Mendes,2015-11-20,161346,37,false,dy3capua3h7iz6vjq1bo02tbz,2026-05-22T07:13:07Z,,Island Records,0.704,0.84,7,-3.914,0,0.0402,0.00606,0,0.146,0.827,111.989,4
spotify:track:4zLBcDtvYNVtF9fnG6lme3,DEA621400666,Sun Goes Down (feat. Jasmine Thompson) - Radio Mix,Prayer,Robin Schulz;Jasmine Thompson,2014-09-16,179960,73,false,dy3capua3h7iz6vjq1bo02tbz,2026-06-03T23:26:56Z,tropical house,Tonspiel,0.548,0.723,6,-6.002,1,0.0375,0.0969,0.0000128,0.337,0.499,125.088,4
spotify:track:0eehHRQY2nlimtLjCI9xRf,USUM71208397,We Come Running,Wake Up,Youngblood Hawke,2013-01-01,247506,61,false,dy3capua3h7iz6vjq1bo02tbz,2026-07-01T12:42:07Z,,Universal Records,0.55,0.741,10,-7.022,1,0.0405,0.000323,0.00391,0.118,0.351,124.97,4
spotify:track:72M1VRh6Qyq6nOIABIPtVw,SEAMA9079030,Fading Like A Flower (Every Time You Leave),Joyride 30th Anniversary Edition,Roxette,1991-03-29,230680,53,false,dy3capua3h7iz6vjq1bo02tbz,2026-07-03T07:42:49Z,swedish pop,Parlophone Sweden,0.609,0.668,0,-5.738,1,0.026,0.195,0,0.219,0.319,105.419,4
spotify:track:3VCOzcmI8112wj08D9uoeV,GB2LD2410455,Heroes Tonight - Slowed,Heroes Tonight (Sped Up/Slowed),Janji;Johnning,2015-06-09,224143,52,false,dy3capua3h7iz6vjq1bo02tbz,2026-07-04T20:01:16Z,,NCS,0.537,0.713,7,-5.297,1,0.0331,0.0832,0,0.153,0.118,119.975,3
spotify:track:4KIRA3oOWWyYhuQkuoHnFr,USUG12601350,Game Time,Game Time (FIFA World Cup 2026™),Future;Tyla;FIFA Sound,2026-05-29,206166,71,false,dy3capua3h7iz6vjq1bo02tbz,2026-07-04T20:19:56Z,"rap,trap,afrobeats",FIFA World Cup SalXCO,0.708,0.642,1,-4.623,1,0.0578,0.0151,0,0.306,0.611,116.985,4
spotify:track:1huvTbEYtgltjQRXzrNKGi,GBAHS1400090,Don't,x (Deluxe Edition),Ed Sheeran,2014-06-21,219840,72,false,dy3capua3h7iz6vjq1bo02tbz,2026-07-07T19:31:34Z,soft pop,Atlantic Records UK,0.806,0.608,1,-7.008,1,0.0659,0.0113,0,0.635,0.849,95.049,4
spotify:track:7FihoA0WgTT21DkWR7wbYR,CAC221800008,"Ashes - from ""Deadpool 2"" Motion Picture Soundtrack","Ashes (from ""Deadpool 2"" Motion Picture Soundtrack)",Céline Dion,2018-05-03,199506,62,false,dy3capua3h7iz6vjq1bo02tbz,2026-07-21T20:44:19Z,variété française,Columbia,0.342,0.425,0,-9.064,0,0.0425,0.459,0,0.122,0.115,110.62,4
spotify:track:7hZhKh0NmmlUfoQkUkCflm,AUFF01500784,Never Be Like You,Skin,Flume;kai,2016-05-27,234909,72,true,dy3capua3h7iz6vjq1bo02tbz,2026-09-01T20:28:42Z,future bass,Top Music IP,0.448,0.59,0,-4.359,1,0.0577,0.446,0,0.14,0.264,119.834,4
spotify:track:2LSsSV7V33wM9EKQA2xjGS,USHR12244835,Con La Brisa,Black Panther: Wakanda Forever - Music From and Inspired By,Foudeqush;Ludwig Göransson,2022-11-11,167386,63,false,dy3capua3h7iz6vjq1bo02tbz,2026-09-06T21:15:15Z,"score,soundtrack",Roc Nation/Def Jam/Hollywood,0.608,0.429,2,-10.336,0,0.0316,0.47,0.245,0.129,0.242,113.818,4
spotify:track:12MqM3S0fTvR6X4Jt1Xvn6,USQX91502473,Until You Were Gone,Until You Were Gone,The Chainsmokers;Tritonal;Emily Warren,2015-09-18,215624,56,false,dy3capua3h7iz6vjq1bo02tbz,2026-09-15T10:45:17Z,"edm,progressive house,progressive trance",Disruptor Records/Columbia,0.577,0.698,1,-4.773,1,0.0451,0.0541,0,0.131,0.324,128.061,4
spotify:track:2Vhd5uZB4brKHmM0MNxkZo,SEBGA1600314,Raging (feat. Kodaline),Cloud Nine,Kygo;Kodaline,2016-05-13,223964,62,false,dy3capua3h7iz6vjq1bo02tbz,2026-10-01T23:22:38Z,tropical house,Kygo,0.55,0.689,3,-7.76,0,0.094,0.0498,0,0.207,0.408,99.904,4
spotify:track:3DK6m7It6Pw857FcQftMds,USUM71027402,Runaway,My Beautiful Dark Twisted Fantasy,Kanye West;Pusha T,2010-11-22,547733,86,true,dy3capua3h7iz6vjq1bo02tbz,2026-10-03T21:19:32Z,rap,Roc-A-Fella,0.374,0.568,1,-3.825,0,0.109,0.219,0.00219,0.513,0.111,84.733,4
spotify:track:7f1Dmr246cJ9uQYdbplTbh,USLF20000020,He Wasn't Man Enough,The Heat,Toni Braxton,2000,261933,71,false,dy3capua3h7iz6vjq1bo02tbz,2026-10-04T10:27:46Z,r&b,Arista/LaFace Records,0.739,0.947,11,-1.916,0,0.0411,0.00916,0.0000314,0.326,0.766,88.009,4
spotify:track:4NpFdj4CHgVSoQ32yHVmNL,USQX92205701,If I Died Last Night,drowning,Jessie Murph,2023-02-10,164678,67,true,dy3capua3h7iz6vjq1bo02tbz,2024-05-21T12:46:24Z,,Columbia,0.741,0.466,1,-8.023,0,0.0862,0.459,0,0.184,0.331,124.151,4
spotify:track:3bAySvtmPhjKkUgeWdh8tp,QZES92060391,Lurch.Lung,Dolores,Grim Salvo;Witchouse 40k,2020-07-01,236424,30,true,dy3capua3h7iz6vjq1bo02tbz,2024-05-21T12:46:24Z,"trap metal,horrorcore,witch house",³³marrow,0.393,0.884,2,-5.947,1,0.355,0.0124,0.00000571,0.0872,0.315,82.984,4
spotify:track:7bdpStmJdlw9GKBPTOkDwT,USUM72221582,AVA,AVA,Natalie Jane,2022-11-18,159338,56,true,dy3capua3h7iz6vjq1bo02tbz,2024-05-21T12:46:24Z,,10K Projects/Capitol Records,0.598,0.446,3,-6.242,0,0.034,0.18,0,0.081,0.23,86.991,4
spotify:track:5SFTZsHW3HdCp9f1zbzitS,USUYG1142409,Revenge,Revenge,XXXTENTACION,2017-05-18,120058,57,true,dy3capua3h7iz6vjq1bo02tbz,2024-05-21T12:43:37Z,emo rap,Bad Vibes Forever / EMPIRE,0.708,0.235,11,-16.156,0,0.318,0.772,0.00238,0.103,0.169,139.998,4
spotify:track:5Nm9ERjJZ5oyfXZTECKmRt,GBUM71308833,Stay With Me,In The Lonely Hour,Sam Smith,2014-05-26,172723,83,false,dy3capua3h7iz6vjq1bo02tbz,2024-05-21T12:46:00Z,soft pop,PLG - Capitol,0.413,0.42,0,-6.444,1,0.0416,0.588,0.0000639,0.11,0.185,84.126,4
spotify:track:2qTcJF53V5rsJd82CVFadL,QMKSC1901398,Feen,L.O.V.E. (Deluxe),Luh Kel;Trippie Redd,2020-11-20,179372,38,true,dy3capua3h7iz6vjq1bo02tbz,2024-05-21T12:46:00Z,melodic rap,Cinematic Music Group,0.644,0.71,0,-4.078,0,0.04,0.312,0,0.101,0.229,143.061,4
spotify:track:6eLOyOwKUJvjN0f9equFf8,GBAXQ1026111,So Cold (The Good Wife Trailer),...As Heard In,Ben Cocks;Nikisha Reyes-Pile,2010-11-16,226986,65,false,dy3capua3h7iz6vjq1bo02tbz,2024-05-21T12:46:00Z,,UPPM Records,0.516,0.356,10,-13.442,1,0.0315,0.766,0.0187,0.116,0.199,74.995,4
spotify:track:5tkvouEBLqHvdx62lssDSk,GBKPL1956899,FIVE SIX,The South Got Something to Say,Pouya,2019-12-13,161454,0,true,dy3capua3h7iz6vjq1bo02tbz,2024-05-21T12:46:00Z,"emo rap,trap metal,horrorcore,underground hip hop,cloud rap",POUYA,0.855,0.688,8,-7.921,0,0.0495,0.269,0.000423,0.142,0.379,110.017,4
spotify:track:6v5vr3SqSczkqIIVeW8RjZ,QZDA51900756,Never Be Alright,Never Be Alright,Seon,2019-01-23,168308,56,true,dy3capua3h7iz6vjq1bo02tbz,2024-05-21T12:46:00Z,,"Seon, under exclusive license to Amuseio AB",0.835,0.284,7,-10.121,0,0.0778,0.631,0.00000396,0.102,0.286,86.982,4
spotify:track:4f80SteKqaB6M2JytEUrwT,USUM72020119,Chasing_(Demo),Chasing_(Demo),NF;Mikayla Sippel,2020-10-12,181714,60,false,dy3capua3h7iz6vjq1bo02tbz,2024-05-21T12:46:00Z,christian hip hop,NF Real Music,0.498,0.0942,1,-18.713,1,0.126,0.952,0,0.13,0.299,139.218,4
spotify:track:2d41Jt4R1j5BhvtC9UsmGf,USAT22004026,I Lost Myself,I Lost Myself,Munn,2020-07-10,191484,49,false,dy3capua3h7iz6vjq1bo02tbz,2024-05-21T12:46:00Z,,Atlantic Records,0.651,0.376,2,-6.232,1,0.0284,0.727,0,0.111,0.128,127.957,4
spotify:track:4dVpf9jZjcORqGTLUaeYj9,USRC11701803,Plain Jane,Still Striving,A$AP Ferg,2017-08-18,173601,72,true,dy3capua3h7iz6vjq1bo02tbz,2024-05-21T12:46:14Z,rap,RCA Records Label,0.797,0.844,11,-5.482,1,0.275,0.0651,0,0.087,0.52,170.142,4
spotify:track:1meW3fs5CJdK7MNv4Shl1D,ZAUM71801651,Strings And Bling,Strings And Bling,Nasty C,2018-07-06,224065,53,true,dy3capua3h7iz6vjq1bo02tbz,2024-05-21T12:46:14Z,afropop,Universal Music (Pty) Ltd.,0.75,0.556,5,-5.526,0,0.0549,0.0499,0,0.616,0.38,140.043,4
spotify:track:1u7E2sw7ZRpz9PKYkywss8,QZB4J1801818,40.000,40.000,ColBreakz,2018-05-08,232682,31,false,dy3capua3h7iz6vjq1bo02tbz,2024-05-21T12:46:14Z,"dubstep,drumstep",ColBreakz,0.371,0.874,6,-4.657,1,0.176,0.0206,0.00803,0.182,0.463,128.198,4
spotify:track:01TXXJII5X0EM6o4hLkuCs,QZDA51983359,My Universe,My Universe,ColBreakz,2019-02-15,170454,16,false,dy3capua3h7iz6vjq1bo02tbz,2024-05-21T12:46:14Z,"dubstep,drumstep",ColBreakz,0.265,0.776,5,-4.191,0,0.148,0.097,0.0847,0.108,0.11,175.856,4
spotify:track:48RrDBpOSSl1aLVCalGl5C,USUM71314082,The Monster,The Marshall Mathers LP2,Eminem;Rihanna,2013-11-05,250188,85,true,dy3capua3h7iz6vjq1bo02tbz,2024-05-21T12:46:14Z,"rap,hip hop",Eminem Catalog PS,0.781,0.853,1,-3.68,0,0.0714,0.0526,0,0.12,0.626,110.046,4
spotify:track:4lRuRtvftdSSUA7hLP7zAr,GBARL1400303,I Found,Pilot EP,Amber Run,2014-09-21,274226,55,false,dy3capua3h7iz6vjq1bo02tbz,2024-05-21T12:46:14Z,,RCA Records Label,0.28,0.317,7,-12.433,0,0.0474,0.879,0.00731,0.108,0.236,186.471,3
spotify:track:6DMA84zuIwXmYAk3rv6GsI,AUGID1600002,Bitter Leaf,Viet Rose,LANKS,2016-10-14,190333,0,false,dy3capua3h7iz6vjq1bo02tbz,2024-05-21T12:46:14Z,,THAA Records,0.796,0.537,7,-4.208,0,0.105,0.351,0.0000281,0.113,0.432,144.939,4
spotify:track:5rurggqwwudn9clMdcchxT,USUM72308543,"Calling (Spider-Man: Across the Spider-Verse) (Metro Boomin & Swae Lee, NAV, feat. A Boogie Wit da Hoodie)",METRO BOOMIN PRESENTS SPIDER-MAN: ACROSS THE SPIDER-VERSE (SOUNDTRACK FROM AND INSPIRED BY THE MOTION PICTURE),Metro Boomin;Swae Lee;NAV;A Boogie Wit da Hoodie,2023-06-02,219453,73,false,dy3capua3h7iz6vjq1bo02tbz,2024-05-21T12:46:14Z,melodic rap,Republic Records,0.636,0.537,0,-7.902,1,0.0817,0.481,0,0.113,0.199,140.133,4
spotify:track:3qrEG6rQ9Qm72MNWeUKKiU,USAR17600150,Wham Bam Shang-A-Lang,Silver,Silver,1976,212840,73,false,dy3capua3h7iz6vjq1bo02tbz,2026-10-03T21:11:36Z,,Arista/Legacy,0.65,0.759,1,-4.932,1,0.0355,0.353,0,0.155,0.943,121.454,4
spotify:track:2PO0K4sPH6NBEDwBTCEbAw,TCAEC1924892,Nasa,Love on Drugs,Kid $Ixty,2019-02-15,124363,0,true,dy3capua3h7iz6vjq1bo02tbz,2025-08-21T20:04:19Z,emo rap,Kid $ixty,0.663,0.693,5,-5.755,0,0.0344,0.23,0,0.269,0.625,109.897,4
spotify:track:3UYn4qdsgnQlbOgYiVIyYJ,QZES71818530,Scars on My Heart,Scars on My Heart,Powfu;SadBoyProlific,2018-11-28,224000,48,true,dy3capua3h7iz6vjq1bo02tbz,2025-08-21T20:04:19Z,,Independent,0.652,0.483,6,-8.92,1,0.246,0.931,0,0.0959,0.469,78.267,4
spotify:track:33LizV83s7z1gwtmLiKlmv,QZES71818655,Dead and Cold,Dead and Cold,SadBoyProlific,2018-11-10,89624,1,true,dy3capua3h7iz6vjq1bo02tbz,2025-08-21T20:04:19Z,,FRTYFVE,0.622,0.467,2,-9.889,0,0.568,0.872,0.00000215,0.0931,0.716,87.967,5
spotify:track:0K4gxQ2u3545b0GAu85ObO,SE6A91908704,You Don't Want Me Anymore,You Don't Want Me Anymore,Snøw;Teqkoi,2019-05-31,165000,0,true,dy3capua3h7iz6vjq1bo02tbz,2025-08-21T20:04:19Z,,Snøw,0.685,0.23,0,-12.525,0,0.0388,0.367,0.000971,0.101,0.0417,96.085,4
spotify:track:2OdbtJsj3h2u3gbXi0RA9n,QZAPG1807889,Is It Too Late for Me,Is It Too Late for Me,Beowülf,2018-01-02,117263,45,false,dy3capua3h7iz6vjq1bo02tbz,2025-08-21T20:04:19Z,lo-fi,beowave,0.861,0.305,1,-19.138,1,0.155,0.856,0.286,0.172,0.917,113.982,4
spotify:track:0AHKu1Sk5qTf1ZWusrqXNF,USLD91727747,Fake Smiles 2,With Love 2,Phora,2020-11-06,194434,40,true,dy3capua3h7iz6vjq1bo02tbz,2025-08-21T20:04:19Z,,Phora LLC,0.592,0.609,3,-7.306,0,0.367,0.564,0,0.0771,0.136,158.054,4
spotify:track:71FkzN3DmgwZaMKsvXkYWi,QZES51818852,Last Night I Accepted Death W Open Arms,Slasher,Lil Revive,2018-10-12,152027,40,true,dy3capua3h7iz6vjq1bo02tbz,2025-08-21T20:04:19Z,emo rap,Josh A,0.643,0.413,0,-9.993,1,0.0277,0.0714,0.181,0.262,0.0363,89.989,4
spotify:track:16EzGL9U34odQa9iTm5Jb0,QZES71818739,Go Wild,Go Wild,Drex Carter,2018-11-16,160090,1,true,dy3capua3h7iz6vjq1bo02tbz,2025-08-21T20:04:19Z,,Drex,0.843,0.65,1,-9.254,1,0.107,0.555,0.0000253,0.155,0.767,119.988,4
spotify:track:2xVHJSdMbEFLWLNm5gLfe7,QZFYX2085622,pain,pain,Darko,2020-01-18,146505,36,true,dy3capua3h7iz6vjq1bo02tbz,2025-08-21T20:04:19Z,emo rap,VILLAIN,0.587,0.743,8,-6.457,0,0.058,0.114,0.000298,0.148,0.12,79.552,4
spotify:track:30k0wGukDZlauyrRU4hTc2,QZHN92152683,"Dear Depression,","Dear Depression,",Presence,2021-09-17,139285,51,false,dy3capua3h7iz6vjq1bo02tbz,2025-08-21T20:04:19Z,,Nettwerk Music Group,0.476,0.549,4,-10.426,1,0.395,0.81,0.000226,0.141,0.167,182.104,4
spotify:track:3UkPmK7Sk0wuLXzVnQihva,SE6HN2048517,Memory,Memory,Promoting Sounds;Rxseboy;SadBoyProlific,2020-05-11,134608,0,true,dy3capua3h7iz6vjq1bo02tbz,2025-08-21T20:04:19Z,emo rap,Promoting Sounds,0.748,0.694,1,-7.616,1,0.0861,0.0616,0.000167,0.331,0.197,115.044,4
spotify:track:2c9iVAV8Vte2POKrVZFC02,QZDA51809661,I Could Never Be Loved,I Could Never Be Loved,Powfu,2018-06-18,213942,42,false,dy3capua3h7iz6vjq1bo02tbz,2025-08-21T20:04:19Z,,Pow Records,0.911,0.255,8,-15.257,1,0.153,0.499,0.000246,0.0937,0.244,137.994,4
spotify:track:0VkTREws5yA3Qe5YkOxBEN,CA5KR2114140,CHANGE,CHANGE,DUSTY,2020-12-04,146823,40,false,dy3capua3h7iz6vjq1bo02tbz,2025-08-21T20:04:19Z,emo rap,Polar Culture,0.301,0.535,0,-7.434,0,0.0558,0.484,0.000162,0.125,0.0452,84.439,4
spotify:track:4v8RbQr88EmoG2lev9OgH9,QM42K1967316,i deserve better,i deserve better,sadeyes,2019-02-27,171701,33,true,dy3capua3h7iz6vjq1bo02tbz,2025-08-21T20:04:19Z,emo rap,sadeyes,0.603,0.511,11,-8.376,0,0.0505,0.791,0,0.156,0.299,80.43,4
spotify:track:2QUgODR8GEjQFODi55Dmg4,QM8DG1817033,Let Go,Dreams Are Yours,Trey Day,2019-06-17,181763,32,true,dy3capua3h7iz6vjq1bo02tbz,2025-08-21T20:04:19Z,,Dreams Are Yours,0.765,0.436,4,-12.849,0,0.285,0.834,0.00000103,0.338,0.468,80.968,4
spotify:track:1idfjJnQQQS7Fii8dCbown,QZDA82089425,Don't Go /:,Good Vs Evil,347aidan,2020-04-18,159916,38,false,dy3capua3h7iz6vjq1bo02tbz,2025-08-21T20:04:19Z,,347RECORDS,0.865,0.156,0,-14.801,1,0.0721,0.512,0.0000031,0.129,0.18,114.943,4
spotify:track:7lABdrRyMlxMWZzU3SKWoA,USWB12207626,Walk Out That Door,Walk Out That Door,Ali Gatie,2022-12-16,167254,33,false,dy3capua3h7iz6vjq1bo02tbz,2025-08-21T20:04:38Z,,Warner Records,0.637,0.534,2,-7.303,1,0.0532,0.567,0,0.178,0.22,162.107,4
spotify:track:3sN0PsHUCr7C2W1G0vOMOY,USWB12207408,Scared of Love,Scared of Love,Ali Gatie,2022-11-25,169881,37,false,dy3capua3h7iz6vjq1bo02tbz,2025-08-21T20:04:38Z,,Warner Records,0.51,0.515,2,-6.233,0,0.0293,0.645,0,0.329,0.304,161.503,4
spotify:track:3xXI0QxPxPnexMc8wxPOYA,USAT22219224,Water (Drowning Pt. 2) [feat. Kodak Black],Me vs. Myself,A Boogie Wit da Hoodie;Kodak Black,2022-12-12,206769,51,true,dy3capua3h7iz6vjq1bo02tbz,2025-08-21T20:04:38Z,melodic rap,Highbridge The Label,0.855,0.603,0,-5.488,1,0.284,0.0392,0,0.105,0.494,129.976,4
spotify:track:65CaU18VfoRteqtrezSiAO,USAT22219238,Soul Snatcher,Me vs. Myself,A Boogie Wit da Hoodie,2022-12-12,170666,45,true,dy3capua3h7iz6vjq1bo02tbz,2025-08-21T20:04:38Z,melodic rap,Highbridge The Label,0.74,0.749,8,-4.43,1,0.127,0.569,0,0.139,0.489,90.02,4
spotify:track:2Rpxbbx0rbA7leuAshGEH3,QZNWW2265238,Fine,Fine,Kyle Hume,2022-09-16,150005,67,false,dy3capua3h7iz6vjq1bo02tbz,2025-08-21T20:04:38Z,,Kyle Hume,0.623,0.568,1,-4.537,1,0.0495,0.411,0,0.214,0.681,78.133,4
spotify:track:6aBW89SXxxnPnERmD8EiA5,USUM72207330,ADHD Anthem (2 Many Emotions),Sremm 4 Life,Rae Sremmurd,2023-04-07,238400,31,true,dy3capua3h7iz6vjq1bo02tbz,2025-08-21T20:04:38Z,,Eardruma Records/Interscope Records,0.603,0.746,8,-4.909,0,0.0361,0.000014,0.00000103,0.158,0.435,150.028,4
spotify:track:2TvzLO4ifNWEnAAShxA6YW,USUM71818369,What's Up Danger (with Black Caviar),Spider-Man: Into the Spider-Verse (Deluxe Edition / Soundtrack From & Inspired By The Motion Picture),Blackway;Black Caviar,2019-02-22,222306,57,false,dy3capua3h7iz6vjq1bo02tbz,2025-08-21T20:05:05Z,,Republic Records,0.701,0.752,2,-5.833,1,0.0414,0.00349,0.000768,0.121,0.112,95.04,4
spotify:track:2d8JP84HNLKhmd6IYOoupQ,QM7XC1400004,Trap Queen,Fetty Wap (Deluxe),Fetty Wap,2015-09-25,222093,84,true,dy3capua3h7iz6vjq1bo02tbz,2025-08-21T20:05:28Z,,300 Entertainment/RGF Productions,0.746,0.873,7,-3.803,1,0.128,0.0244,0,0.354,0.817,148.075,4
spotify:track:60PAzFNW3vAiAiVK6DRJfB,USUM70957500,Day 'N' Nite (Nightmare),Man On The Moon: The End Of Day (Int'l Version),Kid Cudi,2009-01-01,221240,76,false,dy3capua3h7iz6vjq1bo02tbz,2025-08-21T20:05:28Z,,Kid Cudi/Universal Records,0.88,0.443,11,-6.359,0,0.0653,0.462,0.00000713,0.122,0.803,138.018,4
spotify:track:2H3wWrnO758y0fPH7Ilerg,USUYG1156893,Depression & Obsession,17,XXXTENTACION,2017-08-25,144733,65,true,dy3capua3h7iz6vjq1bo02tbz,2025-08-21T20:05:47Z,emo rap,Bad Vibes Forever / EMPIRE,0.769,0.156,11,-10.7,0,0.035,0.585,0.015,0.102,0.527,105.95,4
spotify:track:2el0U47PEjfc2tk9eI5TgY,QZMEQ2249742,HELLA DUSTY!,HELLA DUSTY!,SXMPRA,2022-08-12,139500,36,true,dy3capua3h7iz6vjq1bo02tbz,2025-08-21T20:06:05Z,"phonk,drift phonk,trap metal",HERE FOREVER,0.812,0.85,10,-4.442,0,0.0624,0.00123,0.00000601,0.214,0.631,160.013,4
spotify:track:6MZ91tbZxwwqimJffOoLsW,QZFZ31915440,Computer Crash,Computer Crash,Lui Joseph,2019-07-15,169508,26,false,dy3capua3h7iz6vjq1bo02tbz,2025-08-21T20:06:29Z,,Lui Joseph under exclusive license to Amuseio AB,0.782,0.52,7,-9.338,0,0.171,0.174,0,0.0747,0.495,113.958,4
spotify:track:2hfbjdEoMoLg2KmqxwpYR2,QZFYX2100239,Self Sabotage,Self Sabotage,99zed;Saliva Grey,2021-01-29,153251,56,true,dy3capua3h7iz6vjq1bo02tbz,2025-08-21T20:06:29Z,"trap metal,horrorcore",187 Collective,0.698,0.648,1,-4.603,0,0.118,0.267,0.0454,0.205,0.397,156.147,4
spotify:track:1ObJwPnro8VjpEDt1slsgR,GBKPL1935854,Sons of Icarus,Sons of Icarus,Chief Kelly;SpaceMan Zack,2019-01-25,202004,42,false,dy3capua3h7iz6vjq1bo02tbz,2025-08-21T20:06:29Z,,Chief Kelly,0.645,0.449,1,-10.3,0,0.0304,0.0928,0.00738,0.0792,0.0368,105.062,4
spotify:track:2ludbmtPoyCPe2K08fAlFl,USAT21800455,Helium (Sia vs. David Guetta & Afrojack),Helium (Sia vs. David Guetta & Afrojack),Sia;David Guetta;AFROJACK,2018-01-25,237372,51,false,dy3capua3h7iz6vjq1bo02tbz,2025-08-21T20:06:49Z,"edm,big room",Monkey Puzzle/Atlantic,0.542,0.587,4,-6.145,1,0.035,0.0977,0,0.2,0.243,136.915,4
spotify:track:2Qh1cDq21NCL04SmiUvgUv,QZFZ32370704,stranger,Explore The Darkness,Carter Tomorrow,2023-02-24,134822,8,true,dy3capua3h7iz6vjq1bo02tbz,2025-08-21T20:08:09Z,emo rap,Carter Tomorrow,0.573,0.492,11,-11.541,0,0.0809,0.00945,0,0.0778,0.109,119.88,4
spotify:track:2W0ML0bVXNew4Jmc40Rpzj,USAT22222691,Love From The Other Side,So Much (For) Stardust,Fall Out Boy,2023-03-24,279737,59,false,dy3capua3h7iz6vjq1bo02tbz,2025-08-21T20:08:09Z,"emo,pop punk",Fueled By Ramen,0.418,0.895,4,-5.626,0,0.0966,0.000965,0.000475,0.302,0.218,157.803,4
spotify:track:0jZO7p0nBUi9VHedWUBS9l,US53Q1200148,The Night We Met (feat. Phoebe Bridgers),13 Reasons Why (Season 2),Lord Huron;Phoebe Bridgers,2018-05-18,208173,64,false,dy3capua3h7iz6vjq1bo02tbz,2025-08-21T20:08:09Z,,UMGRI Interscope,0.423,0.437,2,-8.588,1,0.0355,0.962,0.336,0.664,0.131,174.158,3
spotify:track:0QdePZJfBpRIBautuT4FSx,USRC12003754,Angels Like You,Plastic Hearts,Miley Cyrus,2020-11-27,196454,57,false,dy3capua3h7iz6vjq1bo02tbz,2025-08-21T20:08:09Z,,RCA Records Label,0.672,0.642,5,-4.035,1,0.0313,0.0981,0,0.1,0.494,121.981,4
spotify:track:48h4R1aBUa6BitV6GeCjOM,USWB12206461,Shut It,Homesick,1nonly,2022-11-18,141508,50,true,dy3capua3h7iz6vjq1bo02tbz,2025-08-21T20:09:17Z,,NSF Productions LLC,0.777,0.576,0,-8.763,0,0.29,0.0534,0.0000133,0.379,0.613,117.931,4
spotify:track:7BdXiDH2bPhBuPP2jTwRZB,QM6MZ1856833,The Few Things (With Charlotte Lawrence),The Few Things (With Charlotte Lawrence),JP Saxe;Charlotte Lawrence,2018-08-10,211567,33,false,dy3capua3h7iz6vjq1bo02tbz,2024-05-21T12:47:02Z,,"StarkerSaxeSongs, LLC",0.536,0.426,7,-10.446,1,0.123,0.64,0.00000588,0.147,0.375,135.872,4
spotify:track:6sCvvleqKbeyOkQDieBYgp,QMJMT2204481,Lift Me Up - From Black Panther: Wakanda Forever - Music From and Inspired By,Black Panther: Wakanda Forever - Music From and Inspired By,Rihanna,2022-11-11,196520,57,false,,2026-10-04T06:28:26Z,,Roc Nation/Def Jam/Hollywood,0.247,0.299,9,-6.083,1,0.0315,0.899,0,0.131,0.172,177.115,4
spotify:track:3c1YCQvr720s61gHPgtkv8,USHR12244848,Mi Pueblo,Black Panther: Wakanda Forever - Music From and Inspired By,Guadalupe de Jesús Chan Poot,2022-11-11,160480,25,false,,2026-10-04T06:28:26Z,,Roc Nation/Def Jam/Hollywood,0.57,0.51,5,-13.85,1,0.765,0.718,0.000467,0.0979,0.138,173.323,3
spotify:track:1p9R4HF2WGtZDISBxMwF3R,USHR12244847,No Digas Mi Nombre,Black Panther: Wakanda Forever - Music From and Inspired By,Calle x Vida;Foudeqush,2022-11-11,222000,33,false,,2026-10-04T06:28:26Z,,Roc Nation/Def Jam/Hollywood,0.513,0.692,9,-6.03,1,0.0398,0.366,0,0.151,0.534,96.746,1
spotify:track:7u2cPWo0974RudXZKDmdmT,USHR12244846,Inframundo,Black Panther: Wakanda Forever - Music From and Inspired By,Blue Rojo,2022-11-11,191773,33,false,,2026-10-04T06:28:26Z,mexican hip hop,Roc Nation/Def Jam/Hollywood,0.295,0.336,9,-7.712,1,0.0395,0.253,0.298,0.0856,0.252,157.08,4
spotify:track:18zQTt3ifDv6iLni2YuXMg,QMJMT2204483,Born Again,Black Panther: Wakanda Forever - Music From and Inspired By,Rihanna,2022-11-11,213333,50,false,,2026-10-04T06:28:26Z,,Roc Nation/Def Jam/Hollywood,0.465,0.26,0,-8.179,0,0.031,0.475,0,0.138,0.259,116.642,4
spotify:track:2CFGMjBuqypSwkDaYnrsk8,USHR12244845,Jele,Black Panther: Wakanda Forever - Music From and Inspired By,DBN Gogo;Sino Msolo;Kamo Mphela;Young Stunna;Busiswa,2022-11-11,229506,43,false,,2026-10-04T06:28:26Z,"amapiano,gqom,afropiano,private school piano,3 step,afro soul,afropop,afro tech,afrobeats",Roc Nation/Def Jam/Hollywood,0.858,0.657,10,-5.53,0,0.0494,0.177,0.0000328,0.15,0.406,113.012,4
spotify:track:0JAxf6vf8Lppihm55k13zv,USHR12244844,Pantera,Black Panther: Wakanda Forever - Music From and Inspired By,Alemán;Rema,2022-11-11,169906,43,false,,2026-10-04T06:28:26Z,"mexican hip hop,latin hip hop,electro corridos,afrobeats,afrobeat,afropop,afropiano",Roc Nation/Def Jam/Hollywood,0.595,0.732,11,-6.561,0,0.116,0.0986,0,0.137,0.0602,179.934,4
spotify:track:11eM29CRUKqdlb6zHe13pP,USHR12244843,Wake Up,Black Panther: Wakanda Forever - Music From and Inspired By,Bloody Civilian;Rema,2022-11-11,162826,46,false,,2026-10-04T06:28:26Z,"alté,afrobeats,afrobeat,afro adura,afropiano,afropop,afro r&b",Roc Nation/Def Jam/Hollywood,0.828,0.599,6,-6.493,1,0.133,0.174,0.0649,0.0757,0.455,100.063,4
spotify:track:4m8YqoUZLToSUjpNmb7m5X,USHR12244842,Anya Mmiri,Black Panther: Wakanda Forever - Music From and Inspired By,CKay;PinkPantheress,2022-11-11,188920,44,false,,2026-10-04T06:28:26Z,"afrobeats,afrobeat,afro r&b,afropop,bedroom pop",Roc Nation/Def Jam/Hollywood,0.78,0.388,5,-9.357,0,0.0385,0.158,0.115,0.111,0.372,126.088,4
spotify:track:1yIJZPDmD1HwxR6SJYYQWA,USHR12244841,Limoncello,Black Panther: Wakanda Forever - Music From and Inspired By,OG DAYV;Future,2022-11-11,154880,37,false,,2026-10-04T06:28:26Z,"rap,trap",Roc Nation/Def Jam/Hollywood,0.834,0.591,8,-7.466,1,0.273,0.0336,0,0.11,0.215,99.991,4
spotify:track:02dF3qjpgTpmPCBKo72C06,USHR12244840,Laayli' kuxa'ano'one,Black Panther: Wakanda Forever - Music From and Inspired By,Adn Maya Colectivo;Pat Boy;Yaalen K'uj;All Mayan Winik,2022-11-11,224746,37,false,,2026-10-04T06:28:26Z,,Roc Nation/Def Jam/Hollywood,0.787,0.598,1,-7.457,1,0.212,0.573,0.00000229,0.103,0.82,150.027,4
spotify:track:1rHGit66Qhs5JL3FjaNYsW,USHR12244839,"They Want It, But No",Black Panther: Wakanda Forever - Music From and Inspired By,Tobe Nwigwe;Fat Nwigwe,2022-11-11,157440,42,false,,2026-10-04T06:28:26Z,christian hip hop,Roc Nation/Def Jam/Hollywood,0.6,0.931,1,-6.864,1,0.0973,0.00783,0.00149,0.115,0.304,134.868,4
spotify:track:5o77o7nTrQL1mWAyrvVMNI,USHR12244838,Coming Back For You,Black Panther: Wakanda Forever - Music From and Inspired By,Fireboy DML,2022-11-11,176293,53,false,,2026-10-04T06:28:26Z,"afrobeats,afrobeat,afropop,afro r&b,afropiano,afro soul,afroswing",Roc Nation/Def Jam/Hollywood,0.42,0.436,7,-8.025,1,0.0449,0.00814,0,0.128,0.242,100.274,4
spotify:track:2IWpTwTSmuVB6WjeuKN8Cl,USHR12244837,Interlude,Black Panther: Wakanda Forever - Music From and Inspired By,Stormzy,2022-11-11,138520,46,false,,2026-10-04T06:28:26Z,"grime,uk grime,uk drill",Roc Nation/Def Jam/Hollywood,0.519,0.536,4,-6.797,0,0.124,0.389,0.0000112,0.109,0.0385,92.642,4
spotify:track:7rIMBY4ANvxLDJS1m1TzmH,USHR12244836,La Vida,Black Panther: Wakanda Forever - Music From and Inspired By,Snow Tha Product;E-40,2022-11-11,157813,40,false,,2026-10-04T06:28:26Z,"latin hip hop,mexican hip hop,hyphy,west coast hip hop,old school hip hop,g-funk",Roc Nation/Def Jam/Hollywood,0.754,0.869,1,-5.106,0,0.124,0.219,0,0.105,0.278,94.972,4
spotify:track:5UaiWpx39E60GAsoAtICoV,USHR12244834,Árboles Bajo El Mar,Black Panther: Wakanda Forever - Music From and Inspired By,Vivir Quintana;Mare Advertencia,2022-11-11,261786,37,false,,2026-10-04T06:28:26Z,"latin folk,latin hip hop",Roc Nation/Def Jam/Hollywood,0.678,0.385,6,-8.343,0,0.0389,0.783,0.00112,0.0982,0.0577,92.161,3
spotify:track:2yrtWT6W4KUMbfNtBcH8iN,USHR12244833,No Woman No Cry,Black Panther: Wakanda Forever - Music From and Inspired By,Tems,2022-11-11,213266,52,false,,2026-10-04T06:28:26Z,"afrobeats,afro r&b,alté,afrobeat",Roc Nation/Def Jam/Hollywood,0.434,0.252,2,-9.082,1,0.0305,0.506,0.00101,0.103,0.138,147.268,4
spotify:track:0AoBY2Y3qs6dtGgOD6c91N,USHR12244832,Alone,Black Panther: Wakanda Forever - Music From and Inspired By,Burna Boy,2022-11-11,221746,71,false,,2026-10-04T06:28:26Z,"afrobeats,afrobeat,afropop,dancehall,afroswing,afropiano",Roc Nation/Def Jam/Hollywood,0.6,0.659,4,-7.264,0,0.0542,0.176,0,0.111,0.307,89.955,4
spotify:track:6KsDoI8iySmXQ6UaSPuAx4,USHR12244831,Love & Loyalty (Believe),Black Panther: Wakanda Forever - Music From and Inspired By,DBN Gogo;Sino Msolo;Kamo Mphela;Young Stunna;Busiswa,2022-11-11,380053,41,false,,2026-10-04T06:28:26Z,"amapiano,gqom,afropiano,private school piano,3 step,afro soul,afropop,afro tech,afrobeats",Roc Nation/Def Jam/Hollywood,0.816,0.726,1,-9.874,1,0.0688,0.233,0.00183,0.0669,0.596,111.99,4
spotify:track:3d9DChrdc6BOeFsbrZ3Is0,USWB19901576,Under the Bridge,Blood Sugar Sex Magik (Deluxe Edition),Red Hot Chili Peppers,1991-09-24,264306,88,false,dy3capua3h7iz6vjq1bo02tbz,2024-05-21T12:43:44Z,"funk rock,alternative rock,rock",Warner Records,0.559,0.345,4,-13.496,1,0.0459,0.0576,0.000105,0.141,0.458,84.581,4
spotify:track:4K6e6JiR1KFohWedXSnvob,QZNRC2000011,All I Need,My Head is a Moshpit,Verzache,2021-03-05,203750,0,true,dy3capua3h7iz6vjq1bo02tbz,2024-05-21T12:43:44Z,,"Verzache Music, Inc.",0.663,0.786,9,-5.325,1,0.0353,0.212,0.00000196,0.0957,0.319,145.977,4
spotify:track:18bsjdYSdF8iazl6Mui6pB,GBLFP2047477,Take Control,Take Control,James Deacon,2020-10-23,197796,0,false,dy3capua3h7iz6vjq1bo02tbz,2024-05-21T12:43:44Z,,Bad Future Records,0.774,0.768,2,-5.351,1,0.0347,0.00188,0.0000204,0.0672,0.302,118.019,4
spotify:track:0NuWgxEp51CutD2pJoF4OM,USUM72010617,blind,our little angel - EP,ROLE MODEL,2020-10-21,153293,60,false,dy3capua3h7iz6vjq1bo02tbz,2024-05-21T12:43:44Z,,Interscope Records,0.765,0.663,0,-5.223,1,0.0652,0.141,0.000297,0.0924,0.686,150.091,4
spotify:track:6pO9pxKxrIHuTRqK7VLP8B,USAT22006239,fake friend,Trauma Factory,"nothing,nowhere.",2021-02-19,169450,49,false,dy3capua3h7iz6vjq1bo02tbz,2024-05-21T12:43:44Z,emo rap,Fueled By Ramen,0.472,0.849,4,-3.738,1,0.0315,0.00362,0,0.0973,0.31,144.065,4
spotify:track:4qqCodzgTzXVTnkvyvcUdo,USUM71025674,Broken Strings,The Best Of Nelly Furtado (Deluxe Version),Nelly Furtado;James Morrison,2010-11-12,250653,28,false,dy3capua3h7iz6vjq1bo02tbz,2024-05-21T12:48:08Z,,Interscope,0.567,0.718,1,-4.916,1,0.0302,0.0109,0,0.0792,0.342,111.865,4
spotify:track:20bSTUae0qVNxLxWxinG2d,QZFZ62031560,Runnin',Runnin',J€AN-MARC,2020-03-24,108269,53,true,dy3capua3h7iz6vjq1bo02tbz,2024-05-21T12:48:08Z,,NKB Never Know Best - YRH Records,0.722,0.514,0,-9.76,1,0.276,0.461,0,0.152,0.491,103.002,4
spotify:track:4tViDtaHuSLnh7HVJTrKhs,USUG11802208,Power Over Me,Without Fear,Dermot Kennedy,2019-10-04,206960,67,false,dy3capua3h7iz6vjq1bo02tbz,2024-05-21T12:48:08Z,,Riggins Recording Limited,0.319,0.841,9,-4.232,0,0.147,0.0518,0,0.106,0.483,173.868,3
spotify:track:0RVeadY2MbHz4Pe4MreLNw,GBF088790002,Rocket,Hysteria,Def Leppard,1987-08-03,396823,63,false,dy3capua3h7iz6vjq1bo02tbz,2024-05-21T12:45:16Z,"glam metal,glam rock,classic rock",UMC (Universal Music Catalogue),0.521,0.916,11,-6.822,1,0.0467,0.000249,0.00116,0.948,0.398,81.998,4
spotify:track:5yqLIi8GVKildkoL96zC9p,USMB51300063,All I Want Is Everything - 1st Draft,Slang (Deluxe Edition),Def Leppard,1996-05-14,319133,18,false,dy3capua3h7iz6vjq1bo02tbz,2024-05-21T12:45:16Z,"glam metal,glam rock,classic rock",UMC (Universal Music Catalogue),0.562,0.53,11,-11.336,0,0.0238,0.00000736,0.63,0.307,0.351,85.984,4
spotify:track:2QZznpTgdryGuAAEyQ7jm3,JPKS00700781,橙,BEST MONCHY 1 -Listening-,Chatmonchy,2018-10-31,202906,14,false,dy3capua3h7iz6vjq1bo02tbz,2025-08-01T17:39:22Z,"j-rock,j-pop",Sony Music Labels Inc.,0.426,0.599,7,-2.782,1,0.0341,0.00372,0.00187,0.124,0.595,76.881,4
spotify:track:4SOqwHdZYP4rUhTXL63bFY,JPX400600061,マイペース,SunSet Swish 5th Anniversary Complete Best,SunSet Swish,2010-12-22,265813,24,false,dy3capua3h7iz6vjq1bo02tbz,2025-08-01T18:04:04Z,anime,Sony Music Labels Inc.,0.519,0.818,9,-3.583,1,0.0322,0.304,0,0.101,0.698,95.033,4
spotify:track:3QCUBkAm13UMt3ndCIfegC,JPES00802904,Velonica -Instrumental-,Velonica -Instrumental-,Aqua Timez,2009-01-14,279560,9,false,dy3capua3h7iz6vjq1bo02tbz,2025-08-04T15:21:36Z,"anime,j-rock,j-pop",Sony Music Labels Inc.,0.461,0.883,7,-4.88,1,0.0363,0.00000636,0.668,0.141,0.598,137.011,4
spotify:track:6B2QRrVCFaWSwLi2lEtCD6,JPSR00802741,ヒトヒラのハナビラ,A Hydrangea Blooms,Stereopony,2008,213826,37,false,dy3capua3h7iz6vjq1bo02tbz,2025-08-04T15:58:27Z,"j-rock,anime,j-pop",Sony Music Records,0.653,0.878,1,-3.292,1,0.0323,0.26,0.001,0.114,0.793,140.033,4
spotify:track:5aTzTSuqEK2iEHnYStp1TJ,JPN100900081,Sky chord〜大人になる君へ〜,Sky chord〜大人になる君へ〜,Shion Tsuji,2009-02-25,264773,26,false,dy3capua3h7iz6vjq1bo02tbz,2025-08-05T15:04:19Z,anime,Sony Music Direct (Japan) Inc.,0.498,0.546,3,-4.738,1,0.0266,0.104,0.00000177,0.0728,0.568,168.181,4
spotify:track:1c68Gm0o6tcVkK7JrxJeL7,JPSR01000022,君を守って　君を愛して,サンボマスター　究極ベスト,Sambomaster,2006,288866,40,false,dy3capua3h7iz6vjq1bo02tbz,2025-08-05T20:07:17Z,"j-rock,anime,j-pop",Sony Music Labels Inc.,0.351,0.893,0,-2.608,1,0.0427,0.0000128,0,0.298,0.709,138.098,4
spotify:track:4m01J3yQEeVXYRGXG7SJEq,JPU902302371,Endroll,Endroll,Yoh kamiyama,2023-08-30,174254,24,false,dy3capua3h7iz6vjq1bo02tbz,2025-08-11T21:45:54Z,"anime,j-pop,japanese indie,j-rock",Sony Music Labels Inc.,0.467,0.84,1,-5.542,0,0.0617,0.000365,0,0.273,0.436,97.998,4
spotify:track:0MsrWnxQZxPAcov7c74sSo,USRE10401218,Holiday / Boulevard of Broken Dreams,American Idiot,Green Day,2004-09-21,493400,79,true,dy3capua3h7iz6vjq1bo02tbz,2024-05-21T12:43:34Z,"punk,pop punk",Reprise,0.29,0.827,8,-3.451,1,0.0362,0.000659,0.00000255,0.301,0.45,167.086,4
spotify:track:2QrXzOqLCVDRZHkToA0tSR,USQX91803643,Never Go Back,Never Go Back,Dennis Lloyd,2019-02-15,175424,59,false,dy3capua3h7iz6vjq1bo02tbz,2024-05-21T12:43:34Z,,Arista Records,0.421,0.653,9,-4.85,0,0.398,0.0135,0,0.114,0.733,78.6,4
spotify:track:2RcxJ7k7Xu4tiqE5gAGPJq,USUM71001801,Animal,2010 Hits,Neon Trees,2019-11-08,212400,34,false,dy3capua3h7iz6vjq1bo02tbz,2024-05-21T12:43:34Z,,UME - Global Clearing House,0.484,0.841,5,-5.484,1,0.0446,0.000277,0,0.376,0.746,148.003,4
spotify:track:6W7ztLBiRzBN46ZaPAcQ0F,USRC10300895,"(I've Had) The Time Of My Life - From ""Dirty Dancing"" Soundtrack",Dirty Dancing (Original Motion Picture Soundtrack),Bill Medley;Jennifer Warnes,1987-09-24,290333,71,false,dy3capua3h7iz6vjq1bo02tbz,2024-05-21T12:46:06Z,,RCA Records Label,0.697,0.669,6,-12.723,0,0.0406,0.0404,0.00897,0.0654,0.486,108.506,4
spotify:track:6RANU8AS5ICU5PEHh8BYtH,USMO17682655,Isn't She Lovely,Songs In The Key Of Life,Stevie Wonder,1976-09-28,394266,70,false,dy3capua3h7iz6vjq1bo02tbz,2024-05-21T12:46:06Z,"motown,classic soul,soul",UNI/MOTOWN,0.481,0.826,1,-6.974,0,0.0851,0.182,0.00352,0.324,0.819,118.679,4
spotify:track:2W8J9Gfw5q8tSvsuWSnMBl,USUMG9900476,I Just Called To Say I Love You - Single Version,The Definitive Collection,Stevie Wonder,2002-10-29,262360,56,false,dy3capua3h7iz6vjq1bo02tbz,2024-05-21T12:46:06Z,"motown,classic soul,soul",UNI/MOTOWN,0.743,0.546,1,-9.088,1,0.0237,0.213,0,0.0837,0.673,113.553,4
spotify:track:6PFyGdWw0qnstR8KJAWrrr,USUM71913548,Afterlife,Afterlife (Dickinson),Hailee Steinfeld,2019-09-19,209200,59,false,dy3capua3h7iz6vjq1bo02tbz,2024-05-21T12:46:06Z,,Republic Records,0.673,0.61,1,-4.73,0,0.0356,0.00662,0,0.0572,0.343,122.063,4
spotify:track:519sBNZbuzArspk8l1Rut4,JPQ461600418,Refrain Boy - TEKINA remix,Refrain Boy,ALL OFF,2016-08-31,266000,24,false,dy3capua3h7iz6vjq1bo02tbz,2026-06-11T15:22:37Z,"anime,j-rock",ワーナー・ホーム・ビデオ,0.575,0.668,1,-9.116,1,0.0604,0.0187,0,0.348,0.776,94.945,4
spotify:track:5rzI6Jnlhx8DgVgsOLorfW,USUG12501132,Baptized In Fear,Hurry Up Tomorrow,The Weeknd,2025-01-31,232176,73,false,dy3capua3h7iz6vjq1bo02tbz,2025-02-07T20:24:58Z,,XO / Republic Records,0.571,0.516,7,-7.567,0,0.0296,0.138,0,0.435,0.456,123.666,4
spotify:track:0sTBOp1hdayTjw6UOyPyi6,USUG12501133,Open Hearts,Hurry Up Tomorrow,The Weeknd,2025-01-31,234923,76,false,dy3capua3h7iz6vjq1bo02tbz,2025-02-07T20:25:03Z,,XO / Republic Records,0.656,0.753,7,-5.947,0,0.122,0.00353,0.000368,0.199,0.375,123.972,4
spotify:track:0fLILzjVXRCLC0lsNKcQ8I,USIR10311994,P.I.M.P. - Snoop Dogg Remix,Get Rich Or Die Tryin',50 Cent;Snoop Dogg,2003-02-06,288573,69,true,dy3capua3h7iz6vjq1bo02tbz,2023-12-29T10:30:03Z,"old school hip hop,east coast hip hop,g-funk,west coast hip hop,gangster rap,hip hop,rap",Shady Records,0.677,0.698,3,-5.793,0,0.352,0.0935,0,0.0511,0.83,78.443,4
spotify:track:62zFEHfAYl5kdHYOivj4BC,USJAY1100015,International Love (feat. Chris Brown),Planet Pit (Deluxe Version),Pitbull;Chris Brown,2011-06-17,227280,84,false,dy3capua3h7iz6vjq1bo02tbz,2023-12-29T10:30:26Z,r&b,Mr.305/Polo Grounds Music/J Records,0.67,0.855,0,-3.035,0,0.0499,0.0124,0,0.335,0.648,120.05,4
spotify:track:2tudvzsrR56uom6smgOcSf,USSM12402041,Like That,WE DON'T TRUST YOU,Future;Metro Boomin;Kendrick Lamar,2024-03-22,267706,82,true,dy3capua3h7iz6vjq1bo02tbz,2024-06-22T21:28:19Z,"rap,trap,hip hop,west coast hip hop",Wilburn Holding Co./Boominati/Epic/Republic,0.814,0.676,11,-4.67,0,0.231,0.00709,0.0000128,0.119,0.312,162.012,4
spotify:track:0wwPcA6wtMf6HUMpIRdeP7,USCM51500238,Hotline Bling,Views,Drake,2016-05-06,267066,85,false,dy3capua3h7iz6vjq1bo02tbz,2024-06-28T20:17:32Z,rap,Cash Money Records/Young Money Ent./Universal Rec.,0.891,0.628,2,-7.863,1,0.0551,0.00258,0.00019,0.0504,0.552,134.966,4
spotify:track:5YEOzOojehCqxGQCcQiyR4,USUM71601094,Panda,New English,Desiigner,2016-06-26,246761,72,true,dy3capua3h7iz6vjq1bo02tbz,2024-06-28T21:09:00Z,,Getting Out Our Dreams Inc. (G.O.O.D.) Music / IDJ,0.576,0.766,10,-4.943,0,0.449,0.0278,0.00000171,0.366,0.236,144.836,4
spotify:track:5TRPicyLGbAF2LGBFbHGvO,USUM70749095,Flashing Lights,Graduation,Kanye West;Dwele,2007-09-11,237506,90,true,dy3capua3h7iz6vjq1bo02tbz,2024-06-28T21:09:50Z,"rap,neo soul",Roc-A-Fella,0.639,0.628,6,-7.578,0,0.0398,0.0381,0,0.386,0.43,90.482,4
spotify:track:4xkOaSrkexMciUUogZKVTS,USIR10211066,Till I Collapse,The Eminem Show,Eminem;Nate Dogg,2002-05-26,297786,86,true,dy3capua3h7iz6vjq1bo02tbz,2024-06-28T21:09:52Z,"rap,hip hop,g-funk,west coast hip hop,old school hip hop",Eminem Catalog PS,0.548,0.847,1,-3.237,1,0.186,0.0622,0,0.0816,0.1,171.447,4
spotify:track:6OtCIsQZ64Vs1EbzztvAv4,USUM70999110,Good Life,Waking Up,OneRepublic,2009-01-01,253306,44,true,dy3capua3h7iz6vjq1bo02tbz,2024-10-07T11:41:31Z,,Mosley / Interscope,0.634,0.69,6,-7.804,1,0.052,0.0771,0,0.132,0.645,94.988,4
spotify:track:0Oa9mHOnH14GZ4toWwkf4c,USAT21700489,Good Life (with G-Eazy & Kehlani),Good Life (with G-Eazy & Kehlani),G-Eazy;Kehlani,2017-03-17,225520,75,false,dy3capua3h7iz6vjq1bo02tbz,2024-10-07T11:41:54Z,,Artist Partner,0.572,0.778,1,-5.208,1,0.233,0.00638,0,0.0563,0.54,168.073,4
spotify:track:3IQF4xCQUPicbA4hWfTxPo,USUM71301307,I Lived,Native,OneRepublic,2013-01-01,234546,79,false,dy3capua3h7iz6vjq1bo02tbz,2024-10-07T11:42:55Z,,Mosley / Interscope,0.593,0.85,9,-5.456,1,0.0447,0.0678,0,0.271,0.344,119.984,4
spotify:track:0Hf4aIJpsN4Os2f0y0VqWl,USRC11201328,Feel This Moment (feat. Christina Aguilera),Global Warming: Meltdown (Deluxe Version),Pitbull;Christina Aguilera,2012,229500,84,false,dy3capua3h7iz6vjq1bo02tbz,2024-10-07T11:45:57Z,,Mr.305/Polo Grounds Music/RCA Records,0.673,0.758,7,-3.632,1,0.158,0.039,0,0.341,0.542,135.956,4
spotify:track:1gv4xPanImH17bKZ9rOveR,USLF21000090,Raise Your Glass,Raise Your Glass,P!nk,2010-10-05,202960,79,true,dy3capua3h7iz6vjq1bo02tbz,2024-10-07T11:46:04Z,,LaFace Records,0.7,0.709,7,-5.006,1,0.0838,0.0048,0,0.029,0.624,122.019,4
spotify:track:2fQxE0jVrjNMT9oJAXtSJR,USUM71113573,Domino,Who You Are (Platinum Edition),Jessie J,2011-01-01,231840,79,false,dy3capua3h7iz6vjq1bo02tbz,2024-10-07T11:53:53Z,,Lava Music/Republic Records,0.758,0.557,7,-4.568,1,0.034,0.0117,0,0.0418,0.781,126.986,4
spotify:track:47Slg6LuqLaX0VodpSCvPt,USAT21001269,Just the Way You Are,Doo-Wops & Hooligans,Bruno Mars,2010-05-11,220734,83,false,dy3capua3h7iz6vjq1bo02tbz,2024-10-07T11:54:37Z,,Elektra (NEK),0.635,0.841,5,-5.379,1,0.0422,0.0134,0,0.0622,0.424,109.021,4
spotify:track:386RUes7n1uM1yfzgeUuwp,USAT21001886,The Lazy Song,Doo-Wops & Hooligans,Bruno Mars,2010-05-11,189109,84,false,dy3capua3h7iz6vjq1bo02tbz,2024-10-07T11:55:31Z,,Elektra (NEK),0.794,0.711,8,-5.124,0,0.0699,0.3,0,0.0955,0.955,174.915,4
spotify:track:36phXHOKx8rO7CMp2vNX4x,USUM71510716,Love Myself,HAIZ,Hailee Steinfeld,2016-02-26,218773,71,false,dy3capua3h7iz6vjq1bo02tbz,2024-10-07T11:57:30Z,,Universal Records,0.617,0.759,0,-6.785,0,0.0678,0.0026,0,0.419,0.324,122.924,4
spotify:track:6dVZCbi9CYtD9LjAHXRjIG,USSM11704884,Mask Off (feat. Kendrick Lamar) - Remix,FUTURE,Future;Kendrick Lamar,2017-06-30,258426,63,true,dy3capua3h7iz6vjq1bo02tbz,2023-09-07T13:41:33Z,"rap,trap,hip hop,west coast hip hop",Epic/Freebandz/A1,0.72,0.424,2,-11.964,1,0.387,0.0122,0.0126,0.453,0.228,150.01,4
spotify:track:4XIbwpfVtNaLwqfjmt73gZ,ARIXB2305409,Hot Girl Bummer (TikTok Sped Up) - Remix,Hot Girl Bummer (TikTok Sped Up Remix),Music Factory,2023-04-19,159933,0,false,dy3capua3h7iz6vjq1bo02tbz,2023-09-07T13:47:40Z,,DJ Muppet Music Factory,0.706,0.587,9,-7.403,0,0.0691,0.126,0,0.444,0.808,152.305,1
spotify:track:4ZLzoOkj0MPWrTLvooIuaa,USSM11808093,Get You The Moon (feat. Snøw),Get You The Moon (feat. Snøw),Kina;Snøw,2018-10-08,179080,75,false,dy3capua3h7iz6vjq1bo02tbz,2023-09-15T17:58:32Z,,Columbia,0.498,0.235,1,-16.541,0,0.188,0.72,0,0.144,0.0895,118.917,4
spotify:track:1XGmzt0PVuFgQYYnV2It7A,USUM71203347,Payphone,Overexposed Track By Track,Maroon 5;Wiz Khalifa,2012-01-01,231173,89,true,dy3capua3h7iz6vjq1bo02tbz,2026-05-22T07:03:47Z,pop,Interscope Records*,0.743,0.752,4,-4.813,1,0.0414,0.0188,0,0.287,0.545,110.015,4
spotify:track:6bVIzKJOhSTD2Pw1cbLhBr,GBUM72006262,Winter Song,Winter Song,Sam Fender,2020-11-24,254437,36,false,dy3capua3h7iz6vjq1bo02tbz,2024-05-21T12:46:52Z,,Polydor Records,0.314,0.309,2,-3.809,1,0.0312,0.855,0.00000471,0.123,0.215,171.132,3
spotify:track:1ogRu1dOUgHvel8To8oQbe,QMJMT1400574,Wicked Ones,ROCKISDEAD,Dorothy,2016-06-24,172516,58,false,dy3capua3h7iz6vjq1bo02tbz,2024-05-21T12:46:52Z,southern gothic,Roc Nation / Roc Nation Artists - Caroline,0.587,0.635,5,-5.47,1,0.0377,0.0353,0,0.331,0.591,96.519,4
spotify:track:7xRCI09NXbLPPLknmdz0zz,AUIYC1300005,My Own,Wichita,Whitaker,2013-11-22,318813,40,false,dy3capua3h7iz6vjq1bo02tbz,2024-05-21T12:46:52Z,,Whitaker,0.235,0.293,5,-13.193,1,0.0521,0.731,0.005,0.318,0.247,63.734,4
spotify:track:46lFttIf5hnUZMGvjK0Wxo,USAT21404265,Runaway (U & I),Pharmacy,Galantis,2015-06-05,227073,81,false,dy3capua3h7iz6vjq1bo02tbz,2026-04-27T18:39:49Z,,Big Beat Records/Atlantic,0.506,0.805,1,-4.119,1,0.0469,0.00711,0.00193,0.0856,0.383,126.008,4
spotify:track:42VsgItocQwOQC3XWZ8JNA,USSM12305010,FE!N (feat. Playboi Carti),UTOPIA,Travis Scott;Playboi Carti,2023-07-28,191700,85,true,dy3capua3h7iz6vjq1bo02tbz,2024-07-01T13:36:09Z,"rap,rage rap",Cactus Jack/Epic,0.569,0.882,3,-2.777,0,0.06,0.0316,0,0.142,0.201,148.038,4
spotify:track:3SIRBp4RRQ2AO5H4NO7xfq,QZ7XS2400011,VULTURES,VULTURES 1,¥$;Kanye West;Ty Dolla $ign;Lil Durk;Bump J,2024-02-09,276986,0,true,dy3capua3h7iz6vjq1bo02tbz,2024-07-01T13:37:11Z,"rap,trap soul,chicago drill,drill",Ye,0.705,0.681,1,-4.256,0,0.192,0.0534,0,0.141,0.485,146.118,4
spotify:track:7sO5G9EABYOXQKNPNiE9NR,QZ45A1700064,Ric Flair Drip (with Metro Boomin),Without Warning,Offset;Metro Boomin,2017-10-30,172800,84,true,dy3capua3h7iz6vjq1bo02tbz,2024-07-04T20:15:25Z,,"Slaughter Gang, LLC/Epic/Quality Control Music/Motown/Capitol/Boominati Worldwide/Republic",0.88,0.428,9,-8.28,1,0.206,0.149,0.0000505,0.114,0.333,100.007,4
spotify:track:4kjI1gwQZRKNDkw1nI475M,USSM12305007,MY EYES,UTOPIA,Travis Scott,2023-07-28,251249,81,true,dy3capua3h7iz6vjq1bo02tbz,2024-07-04T20:17:32Z,rap,Cactus Jack/Epic,0.455,0.621,0,-7.694,0,0.0517,0.651,0.00000259,0.123,0.28,119.043,4
spotify:track:503OTo2dSqe7qk76rgsbep,USIR19905031,Still D.R.E.,2001,Dr. Dre;Snoop Dogg,1999-11-16,270586,85,true,dy3capua3h7iz6vjq1bo02tbz,2024-07-04T20:19:03Z,"old school hip hop,g-funk,gangster rap,west coast hip hop,hip hop,rap",Aftermath,0.816,0.775,11,-3.323,1,0.234,0.16,0.00031,0.0543,0.527,93.431,4
spotify:track:2eAZfqOm4EnOF9VvN50Tyc,USAT21703429,The Way Life Goes (feat. Oh Wonder),Luv Is Rage 2,Lil Uzi Vert;Oh Wonder,2017-08-25,221746,81,true,dy3capua3h7iz6vjq1bo02tbz,2024-07-04T20:19:23Z,"melodic rap,rage rap",Generation Now/Atlantic,0.703,0.757,1,-3.612,1,0.05,0.617,0,0.106,0.696,82.008,4
spotify:track:2Zk3NTeP14Mc0Ub8xemjT4,QZK6L2151249,In The Dark,"The Occult Series, Vol. 2",Bleed The Wicked Menace,2021-07-24,67220,1,true,dy3capua3h7iz6vjq1bo02tbz,2024-07-04T20:31:20Z,"trap metal,horrorcore",Murderistic Ent.,0.72,0.457,11,-10.69,1,0.0889,0.0193,0.000126,0.0838,0.0377,119.94,4
spotify:track:2biZJ6YK8Pz1bUby8VDV3Q,QZNWR2293683,MISA MISA!,MISA MISA!,CORPSE;Scarlxrd;Kordhell,2022-08-26,85894,60,true,dy3capua3h7iz6vjq1bo02tbz,2024-07-04T20:33:59Z,"trap metal,horrorcore,rap metal,emo rap,phonk,drift phonk",Corpse x Scarlxrd x Kordhell,0.672,0.981,1,-1.252,1,0.181,0.0302,0.0000236,0.648,0.694,95.014,4
spotify:track:36gmehPRUortY6l0bO4DUX,QZDA51923697,Idontflinch,Idontflinch,Witchouse 40k,2019-01-02,159210,0,true,dy3capua3h7iz6vjq1bo02tbz,2024-07-04T20:36:05Z,"trap metal,horrorcore,witch house",Hellhound Militia,0.663,0.515,1,-9.437,1,0.2,0.00591,0,0.183,0.163,160.075,4
spotify:track:6Dg1VW25HQVh6dDPm3WGH0,QZHNA2022979,Gimme a Second,Desperate (For) Humanity,Saliva Grey,2020-07-24,115321,63,true,dy3capua3h7iz6vjq1bo02tbz,2024-07-04T20:38:52Z,"trap metal,horrorcore",187 Collective,0.66,0.724,1,-6.106,1,0.206,0.0382,0,0.0526,0.219,151.911,4
spotify:track:1nQwi9UGdNeN1FyzGE7jDt,QZAPK1800014,JOAN OF ARC,Goodnight Lovell,Night Lovell;$uicideboy$,2019-02-22,145202,67,true,dy3capua3h7iz6vjq1bo02tbz,2024-07-04T20:39:13Z,"emo rap,horrorcore,trap metal,cloud rap,underground hip hop",G59 Records,0.906,0.685,1,-2.955,1,0.0382,0.00374,0.00179,0.21,0.0391,124.065,4
spotify:track:4E2SrUpRFBtDWMKlWvceta,QZFZ52052994,Wtf U Mean (feat. Freddie Dredd),Wtf U Mean (feat. Freddie Dredd),HAARPER;Freddie Dredd,2020-02-29,118034,58,true,dy3capua3h7iz6vjq1bo02tbz,2024-07-04T20:39:31Z,"trap metal,drift phonk,horrorcore,phonk",CREW RECORDS / EMPIRE,0.802,0.831,0,-3.825,1,0.0459,0.0849,0.304,0.0926,0.967,144.927,4
spotify:track:5nhSnwz8jXp3zMXBxHEIW5,QZES72103356,993,993,Witchouse 40k;Warlord Colossus,2021-04-03,154022,0,true,dy3capua3h7iz6vjq1bo02tbz,2024-07-04T20:40:13Z,"trap metal,horrorcore,witch house",Hellhound Militia,0.874,0.834,11,-6.159,1,0.27,0.0876,0,0.11,0.341,109.933,4
spotify:track:5KcKUpTEHMfcoAps9d5BvY,GB2LD0901988,Invincible,Invincible,Deaf Kev,2015-05-14,279600,3,false,dy3capua3h7iz6vjq1bo02tbz,2024-07-24T19:04:29Z,,NCS,0.56,0.97,5,-2.858,0,0.051,0.000154,0.718,0.0763,0.269,100.09,4
spotify:track:0nzM2EjruLiTFWnCIGimFk,QZVFR2300605,"Let's Ride (feat. YG, Ty Dolla $ign, Lambo4oe) - Trailer Anthem",LET'S RIDE! (Drift Phonk),YG;The Notorious B.I.G.;Bone Thugs-N-Harmony;Fast & Furious: The Fast Saga;Ty Dolla $ign;Lambo4oe,2023-02-10,147778,21,false,dy3capua3h7iz6vjq1bo02tbz,2024-08-17T15:51:26Z,"hyphy,old school hip hop,gangster rap,east coast hip hop,hip hop,g-funk,phonk,drift phonk,trap soul",APG Inc – FF10,0.49,0.535,5,-8.998,0,0.102,0.0436,0.000322,0.128,0.323,127.806,5
spotify:track:6HseMEzSf4mxnUem0O1hJp,QZJ842401977,TILL I DIE,TILL I DIE,SXMPRA;1nonly,2024-07-26,199314,43,true,dy3capua3h7iz6vjq1bo02tbz,2024-08-31T07:16:18Z,"phonk,drift phonk,trap metal",SXMPRA LIMITED / 10K Projects,0.776,0.914,10,-3.427,0,0.112,0.0261,0.0506,0.0759,0.531,149.989,4
spotify:track:68IkI6ttYOzNyS5iW2Zx70,USUG12403447,Fuel - Shady Edition,The Death of Slim Shady (Coup De Grâce): Expanded Mourner’s Edition,Eminem;WESTSIDE BOOGIE;GRIP,2024-09-13,290422,52,true,dy3capua3h7iz6vjq1bo02tbz,2024-10-11T13:41:59Z,"rap,hip hop",Shady/Aftermath/Interscope Records,0.847,0.692,1,-6.022,1,0.206,0.064,0,0.0966,0.101,137.997,4
spotify:track:4oeUol0xLGJYCmiPypgUvi,USLD91750653,First Day Out (Freestyle) Pt. 2,First Day Out (Freestyle) Pt. 2,Rundown Spaz,2023-09-05,197459,0,true,dy3capua3h7iz6vjq1bo02tbz,2024-01-25T14:14:47Z,,Tha Lights Global,0.896,0.425,0,-8.1,1,0.495,0.0114,0,0.121,0.281,135.031,4
spotify:track:4qW3BbQAwZsrnu8a3ZRdyT,QZHN52696246,Self Aware,Self Aware,Temper City,2026-02-15,180740,97,false,,2026-10-04T06:28:26Z,,Temper City under exclusive license to Thirty Knots,0.612,0.643,9,-3.562,0,0.0313,0.169,0,0.0796,0.398,162.007,4
spotify:track:1SGt65i9AnXYdDQt1AtDRH,USSM11500911,3500 (feat. Future & 2 Chainz),Rodeo,Travis Scott;Future;2 Chainz,2015-09-04,461840,68,true,,2026-10-04T06:28:26Z,"rap,trap,southern hip hop",Cactus Jack / Epic,0.781,0.595,8,-6.069,0,0.155,0.113,0.00000248,0.13,0.338,123.973,4
spotify:track:7fVewSzARXzDc7K4lCTdr4,JPB601800285,PAiNT it BLACK,BiSH THE BEST,BiSH,2023-06-28,231346,49,false,,2026-10-04T06:28:26Z,"anime,j-rock,j-pop",avex trax,0.484,0.949,7,-1.754,1,0.0497,0.00193,0.00101,0.119,0.426,105.007,4
spotify:track:09TClHtiAyKKJFBwJWBL1u,TCJPU2365522,HARUKAMIRAI last page. - original edit ver.,HARUKAMIRAI last page. (original edit ver.),KANKAKU PIERO,2023-03-14,284837,51,false,dy3capua3h7iz6vjq1bo02tbz,2025-08-01T17:58:54Z,"anime,j-rock",JIJI INC.,0.267,0.972,9,-3.214,1,0.149,0.00435,0,0.118,0.221,182.001,4
spotify:track:4hPpVbbakQNv8YTHYaOJP4,US6XF1800275,One Thing Right,One Thing Right,Marshmello;Kane Brown,2019-06-21,181823,19,false,dy3capua3h7iz6vjq1bo02tbz,2024-05-21T12:41:05Z,"edm,country,pop country",RCA Records Label Nashville,0.659,0.625,4,-2.253,1,0.045,0.0644,0,0.582,0.442,88.042,4
spotify:track:12Fkyg9lpmaz2zmKOfw2Y2,USUM71915729,On The Road (feat. Meek Mill & Lil Baby),Hollywood's Bleeding,Post Malone;Meek Mill;Lil Baby,2019-09-06,218320,68,true,dy3capua3h7iz6vjq1bo02tbz,2024-05-21T12:41:05Z,rap,Republic Records,0.441,0.737,7,-5.053,1,0.11,0.059,0,0.102,0.22,112.93,5
spotify:track:5KE9b4x7Zj2A8XtbkqhqTe,USUM71915728,Staring At The Sun (feat. SZA),Hollywood's Bleeding,Post Malone;SZA,2019-09-06,168280,66,true,dy3capua3h7iz6vjq1bo02tbz,2024-05-21T12:41:05Z,r&b,Republic Records,0.724,0.772,6,-4.389,0,0.184,0.248,0,0.308,0.347,95.073,4
spotify:track:0Q9vbV7G2Q6lts13nY9YGP,USUM71704114,HOLD ME TIGHT OR DON’T,MANIA,Fall Out Boy,2018-01-19,210360,58,false,dy3capua3h7iz6vjq1bo02tbz,2024-05-21T12:41:05Z,"emo,pop punk",Island Records,0.582,0.925,6,-4.363,0,0.0523,0.00695,0.00000308,0.108,0.788,95.988,4
spotify:track:1d0YPdf2S9muoxcxLKzfJC,GBCFZ1400054,Nobody To Love - Extended Mix,Life (Deluxe),Sigma,2015-12-04,250363,54,false,dy3capua3h7iz6vjq1bo02tbz,2024-05-21T12:41:05Z,drum and bass,All Around The World,0.434,0.922,8,-5.938,1,0.0538,0.000441,0.00019,0.0605,0.178,175.008,4
spotify:track:2Lv9FudgITbthtKK1B5wxY,SEYQH1400102,Slå mig hårt i ansiktet,Fulkultur,Thomas Stenström,2014-10-08,211360,5,false,dy3capua3h7iz6vjq1bo02tbz,2024-05-21T12:41:05Z,swedish pop,Roxy Recordings,0.528,0.88,1,-6.155,1,0.0367,0.0548,0.000263,0.342,0.704,157.893,4
spotify:track:67awxiNHNyjMXhVgsHuIrs,USSM11308174,Turn Down for What,Turn Down for What,DJ Snake;Lil Jon,2013-12-18,213733,73,false,dy3capua3h7iz6vjq1bo02tbz,2024-05-21T12:41:05Z,crunk,Columbia,0.818,0.799,1,-4.1,0,0.156,0.00107,0.128,0.057,0.0815,100.014,4
spotify:track:2srTtSrzY4n10C7abVTrBm,GBUM71003721,Dynamite,Rokstarr,Taio Cruz,2010-01-01,203866,61,false,dy3capua3h7iz6vjq1bo02tbz,2024-05-21T12:41:05Z,,Universal-Island Records Ltd.,0.755,0.806,4,-3.177,1,0.0841,0.00338,0,0.033,0.851,119.971,4
spotify:track:7lMIJ4EFWRVoAIPDpeGyM3,ITT019810115,Blue (Da Ba Dee) - Gabry Ponte Video Edit,Blue (Da Ba Dee),Eiffel 65;Gabry Ponte,1998-11-11,219618,74,false,dy3capua3h7iz6vjq1bo02tbz,2024-05-21T12:41:05Z,"italo dance,eurodance,europop,slap house",Hits Only,0.829,0.965,7,-11.498,0,0.0598,0.227,0.000122,0.466,0.729,127.999,4
spotify:track:7CvtNkJr6V8KSZ5drTVEif,USUM71204501,She Will Be Loved - Radio Mix,Songs for the Car,Maroon 5,2020-10-16,257826,15,false,dy3capua3h7iz6vjq1bo02tbz,2024-05-21T12:41:05Z,pop,UME - Global Clearing House,0.699,0.71,0,-5.525,0,0.0295,0.0588,0,0.134,0.557,102.06,4
spotify:track:7h2nmmoWDi2UpfYKLKWLYB,US23A1500468,Sunflower,Sunflower,Rex Orange County,2017-03-22,252230,76,true,dy3capua3h7iz6vjq1bo02tbz,2024-05-21T12:41:05Z,bedroom pop,Rex Orange County,0.548,0.765,6,-4.463,1,0.0525,0.646,0.00378,0.522,0.573,129.933,4
spotify:track:4VaY2XLQi9ztmiLxJGjs4E,USRE11600605,Good Riddance (Time of Your Life),Nimrod (25th Anniversary Edition),Green Day,2023-01-27,153998,41,true,dy3capua3h7iz6vjq1bo02tbz,2024-05-21T12:41:05Z,"punk,pop punk",Reprise,0.339,0.435,7,-8.017,1,0.0318,0.29,0,0.0789,0.627,94.894,4
spotify:track:225xvV8r1yKMHErSWivnow,USSM19801545,"I Don't Want to Miss a Thing - From ""Armageddon"" Soundtrack",Armageddon - The Album,Aerosmith,1998-06-23,298760,77,false,dy3capua3h7iz6vjq1bo02tbz,2024-05-21T12:41:06Z,"classic rock,rock",Columbia/Sony Music Soundtrax,0.383,0.662,2,-5.162,1,0.0333,0.165,0,0.248,0.138,121.154,4
spotify:track:2EPvkwP4Djr1s59GxAh8tO,GBUM72000092,Love I’m Given,Brightest Blue,Ellie Goulding,2020-07-16,209240,43,false,dy3capua3h7iz6vjq1bo02tbz,2024-05-21T12:41:06Z,,Polydor Records,0.517,0.805,1,-4.897,0,0.0867,0.152,0,0.0714,0.753,140.128,4
spotify:track:2jDSHreIfrzWbfPFVMw9P1,USUM72015314,Supernova (tigers blud),Supernova (tigers blud),Kat Cunning,2020-08-21,196392,39,false,dy3capua3h7iz6vjq1bo02tbz,2024-05-21T12:41:06Z,,Republic Records,0.571,0.71,11,-6.849,0,0.0711,0.0605,0,0.111,0.294,137.829,4
spotify:track:0lQtXW4Z68sZ0pKbcwQrs5,GB2LD0901839,Lovers,Lovers,LarsM,2015-01-11,288475,0,false,dy3capua3h7iz6vjq1bo02tbz,2024-05-21T12:45:35Z,,NCS,0.643,0.506,2,-7.574,1,0.0329,0.14,0.00002,0.159,0.26,125.016,4
spotify:track:2RQWB4Asy1rjZL4IUcJ7kn,GB2LD0901832,Symbolism,Symbolism,Electro-Light,2014-11-27,293300,1,false,dy3capua3h7iz6vjq1bo02tbz,2024-05-21T12:45:35Z,,NCS,0.555,0.782,4,-7.967,1,0.0469,0.171,0.806,0.0703,0.419,169.966,4
spotify:track:3epyr9mnpzp0WWCA7ZS1Za,QZDA82306281,Pixel World,Pixel World,ColBreakz,2023-02-28,244687,11,false,dy3capua3h7iz6vjq1bo02tbz,2024-05-21T12:45:35Z,"dubstep,drumstep",ColBreakz,0.735,0.85,7,-1.832,1,0.481,0.00645,0.0599,0.0294,0.726,127.953,4
spotify:track:0euyZh7zSUmpNXVpVBdcN2,GBSMU1971852,Candyland,Candyland,Tobu,2015-02-09,200639,60,false,dy3capua3h7iz6vjq1bo02tbz,2026-05-31T22:51:59Z,,Tobu,0.688,0.867,4,-4.182,1,0.0393,0.0485,0.00118,0.469,0.301,128.003,4
spotify:track:4Uhty1kvytzqhwoLO2CVoi,TCABS1341023,Flight,Flight,Tristam;Braken,2013-02-16,219428,54,false,dy3capua3h7iz6vjq1bo02tbz,2026-05-31T22:56:23Z,"drumstep,dubstep,edm,chillstep",Onyx Four,0.433,0.758,2,-5.736,1,0.662,0.0409,0.0000264,0.102,0.22,87.402,4
spotify:track:6uJONCdr2rC65BNmCnTBWK,USSM11914990,GANG GANG,JACKBOYS,JACKBOYS;Sheck Wes,2019-12-27,244760,66,true,dy3capua3h7iz6vjq1bo02tbz,2024-02-06T08:03:17Z,,Cactus Jack/Epic,0.859,0.6,7,-4.63,0,0.301,0.071,0,0.353,0.568,123.017,4
spotify:track:6pcywuOeGGWeOQzdUyti6k,USSM12006061,Glock In My Lap,SAVAGE MODE II,21 Savage;Metro Boomin,2020-10-02,193591,76,true,dy3capua3h7iz6vjq1bo02tbz,2024-02-06T08:03:30Z,,"Slaughter Gang, LLC/Epic/Boominati Worldwide/Republic",0.847,0.733,10,-6.439,0,0.16,0.00574,0.0000104,0.151,0.202,130.029,4
spotify:track:3ruoIF2UnoXdzK8mR61ebq,USSM12005348,Rich Nigga Shit (feat. Young Thug),SAVAGE MODE II,21 Savage;Metro Boomin;Young Thug,2020-10-02,190331,77,true,dy3capua3h7iz6vjq1bo02tbz,2024-02-06T08:03:40Z,"rap,melodic rap,trap","Slaughter Gang, LLC/Epic/Boominati Worldwide/Republic",0.825,0.733,1,-5.625,0,0.0969,0.349,0,0.112,0.62,97.974,4
spotify:track:6ZthdsKjWtiCxnxbhs74vF,QZ5FA1751845,Drip or Drown,Drip or Drown,Gunna,2017-11-30,126168,73,true,dy3capua3h7iz6vjq1bo02tbz,2024-02-06T08:03:42Z,melodic rap,300 Entertainment,0.952,0.478,5,-8.52,0,0.361,0.774,0,0.112,0.568,118.008,4
spotify:track:1BzXvBpIFWJgu0P8P6xmP4,USUM72205221,Stick (with JID & J. Cole feat. Kenny Mason & Sheck Wes),D-Day: A Gangsta Grillz Mixtape,Dreamville;JID;J. Cole;Kenny Mason;Sheck Wes,2022-03-31,309322,59,true,dy3capua3h7iz6vjq1bo02tbz,2024-02-15T13:07:13Z,rap,Dreamville/Interscope Records,0.671,0.857,7,-5.435,1,0.292,0.266,0,0.668,0.597,118.574,4
spotify:track:0n9sF4nOMkeBiAhjFQyyct,QZMEQ2279658,Attack Mode,Attack Mode,Jmattson,2022-08-19,128884,25,true,dy3capua3h7iz6vjq1bo02tbz,2024-05-21T12:43:47Z,"trap metal,horrorcore",1202227 Records DK2,0.626,0.876,11,-5.82,1,0.0684,0.0981,0.0182,0.0864,0.0755,91.977,4
spotify:track:5jS8NWRE77LVJm9mCbpamU,USUM71711777,Whatever It Takes - Miss Congeniality Remix,Whatever It Takes (Miss Congeniality Remix),Imagine Dragons;Miss Congeniality,2017-11-17,346586,41,false,dy3capua3h7iz6vjq1bo02tbz,2024-05-21T12:43:31Z,,Kid Ina Korner / Interscope,0.563,0.803,10,-3.864,0,0.0615,0.00306,0.0000119,0.29,0.426,134.896,4
spotify:track:7BNDyzwDboNRR2wmd7GSew,GBUM71306498,Of The Night,All This Bad Blood,Bastille,2013-01-01,214205,60,false,dy3capua3h7iz6vjq1bo02tbz,2024-05-21T12:43:31Z,,EMI (Virgin),0.67,0.829,5,-7.2,0,0.0427,0.0192,0.000225,0.089,0.349,125.01,4
spotify:track:4HXOBjwv2RnLpGG4xWOO6N,GBAYE1101184,Princess of China,Mylo Xyloto,Coldplay;Rihanna,2011-10-24,239215,73,false,dy3capua3h7iz6vjq1bo02tbz,2024-05-21T12:43:31Z,,Parlophone UK,0.42,0.69,9,-6.221,0,0.0347,0.00385,0.015,0.287,0.237,85.014,4
spotify:track:0lsRatBUs9HNIZAmoGABzk,QZ47A1800201,Trampoline,MELT,SHAED,2018-09-21,184060,1,false,dy3capua3h7iz6vjq1bo02tbz,2024-05-21T12:43:31Z,,Photo Finish Records,0.689,0.412,7,-7.523,0,0.0301,0.488,0.00016,0.0659,0.537,126.754,4
spotify:track:5WviY1GAFIfGw6EgqtCQk2,DEN061701476,Losing Sleep - Sebastien Remix,Losing Sleep (Sebastien Remix),Tom Gregory;Sebastien,2018-03-16,190956,39,false,dy3capua3h7iz6vjq1bo02tbz,2024-05-21T12:40:49Z,tropical house,Kontor Records,0.835,0.676,2,-5.537,1,0.0371,0.141,0,0.369,0.73,114.98,4
spotify:track:3B4cjvGlPvyBLNG3AzEgkZ,USAT22600117,E85,OCTANE,Don Toliver,2026-01-30,153181,88,true,dy3capua3h7iz6vjq1bo02tbz,2026-04-01T15:47:36Z,,CactusJack/Donnway/ATL,0.556,0.714,11,-4.43,0,0.0418,0.0463,0,0.822,0.332,131.992,4
spotify:track:16yVaWo0Gmvs2wlnmJbcH7,USAT22600125,Call Back,OCTANE,Don Toliver,2026-01-30,123840,80,true,dy3capua3h7iz6vjq1bo02tbz,2026-08-10T12:40:38Z,,CactusJack/Donnway/ATL,0.843,0.735,11,-3.971,1,0.0452,0.0962,0,0.179,0.432,124.941,4
spotify:track:7dt6x5M1jzdTEt8oCbisTK,USUM71805170,Better Now,beerbongs & bentleys,Post Malone,2018-04-27,231266,83,true,dy3capua3h7iz6vjq1bo02tbz,2024-05-21T12:48:47Z,,Republic Records,0.674,0.578,10,-5.804,1,0.0408,0.331,0,0.135,0.34,145.07,4
spotify:track:1kO0IdlNRBL3EUooAFZdwF,SEAME8878132,Listen to Your Heart - Swedish Single Edit,The 30 Biggest Hits XXX,Roxette,2014-11-03,314893,30,false,dy3capua3h7iz6vjq1bo02tbz,2024-05-21T12:48:47Z,swedish pop,Parlophone Sweden,0.395,0.595,1,-5.93,0,0.0305,0.223,0,0.0881,0.331,172.037,4
spotify:track:2vwqOagUdKs4iPG4awFt7Y,GBUM71029604,Bohemian Rhapsody - Remastered 2011,A Night At The Opera (Deluxe Edition 2011 Remaster),Queen,1975-11-21,354320,16,false,dy3capua3h7iz6vjq1bo02tbz,2024-05-21T12:48:47Z,"classic rock,rock,glam rock",EMI,0.411,0.404,0,-9.928,0,0.0511,0.271,0,0.3,0.226,71.068,4
spotify:track:4mNGNMcsoMS6F9SGycmHWM,USUR10301221,Lonely,Heartbreakers,Akon,2007-01-01,235493,51,false,dy3capua3h7iz6vjq1bo02tbz,2024-05-21T12:48:47Z,,Universal Music Group International,0.624,0.572,5,-7.531,0,0.0352,0.322,0,0.314,0.57,90.067,4
spotify:track:7n3u7RrzdXGVcclBEp9aSa,USUG12002754,Patience,Patience,Chris Cornell,2020-07-20,253120,53,false,dy3capua3h7iz6vjq1bo02tbz,2024-05-21T12:49:13Z,grunge,UMe Direct 2,0.597,0.646,6,-7.378,0,0.0344,0.28,0,0.111,0.364,126.951,4
spotify:track:08Om4kly8Qc3a1eBOQlkee,GBCEE0700016,Love Of My Life - Live,Queen Rock Montreal,Queen,2007-10-09,236573,19,false,dy3capua3h7iz6vjq1bo02tbz,2024-05-21T12:49:13Z,"classic rock,rock,glam rock",EMI,0.285,0.28,2,-13.749,1,0.0407,0.782,0.00000201,0.952,0.188,170.998,4
spotify:track:573latfTMO7SpGtStVrQx5,USRC11201574,Harlem,A Bad Girl In Harlem,New Politics,2013-05-17,163626,54,false,dy3capua3h7iz6vjq1bo02tbz,2024-05-21T12:49:13Z,,RCA Records Label,0.603,0.952,6,-3.699,1,0.0947,0.00189,0.000445,0.317,0.588,133.97,4
spotify:track:3RN4LLG5HMIRbSQCQ6tnXM,USMC19858327,You Get What You Give,NOW 90's Generation Hits,New Radicals,2019-12-13,300034,10,false,dy3capua3h7iz6vjq1bo02tbz,2024-05-21T12:49:13Z,,UME - Global Clearing House,0.618,0.932,2,-3.514,1,0.0321,0.17,0,0.11,0.747,113.978,4
spotify:track:76pllrWpfiCoLGhijQBYhO,USDJ20301204,You Are My Sunshine,Unearthed,Johnny Cash,2003-01-01,196733,55,false,dy3capua3h7iz6vjq1bo02tbz,2024-05-21T12:49:13Z,"classic country,outlaw country,country",American Recordings Catalog P&D,0.421,0.257,9,-15.478,1,0.0893,0.842,0.00000107,0.529,0.56,89.787,4
spotify:track:3JgMnAaWtzbGFXrd8rNq9W,GBAKW0100293,(I Wish I Knew How It Would Feel To Be) Free / One - Medley,Greatest Hits,Lighthouse Family,2002-01-01,317000,30,false,dy3capua3h7iz6vjq1bo02tbz,2024-05-21T12:49:13Z,,Polydor Records,0.668,0.552,1,-9.573,1,0.0247,0.375,0.00000171,0.111,0.344,98.278,4
spotify:track:3m7V717IKZqZLW5qUIOxdD,GBAYE0900596,Hey Jude - Remastered 2009,The Beatles 1967 - 1970 (Remastered),The Beatles,1973-04-02,431333,76,false,dy3capua3h7iz6vjq1bo02tbz,2024-05-21T12:49:13Z,"classic rock,psychedelic rock",EMI Catalogue,0.399,0.555,10,-10.156,1,0.0259,0.0275,0.0000133,0.0928,0.663,145.164,4
spotify:track:6KmJMlyPp0rPR7LloToCaF,GBAJE7000076,Black Sabbath - 2009 Remaster,Black Sabbath,Black Sabbath,1970-02-13,380400,60,false,dy3capua3h7iz6vjq1bo02tbz,2024-05-21T12:49:26Z,"metal,heavy metal,rock,stoner rock,doom metal,hard rock",Sanctuary Records,0.326,0.506,2,-10.597,1,0.0393,0.0921,0.0659,0.159,0.105,133.527,4
spotify:track:4KDKoOYAnLnR7Tek17eD02,GBUM71501272,Ties,Communion (Deluxe),Olly Alexander (Years & Years),2015-07-10,226800,42,false,dy3capua3h7iz6vjq1bo02tbz,2024-05-21T12:49:26Z,,Polydor Records,0.536,0.732,1,-5.394,0,0.0391,0.208,0.00000218,0.0988,0.673,167.972,4
spotify:track:7f8fIUg4Dgch0I8wjSpkFa,USRC10200080,Can't Help Falling In Love,The Essential Elvis Presley,Elvis Presley,2007,182116,37,false,dy3capua3h7iz6vjq1bo02tbz,2024-05-21T12:49:26Z,"rockabilly,rock and roll",SBME Strategic Marketing Group,0.455,0.331,2,-11.076,1,0.0265,0.895,0.00000794,0.111,0.346,101.421,3
spotify:track:0lP4HYLmvowOKdsQ7CVkuq,USVI20500136,The Kill,A Beautiful Lie,Thirty Seconds To Mars,2005-08-16,231533,83,false,dy3capua3h7iz6vjq1bo02tbz,2024-01-27T21:22:02Z,,Virgin Records,0.179,0.912,4,-3.881,0,0.0791,0.0014,0.000294,0.582,0.289,182.99,3
spotify:track:23Vf9hNoBN8AacpUUHbiRy,USHR21610807,War,13 Voices,Sum 41,2016-10-07,209666,67,false,dy3capua3h7iz6vjq1bo02tbz,2024-01-27T21:22:12Z,"pop punk,punk,skate punk",Hopeless Records,0.393,0.899,1,-4.105,1,0.0491,0.000811,0,0.313,0.54,175.926,4
spotify:track:5vfjUAhefN7IjHbTvVCT4Z,USRE10500451,Holiday,Holiday,Green Day,2005-03-30,233026,71,false,dy3capua3h7iz6vjq1bo02tbz,2024-01-27T21:22:22Z,"punk,pop punk",Reprise,0.538,0.884,8,-3.251,1,0.031,0.000138,0,0.466,0.736,146.511,4
spotify:track:5sICkBXVmaCQk5aISGR3x1,GBF089190013,Enter Sandman,Metallica,Metallica,1991-08-12,331266,18,false,dy3capua3h7iz6vjq1bo02tbz,2024-01-27T21:22:32Z,"metal,thrash metal,rock,heavy metal,hard rock",Blackened Recordings / Universal Music,0.577,0.828,6,-8.691,0,0.0298,0.00213,0.0114,0.0581,0.604,123.257,4
spotify:track:5CQ30WqJwcep0pYcV4AMNc,USAT21300959,Stairway to Heaven - Remaster,Led Zeppelin IV (Deluxe Edition),Led Zeppelin,1971-11-08,482830,84,false,dy3capua3h7iz6vjq1bo02tbz,2024-01-27T21:23:12Z,"classic rock,rock,hard rock,rock and roll",Atlantic Records,0.338,0.34,9,-12.049,0,0.0339,0.58,0.0032,0.116,0.197,82.433,4
spotify:track:3qiyyUfYe7CRYLucrPmulD,GBAKW7100001,Baba O'Riley,Who's Next (Deluxe Edition),The Who,1971-08-14,300400,78,false,dy3capua3h7iz6vjq1bo02tbz,2024-01-27T21:23:29Z,"classic rock,rock",Polydor Records,0.489,0.724,5,-8.367,1,0.0352,0.313,0.185,0.287,0.15,117.292,4
spotify:track:0upLyFR8Rr52ZpMp5esQoq,USWB11403670,You Really Got Me - 2015 Remaster,Van Halen (Remastered),Van Halen,1978-02-10,156146,71,false,dy3capua3h7iz6vjq1bo02tbz,2024-01-27T21:25:47Z,"glam metal,classic rock,rock,hard rock",Rhino/Warner Records,0.454,0.946,1,-5.978,0,0.13,0.0223,0,0.173,0.647,138.18,4
spotify:track:3WzKJlUiNoVSog0GuP8K1g,DELJ81512919,I Love Rock 'N' Roll (Remastered) - Live,"New Years Live (Remastered) [Live At Ritz, NY, Dec 31 81]",Joan Jett & the Blackhearts,2015-10-20,207032,21,false,dy3capua3h7iz6vjq1bo02tbz,2024-05-21T12:50:08Z,rock,BKC,0.629,0.656,9,-10.572,1,0.0978,0.604,0,0.983,0.672,98.316,4
spotify:track:3hFNHcQOHhoo5OfOX5hPee,USAT29900662,I Want to Know What Love Is - 1999 Remaster,The Complete Atlantic Studio Albums 1977 - 1991,Foreigner,2014-10-13,304786,35,false,dy3capua3h7iz6vjq1bo02tbz,2024-05-21T12:50:08Z,"aor,classic rock",Rhino Atlantic,0.477,0.472,6,-10.036,1,0.0277,0.195,0.00000174,0.131,0.424,81.204,4
spotify:track:1vlTMKVV0FxG6CxGTmSY3t,GBAKW0000051,Life Is A Rollercoaster,Ronan,Ronan Keating,2000-01-01,234826,62,false,dy3capua3h7iz6vjq1bo02tbz,2024-05-21T12:50:08Z,,Polydor Records,0.655,0.791,0,-8.923,1,0.0302,0.1,0.000124,0.334,0.862,118.981,4
spotify:track:7LdKfYRQwxP8TeuZGiP3GP,GBUM71029619,We Are The Champions - Remastered 2011,The Platinum Collection (2011 Remaster),Queen,2011-01-01,186920,10,false,dy3capua3h7iz6vjq1bo02tbz,2024-05-21T12:50:08Z,"classic rock,rock,glam rock",EMI,0.469,0.485,10,-6.913,1,0.0295,0.405,0,0.108,0.178,94.636,3
spotify:track:0KQx6HOpJueiSkztcS0r7D,USJAY0100057,Fallin',Songs In A Minor,Alicia Keys,2001-06-05,210200,82,false,dy3capua3h7iz6vjq1bo02tbz,2026-10-04T11:38:28Z,"r&b,neo soul",J Records,0.652,0.609,11,-7.519,0,0.037,0.263,0.00101,0.233,0.482,95.986,3
spotify:track:1kPoNSnxGFq5UZbGyNymsK,JPU902205126,River,River,Anonymouz,2023-01-17,197997,52,false,dy3capua3h7iz6vjq1bo02tbz,2025-08-01T17:45:12Z,anime,Sony Music Labels Inc.,0.485,0.778,7,-3.359,1,0.0338,0.035,0,0.32,0.469,88.053,4
spotify:track:61JiZKqd6YOukUanjQg70K,GBUM71501270,Real,Communion (Deluxe),Olly Alexander (Years & Years),2015-07-10,250346,39,false,dy3capua3h7iz6vjq1bo02tbz,2024-05-21T12:51:16Z,,Polydor Records,0.74,0.593,0,-7.891,1,0.0484,0.00332,0.00000827,0.104,0.574,113.983,4
spotify:track:33IQnmtJYjCcrvUUMQgi80,GBUM70911955,Fight For This Love,3 Words,Cheryl,2009-01-01,223253,70,false,,1970-01-01T00:00:00Z,,Polydor Records,0.739,0.741,7,-5.873,1,0.0912,0.013,0,0.0679,0.727,122.988,4
spotify:track:4kHhC8x1CakRsiRJhsEDIU,QZDA41909119,Not Enough,Not Enough,SadBoyProlific,2019-01-27,108120,0,true,,1970-01-01T00:00:00Z,,FRTYFVE,0.844,0.402,11,-8.643,0,0.109,0.92,0,0.102,0.471,91.044,4
spotify:track:314I2nRSP6p78j9wDyCEAp,USUYG1351765,TheWaitingGame,BURDEN,BONES,2021-01-29,129306,38,true,,1970-01-01T00:00:00Z,"cloud rap,emo rap,horrorcore,trap metal,underground hip hop",TeamSESH / EMPIRE,0.676,0.493,4,-8.34,0,0.0298,0.0314,0.00125,0.105,0.245,135.057,4
spotify:track:6MxMqCgqmekcr0VwSU7AVH,USUM71910924,Time,The Search,NF,2019-07-26,240428,71,false,,1970-01-01T00:00:00Z,christian hip hop,NF Real Music,0.677,0.688,0,-4.058,0,0.0633,0.138,0,0.114,0.198,98.049,4
spotify:track:2kJwzbxV2ppxnQoYw4GLBZ,USQX91902708,If the World Was Ending (feat. Julia Michaels),If the World Was Ending (feat. Julia Michaels),JP Saxe;Julia Michaels,2019-10-17,208687,75,false,,1970-01-01T00:00:00Z,,Arista Records,0.464,0.473,1,-10.086,1,0.129,0.866,0,0.109,0.604,75.801,4
spotify:track:5sF7hdYvhrcgNq8NZjfK8L,USAT21401449,Not About Angels,Not About Angels,Birdy,2014-04-13,189475,72,false,,1970-01-01T00:00:00Z,,Atlantic Records,0.405,0.111,0,-11.879,1,0.0369,0.964,0.0000437,0.0872,0.219,116.86,4
spotify:track:0wXuerDYiBnERgIpbb3JBR,USYAH1600107,Redbone,"""Awaken, My Love!""",Childish Gambino,2016-12-02,326933,5,true,dy3capua3h7iz6vjq1bo02tbz,2024-01-19T09:11:26Z,,Glassnote Entertainment Group LLC,0.743,0.344,1,-11.174,1,0.118,0.169,0.00879,0.103,0.577,160.15,4
spotify:track:4IO2X2YoXoUMv0M2rwomLC,USUM71804186,Long Time - Intro,Die Lit,Playboi Carti,2018-05-11,211773,77,true,dy3capua3h7iz6vjq1bo02tbz,2024-01-19T09:11:26Z,rage rap,AWGE Label,0.472,0.861,4,-3.966,0,0.0447,0.283,0,0.83,0.358,144.077,4
spotify:track:2LMkwUfqC6S6s6qDVlEuzV,QZ5C81600014,White Ferrari,Blonde,Frank Ocean,2016-08-20,248807,86,false,dy3capua3h7iz6vjq1bo02tbz,2024-01-19T09:11:26Z,,Boys Don't Cry,0.501,0.0958,0,-15.605,1,0.0433,0.77,0,0.298,0.204,108.741,4
spotify:track:6NMtzpDQBTOfJwMzgMX0zl,USSM11806664,SKELETONS,ASTROWORLD,Travis Scott,2018-08-03,145588,76,true,dy3capua3h7iz6vjq1bo02tbz,2024-01-19T09:11:26Z,rap,Cactus Jack / Epic,0.46,0.686,0,-5.948,0,0.0367,0.00146,0,0.375,0.252,148.054,4
spotify:track:1wlESjQomRltAg1E71X4ME,QZFYY1948354,3 in tha Morn',Keahonui,Dbangz,2019-07-01,125250,0,true,dy3capua3h7iz6vjq1bo02tbz,2024-01-19T09:11:26Z,,iAloha Records LLC,0.742,0.526,8,-9.387,1,0.236,0.622,0.00022,0.109,0.668,92.209,4
spotify:track:6GnhWMhgJb7uyiiPEiEkDA,USWB11508643,Weekend (feat. Miguel),GO:OD AM,Mac Miller;Miguel,2015-09-18,208080,78,true,dy3capua3h7iz6vjq1bo02tbz,2024-01-19T09:11:26Z,r&b,Warner Records,0.843,0.435,8,-8.442,1,0.178,0.47,0,0.147,0.19,120.058,4
spotify:track:6m9qPYXmhge2QhBLfFKnVF,TCACO1667432,Same Drugs,Coloring Book,Chance the Rapper,2016-05-27,257775,60,false,dy3capua3h7iz6vjq1bo02tbz,2024-01-19T09:11:26Z,,Chance the Rapper,0.461,0.293,6,-9.52,1,0.0555,0.947,0.00000995,0.0936,0.531,180.297,4
spotify:track:2wXgZB0bW64cdPiqZttfFG,QZHNB2314876,Shanghai,Shanghai,A$AP ANT,2018-08-17,130007,1,true,dy3capua3h7iz6vjq1bo02tbz,2024-01-19T09:11:26Z,cloud rap,Duetti,0.838,0.615,2,-7.876,0,0.214,0.503,0,0.31,0.363,125.039,4
spotify:track:4tqcoej1zPvwePZCzuAjJd,USQX91402592,Wet Dreamz,2014 Forest Hills Drive,J. Cole,2014-12-09,239266,83,true,dy3capua3h7iz6vjq1bo02tbz,2024-01-19T09:11:26Z,rap,Roc Nation Records LLC,0.495,0.722,6,-8.108,0,0.357,0.0697,0,0.113,0.539,175.627,4
spotify:track:0f6YeGWZMfFJ0PieTY6Y2R,GX53U2002176,Trust Issues,Trust Issues,Ronzo;BlixzBeatz,2021-10-08,120000,0,true,dy3capua3h7iz6vjq1bo02tbz,2024-01-19T09:11:26Z,"uk drill,drill",Duetti,0.775,0.618,11,-8.858,0,0.354,0.839,0,0.184,0.69,144.14,4
spotify:track:02tRJnoi50evHvcOlCFdVm,QZNB82064544,Way Of Life,Way Of Life,Oren Major;Mama Only Son,2020-09-25,201701,0,true,dy3capua3h7iz6vjq1bo02tbz,2024-01-19T09:11:26Z,,Duetti,0.851,0.436,2,-11.129,1,0.282,0.0825,0,0.113,0.194,137.951,4
spotify:track:474uVhyGgK5MtY9gMcDgGl,USAT21800165,It's Called: Freefall,"How to: Friend, Love, Freefall",Rainbow Kitten Surprise,2018-04-06,152293,79,true,dy3capua3h7iz6vjq1bo02tbz,2024-01-19T09:11:26Z,,Elektra (NEK),0.744,0.516,2,-6.365,1,0.0513,0.632,0,0.605,0.281,97.944,4
spotify:track:0Pv74CMj2DbE7HMb5nhHhd,TCADT1830988,I Am,8=Infinity,Loutribe Jigg,2019-04-24,210869,0,true,dy3capua3h7iz6vjq1bo02tbz,2024-01-19T09:11:26Z,,Loutribe Jigg,0.763,0.547,11,-11.82,0,0.216,0.116,0.0000635,0.109,0.239,138.054,3
spotify:track:5VlTQnZO89Ioku8ssdbqJk,QM24S2006908,Dead Man Walking,Dead Man Walking,Brent Faiyaz,2020-09-18,247079,65,true,dy3capua3h7iz6vjq1bo02tbz,2024-01-19T09:11:26Z,r&b,Lost Kids,0.505,0.267,9,-13.763,0,0.05,0.279,0,0.096,0.439,143.929,4
spotify:track:4j8NMLIzPyNtGDmVBcz5ER,QM24S1705885,Best Me,Apologies in Advance,Sylvan LaCue,2018-01-12,251076,0,true,dy3capua3h7iz6vjq1bo02tbz,2024-01-19T09:11:26Z,,WiseUp & Co. / Blame The Label,0.748,0.455,1,-9.315,1,0.176,0.627,0.0000017,0.108,0.13,130.102,4
spotify:track:64gyqTtDDel7B2NoEkOa0A,USQY51374457,Objects in the Mirror,Watching Movies with the Sound Off (Deluxe Edition),Mac Miller,2013-06-18,259143,1,true,dy3capua3h7iz6vjq1bo02tbz,2024-01-19T09:11:26Z,,Rostrum Records,0.645,0.658,1,-6.625,1,0.0532,0.623,0.0000202,0.107,0.19,77.021,4
spotify:track:6n3HGiq4v35D6eFOSwqYuo,USCM51700048,Teenage Fever,More Life,Drake,2017-03-18,219692,83,true,dy3capua3h7iz6vjq1bo02tbz,2024-01-19T09:11:26Z,rap,Cash Money Records/Young Money Ent./Universal Rec.,0.766,0.283,8,-10.33,0,0.0846,0.111,0.0172,0.115,0.144,97.04,4
spotify:track:4kNewcbitjRKrPQDsYYqqc,QM24S2002153,Diva,Diva,Desiigner,2020-03-06,150260,41,true,dy3capua3h7iz6vjq1bo02tbz,2024-01-19T09:11:26Z,,Duetti,0.686,0.349,9,-12.523,0,0.0351,0.0971,0,0.279,0.605,115.047,4
spotify:track:0jFxJ1US3dmwQn7DJi269h,USA2P1829656,Fight the Feeling (feat. Kendrick Lamar & Iman Omari),Macadelic,Mac Miller;Kendrick Lamar;Iman Omari,2012-03-23,301769,1,true,dy3capua3h7iz6vjq1bo02tbz,2024-01-19T09:11:26Z,"hip hop,west coast hip hop,indie r&b,alternative r&b",Rostrum Records,0.569,0.881,11,-5.873,0,0.365,0.111,0,0.655,0.811,148.067,4
spotify:track:1gbXWR0SEbepJCtFbT6LYe,TCAEG1944765,Feeling,Feeling,Smith Blaxk,2019-06-05,178285,0,true,dy3capua3h7iz6vjq1bo02tbz,2024-01-19T09:11:26Z,,Duetti,0.933,0.378,9,-14.296,0,0.194,0.57,0.0000188,0.0955,0.452,140.018,4
spotify:track:50a8bKqlwDEqeiEknrzkTO,QZ45A1700093,ball w/o you,i am > i was,21 Savage,2018-12-21,195046,78,true,dy3capua3h7iz6vjq1bo02tbz,2024-01-19T09:11:26Z,,"Slaughter Gang, LLC/Epic Records",0.892,0.633,8,-7.471,1,0.0902,0.0467,0.000189,0.139,0.459,137.994,4
spotify:track:6xjk6QNl9kbcD6NA2XNCJb,QM4DW1849809,Gelato,Gelato,Johnny 2 Phones;Suave the Don,2018-04-05,195062,0,true,dy3capua3h7iz6vjq1bo02tbz,2024-01-19T09:11:26Z,,Duetti,0.74,0.686,6,-8.019,0,0.301,0.0919,0,0.357,0.79,160.038,4
spotify:track:7umZiitjVsEjMQ6HNddpUI,QMKSC1700112,Love Is Only a Feeling,Love Is Only a Feeling,Joey Bada$$,2017-07-06,152041,76,true,dy3capua3h7iz6vjq1bo02tbz,2024-01-19T09:11:26Z,"hip hop,jazz rap,rap",Pro Era,0.629,0.676,1,-7.088,0,0.191,0.53,0.000325,0.701,0.497,90.377,4
spotify:track:7JXZq0JgG2zTrSOAgY8VMC,USCM51500037,Jungle,If You're Reading This It's Too Late,Drake,2015-02-12,320400,77,true,dy3capua3h7iz6vjq1bo02tbz,2024-01-19T09:11:26Z,rap,Cash Money Records/Young Money Ent./Universal Rec.,0.697,0.235,7,-8.651,1,0.0534,0.62,0.000144,0.107,0.378,99.947,4
spotify:track:13VfA9JqE8EBzxMDJaMfFs,GX3Q92155920,T'd Rn,Now You See Me,Ghost 674,2021-08-03,127111,0,true,dy3capua3h7iz6vjq1bo02tbz,2024-01-19T09:11:26Z,,Duetti,0.893,0.444,11,-14.56,0,0.213,0.096,0,0.117,0.698,136.11,4
spotify:track:5fEB6ZmVkg63GZg9qO86jh,USWB11302160,Break from Toronto,PARTYNEXTDOOR,PARTYNEXTDOOR,2013-07-01,99213,83,true,dy3capua3h7iz6vjq1bo02tbz,2024-01-19T09:11:26Z,"dark r&b,r&b,trap soul",OVO Sound,0.595,0.678,9,-5.18,1,0.0335,0.0199,0.00389,0.418,0.259,117.067,4
spotify:track:5G3PcSEieqOwKlnmGD51aU,TCAES2096744,Pdl,Pdl,Bill $Aber,2020-03-29,89234,43,true,dy3capua3h7iz6vjq1bo02tbz,2024-01-19T09:11:26Z,"trap metal,horrorcore",Duetti,0.979,0.523,8,-10.263,0,0.131,0.0058,0.002,0.101,0.492,125.018,4
spotify:track:3zakx7RAwdkUQlOoQ7SJRt,QM24S2100085,"GRAVITY (FEAT. TYLER, THE CREATOR)",WASTELAND,"Brent Faiyaz;Dahi;Tyler, The Creator",2022-07-08,214692,68,true,dy3capua3h7iz6vjq1bo02tbz,2024-01-19T09:11:26Z,r&b,"Lost Kids LLC., Marketed by Venice / Stem",0.541,0.619,1,-8.746,0,0.254,0.167,0.00633,0.144,0.491,163.908,4
spotify:track:5Zjte5tKgUPBSUAdtHBfIL,QM42K1726061,Rigor Mortis,Antagonist,Original God,2017-11-01,144148,0,false,dy3capua3h7iz6vjq1bo02tbz,2024-01-19T09:11:26Z,"trap metal,emo rap",Duetti,0.677,0.962,7,-0.814,1,0.284,0.11,0.325,0.496,0.508,95.025,4
spotify:track:6IpvkngH89cA3hhPC84Leg,QMEU31815210,Wish - Trippie Mix,LIFE'S A TRIP,Diplo;Trippie Redd,2018-08-10,176874,1,true,dy3capua3h7iz6vjq1bo02tbz,2024-01-19T09:11:26Z,"moombahton,melodic rap","TenThousand Projects, LLC",0.561,0.832,9,-7.661,1,0.0711,0.233,0,0.107,0.668,93.991,4
spotify:track:7rbECVPkY5UODxoOUVKZnA,USUM70749085,I Wonder,Graduation,Kanye West,2007-09-11,243440,85,true,dy3capua3h7iz6vjq1bo02tbz,2024-01-19T09:11:26Z,rap,Roc-A-Fella,0.542,0.466,0,-8.668,1,0.0824,0.141,0.000444,0.125,0.127,191.386,4
spotify:track:6vnfObZ4Ys70SBAtti1xZ9,USSM11806672,COFFEE BEAN,ASTROWORLD,Travis Scott,2018-08-03,209115,68,true,dy3capua3h7iz6vjq1bo02tbz,2024-01-19T09:11:26Z,rap,Cactus Jack / Epic,0.81,0.582,5,-5.098,0,0.125,0.0862,0.00681,0.207,0.503,95.004,4
spotify:track:6efkcs2aUBMFKxl0cl2JWQ,USUG11700151,Wild Irish Roses,blkswn,Smino,2017-03-14,169319,62,true,dy3capua3h7iz6vjq1bo02tbz,2024-01-19T09:11:26Z,,Downtown JV,0.635,0.295,0,-11.237,0,0.543,0.561,0.0000324,0.3,0.636,86.673,4
spotify:track:6hzbRKhJHo6cfCHSnNaDS8,USWB11601442,"God Is Fair, Sexy Nasty (feat. Kendrick Lamar)",The Divine Feminine,Mac Miller;Kendrick Lamar,2016-09-16,500960,68,true,dy3capua3h7iz6vjq1bo02tbz,2024-01-19T09:11:26Z,"hip hop,west coast hip hop",Warner Records,0.467,0.41,2,-12.028,1,0.185,0.328,0.0000428,0.113,0.136,95.931,4
spotify:track:2JmFRXaJrkAUD2cs6U20KG,USWB11801220,Jet Fuel,Swimming,Mac Miller,2018-08-03,345213,71,true,dy3capua3h7iz6vjq1bo02tbz,2024-01-19T09:11:26Z,,Warner Records,0.791,0.557,7,-9.622,0,0.0698,0.54,0,0.103,0.284,119.973,4
spotify:track:1jzIJcHCXneHw7ojC6LXiF,USQX91802454,Potato Salad,Potato Salad,"Tyler, The Creator;A$AP Rocky",2018-09-28,182493,67,true,dy3capua3h7iz6vjq1bo02tbz,2024-01-19T09:11:26Z,rap,Columbia/RCA,0.538,0.612,2,-6.02,1,0.424,0.308,0,0.213,0.684,168.197,4
spotify:track:2xyBvir9n474qfsOkxXMgx,USUM71703106,Flex,Playboi Carti,Playboi Carti;Leven Kali,2017-04-14,240459,71,true,dy3capua3h7iz6vjq1bo02tbz,2024-01-19T09:11:26Z,rage rap,AWGE Label,0.75,0.596,0,-5.569,0,0.282,0.478,0,0.166,0.27,130.104,4
spotify:track:4osgfFTICMkcGbbigdsa53,USUM71107257,Novacane,Novacane,Frank Ocean,2011-05-31,302346,85,true,dy3capua3h7iz6vjq1bo02tbz,2024-01-19T09:11:26Z,,Red Zone Entertainment / IDJ,0.762,0.508,3,-9.112,1,0.0919,0.0584,0.00126,0.16,0.37,93.51,4
spotify:track:4bEcoz1OcfMgUbp2ft8ieQ,USQX91701281,911 / Mr. Lonely (feat. Frank Ocean & Steve Lacy),Flower Boy,"Tyler, The Creator;Frank Ocean;Steve Lacy",2017-07-21,255653,70,true,dy3capua3h7iz6vjq1bo02tbz,2024-01-19T09:11:26Z,,Columbia,0.48,0.61,0,-7.042,1,0.305,0.0456,0,0.313,0.297,90.034,4
spotify:track:6FBzhcfgGacfXF3AmtfEaX,TCACH1579144,C U Girl,C U Girl,Steve Lacy,2015-02-15,129697,79,false,dy3capua3h7iz6vjq1bo02tbz,2024-01-19T09:11:26Z,,L-M Records,0.414,0.473,11,-8.911,0,0.116,0.663,0.0523,0.128,0.409,100,4
spotify:track:4gT3mNJA8lnlkYFqGZ8IA2,USWB11801087,Small Worlds,Swimming,Mac Miller,2018-08-03,271733,78,true,dy3capua3h7iz6vjq1bo02tbz,2024-01-19T09:11:26Z,,Warner Records,0.516,0.546,5,-9.105,1,0.249,0.814,0.0000045,0.0995,0.515,78.267,4
spotify:track:6IZvVAP7VPPnsGX6bvgkqg,USUM71703084,PRIDE.,DAMN.,Kendrick Lamar,2017-04-14,275253,81,true,dy3capua3h7iz6vjq1bo02tbz,2024-01-19T09:11:26Z,"hip hop,west coast hip hop",Aftermath,0.665,0.535,4,-7.056,0,0.0572,0.0786,0.0000168,0.154,0.37,138.842,4
spotify:track:787rCZF9i4L1cXGMkdyIk4,USRC11201447,LVL,LONG.LIVE.A$AP (Deluxe Version),A$AP Rocky,2013,220133,80,true,dy3capua3h7iz6vjq1bo02tbz,2024-01-19T09:11:26Z,rap,A$AP Worldwide/Polo Grounds Music/RCA Records,0.597,0.427,5,-6.764,0,0.0536,0.18,0.0000133,0.121,0.0997,120.085,4
spotify:track:0NrtwAmRAdLxua31SzHvXr,USUM70749106,Everything I Am,Graduation,Kanye West;DJ Premier,2007-09-11,227893,76,true,dy3capua3h7iz6vjq1bo02tbz,2024-01-19T09:11:26Z,"rap,east coast hip hop",Roc-A-Fella,0.631,0.623,8,-6.971,1,0.264,0.466,0.00000161,0.151,0.765,80.23,4
spotify:track:2J6OF7CkpdQGSfm1wdclqn,QM24S1927163,Clouded,Fuck The World,Brent Faiyaz,2020-02-07,110128,76,true,dy3capua3h7iz6vjq1bo02tbz,2024-01-19T09:11:26Z,r&b,Lost Kids,0.583,0.344,2,-8.765,1,0.0559,0.774,0,0.143,0.581,65.203,3
spotify:track:7wTA0NKIm6T7nP2kaymU2a,USUM71912972,Sacrifices (with EARTHGANG & J. Cole feat. Smino & Saba),Revenge Of The Dreamers III,Dreamville;EARTHGANG;J. Cole;Smino;Saba,2019-07-05,382306,65,true,dy3capua3h7iz6vjq1bo02tbz,2024-01-19T09:11:26Z,rap,Dreamville/Interscope Records,0.825,0.672,0,-7.108,1,0.418,0.0858,0,0.123,0.246,147.01,4
spotify:track:3cjF2OFRmip8spwZYQRKxP,USCM51600067,Feel No Ways,Views,Drake,2016-05-06,240653,78,true,dy3capua3h7iz6vjq1bo02tbz,2024-01-19T09:11:26Z,rap,Cash Money Records/Young Money Ent./Universal Rec.,0.582,0.677,7,-7.081,1,0.172,0.0312,0.0000066,0.122,0.205,193.818,4
spotify:track:3Zau3JcrZcBfw8aVjKGkSX,USUG11700177,Amphetamine,blkswn,Smino,2017-03-14,469830,60,true,dy3capua3h7iz6vjq1bo02tbz,2024-01-19T09:11:26Z,,Downtown JV,0.617,0.531,5,-9.553,1,0.522,0.715,0.0000126,0.0953,0.404,119.951,4
spotify:track:388jD8ko9cvFM9cd9TYDrl,USWB11508648,ROS,GO:OD AM,Mac Miller,2015-09-18,343213,71,true,dy3capua3h7iz6vjq1bo02tbz,2024-01-19T09:11:26Z,,Warner Records,0.535,0.448,1,-8.919,0,0.175,0.601,0,0.376,0.284,120.554,4
spotify:track:4MXhiYIRDMGAuvZc5IFTwC,USSM11806668,ASTROTHUNDER,ASTROWORLD,Travis Scott,2018-08-03,142969,77,true,dy3capua3h7iz6vjq1bo02tbz,2024-01-19T09:11:26Z,rap,Cactus Jack / Epic,0.7,0.46,4,-8.111,0,0.0661,0.142,0.0000481,0.111,0.286,151.901,4
spotify:track:00I0pcNkN3IOX3fsYbaB4N,USUG11801984,Infatuation,The Last Rocket,Takeoff,2018-11-02,221892,54,true,dy3capua3h7iz6vjq1bo02tbz,2024-01-19T09:11:26Z,,Quality Control Music/Motown Records/Capitol Records,0.629,0.608,2,-7.247,0,0.077,0.0724,0,0.0874,0.419,103.022,4
spotify:track:5QvBXUm5MglLJ3iBfTX2Wo,USQX91901114,RUNNING OUT OF TIME,IGOR,"Tyler, The Creator",2019-05-17,177219,73,true,dy3capua3h7iz6vjq1bo02tbz,2024-01-19T09:11:26Z,,Columbia,0.36,0.391,6,-10.6,1,0.0528,0.296,0.000406,0.129,0.162,84.281,4
spotify:track:593W4qZOwwdqF6YnimJjL6,USRC11701112,Doves In The Wind (feat. Kendrick Lamar),Ctrl,SZA;Kendrick Lamar,2017-06-09,266072,68,true,dy3capua3h7iz6vjq1bo02tbz,2024-01-19T09:11:26Z,"r&b,hip hop,west coast hip hop",Top Dawg Entertainment/RCA Records,0.693,0.713,10,-4.489,0,0.351,0.343,0,0.102,0.615,137.335,4
spotify:track:7eqoqGkKwgOaWNNHx90uEZ,QZ5C81600009,Nights,Blonde,Frank Ocean,2016-08-20,307151,86,true,dy3capua3h7iz6vjq1bo02tbz,2024-01-19T09:11:26Z,,Boys Don't Cry,0.457,0.551,5,-9.36,0,0.167,0.427,0.00000115,0.113,0.428,89.87,4
spotify:track:1UGD3lW3tDmgZfAVDh6w7r,USUM71027277,Devil In A New Dress,My Beautiful Dark Twisted Fantasy,Kanye West;Rick Ross,2010-11-22,351946,82,true,dy3capua3h7iz6vjq1bo02tbz,2024-01-19T09:11:26Z,"rap,southern hip hop",Roc-A-Fella,0.435,0.76,8,-4.935,0,0.0721,0.0175,0,0.158,0.206,80.082,4
spotify:track:6tZ3b7ik1QDXFAZlXib0YZ,QMJMT1801601,Kevin’s Heart,KOD,J. Cole,2018-04-20,200309,70,true,dy3capua3h7iz6vjq1bo02tbz,2024-01-19T09:11:26Z,rap,J. Cole P&D,0.829,0.527,6,-6.644,0,0.367,0.482,0,0.631,0.475,116.079,4
spotify:track:1VGzxJnVQND7Cg5H5wGj14,USUYG1194991,YEAH RIGHT,BALLADS 1,Joji,2018-10-26,174357,3,true,dy3capua3h7iz6vjq1bo02tbz,2024-01-19T09:11:26Z,,88rising Music/Warner Records,0.672,0.588,1,-9.573,1,0.133,0.619,0.241,0.0992,0.204,169.033,4
spotify:track:76MjtLfZoTNc3BDqUVjuRH,USAT22005196,Patek,Patek,Future;Lil Uzi Vert,2020-07-30,280665,50,true,dy3capua3h7iz6vjq1bo02tbz,2024-01-19T09:11:26Z,"rap,trap,melodic rap,rage rap",Generation Now/Atlantic,0.801,0.596,1,-4.72,1,0.0534,0.00301,0,0.162,0.134,120.028,4
spotify:track:6CUP2khYzdphXebxVTfPE3,USAT22001355,Lo Mein,Eternal Atake,Lil Uzi Vert,2020-03-06,195299,67,true,dy3capua3h7iz6vjq1bo02tbz,2024-01-19T09:11:26Z,"melodic rap,rage rap",Generation Now/Atlantic,0.855,0.676,1,-5.736,1,0.325,0.0888,0,0.144,0.509,133.082,4
spotify:track:2q0VexHJirnUPnEOhr2DxK,QM24S1701050,Biking,Biking,"Frank Ocean;JAŸ-Z;Tyler, The Creator",2017-04-10,277520,67,true,dy3capua3h7iz6vjq1bo02tbz,2024-01-19T09:11:26Z,"hip hop,east coast hip hop,rap",Blonded,0.673,0.463,2,-7.247,1,0.191,0.681,0.0000049,0.0907,0.268,147.981,4
spotify:track:34xTFwjPQ1dC6uJmleno7x,QZ5C81600016,Godspeed,Blonde,Frank Ocean,2016-08-20,177922,79,false,dy3capua3h7iz6vjq1bo02tbz,2024-01-19T09:11:26Z,,Boys Don't Cry,0.399,0.0969,6,-12.578,1,0.0509,0.929,0.000168,0.121,0.0758,109.54,4
spotify:track:3uouaAVXpQR3X8RYkJyitQ,QM6N21983282,CYANIDE,CASE STUDY 01,Daniel Caesar,2019-06-28,194959,3,true,dy3capua3h7iz6vjq1bo02tbz,2024-01-19T09:11:26Z,,Golden Child Recordings,0.589,0.652,10,-7.498,1,0.373,0.704,0.00055,0.125,0.486,158.49,4
spotify:track:0oufSLnKQDoBFX5mgkDCgR,QM24S1837815,Trust,Lost,Brent Faiyaz,2018-10-19,158420,76,true,dy3capua3h7iz6vjq1bo02tbz,2024-01-19T09:11:26Z,r&b,Lost Kids / Human Re Sources,0.764,0.394,8,-8.559,1,0.152,0.231,0.0000937,0.117,0.465,92.009,4
spotify:track:29GefKRTSVW3ag4Xegm8jP,USQY51771120,Nikes On My Feet,K.I.D.S.,Mac Miller,2010-08-13,164631,1,true,dy3capua3h7iz6vjq1bo02tbz,2024-01-19T09:11:26Z,,Rostrum Records,0.8,0.569,9,-5.104,0,0.265,0.563,0,0.111,0.589,92.063,4
spotify:track:2INhKpUdzh7v0j041gZNsz,QM24S1926144,DHL,DHL,Frank Ocean,2019-10-19,268893,62,true,dy3capua3h7iz6vjq1bo02tbz,2024-01-19T09:11:26Z,,Blonded,0.819,0.458,4,-10.223,0,0.167,0.582,0.173,0.128,0.232,122.981,4
spotify:track:3aUFrxO1B8EW63QchEl3wX,USUM71808242,Feel The Love,KIDS SEE GHOSTS,KIDS SEE GHOSTS;Pusha T,2018-06-08,165053,60,true,dy3capua3h7iz6vjq1bo02tbz,2024-01-19T09:11:26Z,,"Getting Out Our Dreams, Inc./Def Jam Recordings",0.58,0.469,0,-5.946,0,0.104,0.126,0.0000732,0.099,0.369,110.573,4
spotify:track:4wVOKKEHUJxHCFFNUWDn0B,USUG12001407,Chicago Freestyle (feat. Giveon),Dark Lane Demo Tapes,Drake;GIVĒON,2020-05-01,220487,79,true,dy3capua3h7iz6vjq1bo02tbz,2024-01-19T09:11:26Z,"rap,r&b",OVO,0.735,0.449,10,-7.507,1,0.347,0.629,0,0.113,0.0397,122.947,4
spotify:track:51EC3I1nQXpec4gDk0mQyP,USSM11506731,90210 (feat. Kacy Hill),Rodeo,Travis Scott;Kacy Hill,2015-09-04,339066,82,true,dy3capua3h7iz6vjq1bo02tbz,2024-01-19T09:11:26Z,rap,Cactus Jack / Epic,0.402,0.527,9,-6.737,0,0.0917,0.113,0.00000848,0.105,0.31,81.42,4
spotify:track:435yU2MvEGfDdmbH0noWZ0,USUYG1161726,worldstar money (interlude),In Tongues,Joji,2017-11-03,126312,6,true,dy3capua3h7iz6vjq1bo02tbz,2024-01-19T09:11:26Z,,88rising Music / EMPIRE,0.577,0.387,7,-8.607,1,0.274,0.964,0.705,0.208,0.459,146.565,1
spotify:track:5QO79kh1waicV47BqGRL3g,USUG12000658,Save Your Tears,After Hours,The Weeknd,2020-03-20,215626,89,true,dy3capua3h7iz6vjq1bo02tbz,2025-02-09T10:56:59Z,,Republic Records,0.679,0.825,0,-5.487,1,0.0309,0.0212,0.0000121,0.543,0.644,118.049,4
spotify:track:37F0uwRSrdzkBiuj0D5UHI,USUG11600998,Reminder,Starboy,The Weeknd,2016-11-25,218880,84,true,dy3capua3h7iz6vjq1bo02tbz,2025-02-09T10:57:24Z,,The Weeknd/Lyric,0.705,0.505,8,-6.923,1,0.193,0.142,0,0.164,0.388,160.053,4
spotify:track:2LBqCSwhJGcFQeTHMVGwy3,USUG11600995,Die For You,Starboy,The Weeknd,2016-11-24,260253,88,false,dy3capua3h7iz6vjq1bo02tbz,2025-02-09T10:58:56Z,,The Weeknd/Lyric,0.586,0.525,1,-7.163,0,0.0615,0.111,0,0.134,0.508,133.629,4
,,undefined,undefined,undefined,,,,,dy3capua3h7iz6vjq1bo02tbz,2025-02-09T12:18:23Z,,undefined,,,,,,,,,,,,
